site_id,no2,date,time
UKA00559,6.91943,01/01/2018,01:00:00
UKA00559,4.9361,01/01/2018,02:00:00
UKA00559,4.70531,01/01/2018,03:00:00
UKA00559,2.05204,01/01/2018,04:00:00
UKA00559,2.05068,01/01/2018,05:00:00
UKA00559,2.20506,01/01/2018,06:00:00
UKA00559,5.67248,01/01/2018,07:00:00
UKA00559,6.14995,01/01/2018,08:00:00
UKA00559,9.08481,01/01/2018,09:00:00
UKA00559,11.91765,01/01/2018,10:00:00
UKA00559,10.72669,01/01/2018,11:00:00
UKA00559,10.8355,01/01/2018,12:00:00
UKA00559,12.95695,01/01/2018,13:00:00
UKA00559,8.91684,01/01/2018,14:00:00
UKA00559,10.05062,01/01/2018,15:00:00
UKA00559,10.24242,01/01/2018,16:00:00
UKA00559,6.62878,01/01/2018,17:00:00
UKA00559,6.78452,01/01/2018,18:00:00
UKA00559,6.10166,01/01/2018,19:00:00
UKA00559,5.278,01/01/2018,20:00:00
UKA00559,5.85749,01/01/2018,21:00:00
UKA00559,6.38869,01/01/2018,22:00:00
UKA00559,6.29618,01/01/2018,23:00:00
UKA00559,3.87757,01/01/2018,24:00:00
UKA00559,2.93804,02/01/2018,01:00:00
UKA00559,2.92889,02/01/2018,02:00:00
UKA00559,3.16111,02/01/2018,03:00:00
UKA00559,2.86999,02/01/2018,04:00:00
UKA00559,4.94649,02/01/2018,05:00:00
UKA00559,9.2899,02/01/2018,06:00:00
UKA00559,16.65915,02/01/2018,07:00:00
UKA00559,25.66917,02/01/2018,08:00:00
UKA00559,29.5711,02/01/2018,09:00:00
UKA00559,31.72934,02/01/2018,10:00:00
UKA00559,25.73993,02/01/2018,11:00:00
UKA00559,18.11799,02/01/2018,12:00:00
UKA00559,19.33486,02/01/2018,13:00:00
UKA00559,20.23566,02/01/2018,14:00:00
UKA00559,19.7223,02/01/2018,15:00:00
UKA00559,21.96837,02/01/2018,16:00:00
UKA00559,16.47422,02/01/2018,17:00:00
UKA00559,15.78443,02/01/2018,18:00:00
UKA00559,30.41537,02/01/2018,19:00:00
UKA00559,10.62008,02/01/2018,20:00:00
UKA00559,7.873,02/01/2018,21:00:00
UKA00559,5.52597,02/01/2018,22:00:00
UKA00559,4.27316,02/01/2018,23:00:00
UKA00559,1.61718,02/01/2018,24:00:00
UKA00559,1.06317,03/01/2018,01:00:00
UKA00559,0.99878,03/01/2018,02:00:00
UKA00559,0.26895,03/01/2018,03:00:00
UKA00559,0.46212,03/01/2018,04:00:00
UKA00559,0.46212,03/01/2018,05:00:00
UKA00559,1.1837,03/01/2018,06:00:00
UKA00559,2.28607,03/01/2018,07:00:00
UKA00559,3.83276,03/01/2018,08:00:00
UKA00559,4.45776,03/01/2018,09:00:00
UKA00559,3.58437,03/01/2018,10:00:00
UKA00559,3.67402,03/01/2018,11:00:00
UKA00559,4.8799,03/01/2018,12:00:00
UKA00559,4.10309,03/01/2018,13:00:00
UKA00559,4.15138,03/01/2018,14:00:00
UKA00559,6.42797,03/01/2018,15:00:00
UKA00559,9.48137,03/01/2018,16:00:00
UKA00559,8.12785,03/01/2018,17:00:00
UKA00559,10.82797,03/01/2018,18:00:00
UKA00559,8.75979,03/01/2018,19:00:00
UKA00559,7.98021,03/01/2018,20:00:00
UKA00559,7.35658,03/01/2018,21:00:00
UKA00559,6.92751,03/01/2018,22:00:00
UKA00559,6.01138,03/01/2018,23:00:00
UKA00559,4.36257,03/01/2018,24:00:00
UKA00559,3.31642,04/01/2018,01:00:00
UKA00559,2.35247,04/01/2018,02:00:00
UKA00559,1.96172,04/01/2018,03:00:00
UKA00559,3.01851,04/01/2018,04:00:00
UKA00559,4.26987,04/01/2018,05:00:00
UKA00559,8.35917,04/01/2018,06:00:00
UKA00559,20.65018,04/01/2018,07:00:00
UKA00559,28.50896,04/01/2018,08:00:00
UKA00559,26.89157,04/01/2018,09:00:00
UKA00559,21.5677,04/01/2018,10:00:00
UKA00559,24.1516,04/01/2018,11:00:00
UKA00559,9.7554,04/01/2018,12:00:00
UKA00559,5.37076,04/01/2018,13:00:00
UKA00559,6.28548,04/01/2018,14:00:00
UKA00559,5.75008,04/01/2018,15:00:00
UKA00559,6.28968,04/01/2018,16:00:00
UKA00559,7.55083,04/01/2018,17:00:00
UKA00559,11.17683,04/01/2018,18:00:00
UKA00559,13.33591,04/01/2018,19:00:00
UKA00559,13.29462,04/01/2018,20:00:00
UKA00559,11.94388,04/01/2018,21:00:00
UKA00559,14.9295,04/01/2018,22:00:00
UKA00559,16.56998,04/01/2018,23:00:00
UKA00559,16.67356,04/01/2018,24:00:00
UKA00559,12.71292,05/01/2018,01:00:00
UKA00559,4.80645,05/01/2018,02:00:00
UKA00559,3.64747,05/01/2018,03:00:00
UKA00559,4.27101,05/01/2018,04:00:00
UKA00559,6.2481,05/01/2018,05:00:00
UKA00559,9.08876,05/01/2018,06:00:00
UKA00559,16.689,05/01/2018,07:00:00
UKA00559,29.80755,05/01/2018,08:00:00
UKA00559,42.61939,05/01/2018,09:00:00
UKA00559,20.36356,05/01/2018,10:00:00
UKA00559,13.83137,05/01/2018,11:00:00
UKA00559,14.28153,05/01/2018,12:00:00
UKA00559,18.13065,05/01/2018,13:00:00
UKA00559,19.94732,05/01/2018,14:00:00
UKA00559,24.8534,05/01/2018,15:00:00
UKA00559,37.09118,05/01/2018,16:00:00
UKA00559,58.44691,05/01/2018,17:00:00
UKA00559,71.11988,05/01/2018,18:00:00
UKA00559,66.55166,05/01/2018,19:00:00
UKA00559,69.94596,05/01/2018,20:00:00
UKA00559,68.90595,05/01/2018,21:00:00
UKA00559,67.39904,05/01/2018,22:00:00
UKA00559,67.27275,05/01/2018,23:00:00
UKA00559,63.02926,05/01/2018,24:00:00
UKA00559,63.01876,06/01/2018,01:00:00
UKA00559,63.91322,06/01/2018,02:00:00
UKA00559,59.83417,06/01/2018,03:00:00
UKA00559,58.83098,06/01/2018,04:00:00
UKA00559,52.87744,06/01/2018,05:00:00
UKA00559,53.71028,06/01/2018,06:00:00
UKA00559,54.41484,06/01/2018,07:00:00
UKA00559,51.60634,06/01/2018,08:00:00
UKA00559,47.49233,06/01/2018,09:00:00
UKA00559,38.39417,06/01/2018,10:00:00
UKA00559,32.93304,06/01/2018,11:00:00
UKA00559,21.43962,06/01/2018,12:00:00
UKA00559,24.14795,06/01/2018,13:00:00
UKA00559,20.44289,06/01/2018,14:00:00
UKA00559,21.88208,06/01/2018,15:00:00
UKA00559,18.37685,06/01/2018,16:00:00
UKA00559,27.48118,06/01/2018,17:00:00
UKA00559,33.11833,06/01/2018,18:00:00
UKA00559,31.99647,06/01/2018,19:00:00
UKA00559,26.11215,06/01/2018,20:00:00
UKA00559,27.18453,06/01/2018,21:00:00
UKA00559,26.70591,06/01/2018,22:00:00
UKA00559,28.34351,06/01/2018,23:00:00
UKA00559,28.00405,06/01/2018,24:00:00
UKA00559,26.16345,07/01/2018,01:00:00
UKA00559,21.20945,07/01/2018,02:00:00
UKA00559,18.21783,07/01/2018,03:00:00
UKA00559,16.72082,07/01/2018,04:00:00
UKA00559,14.12322,07/01/2018,05:00:00
UKA00559,13.49112,07/01/2018,06:00:00
UKA00559,14.60036,07/01/2018,07:00:00
UKA00559,17.92088,07/01/2018,08:00:00
UKA00559,18.18037,07/01/2018,09:00:00
UKA00559,17.91948,07/01/2018,10:00:00
UKA00559,20.76578,07/01/2018,11:00:00
UKA00559,18.11848,07/01/2018,12:00:00
UKA00559,10.79556,07/01/2018,13:00:00
UKA00559,9.971,07/01/2018,14:00:00
UKA00559,13.47172,07/01/2018,15:00:00
UKA00559,15.13736,07/01/2018,16:00:00
UKA00559,20.2122,07/01/2018,17:00:00
UKA00559,20.20211,07/01/2018,18:00:00
UKA00559,17.98865,07/01/2018,19:00:00
UKA00559,16.93852,07/01/2018,20:00:00
UKA00559,15.13086,07/01/2018,21:00:00
UKA00559,12.8446,07/01/2018,22:00:00
UKA00559,9.96158,07/01/2018,23:00:00
UKA00559,9.47579,07/01/2018,24:00:00
UKA00559,7.36877,08/01/2018,01:00:00
UKA00559,4.98185,08/01/2018,02:00:00
UKA00559,4.88878,08/01/2018,03:00:00
UKA00559,4.99123,08/01/2018,04:00:00
UKA00559,5.99736,08/01/2018,05:00:00
UKA00559,12.56117,08/01/2018,06:00:00
UKA00559,28.36276,08/01/2018,07:00:00
UKA00559,40.6642,08/01/2018,08:00:00
UKA00559,53.70228,08/01/2018,09:00:00
UKA00559,59.7445,08/01/2018,10:00:00
UKA00559,52.71963,08/01/2018,11:00:00
UKA00559,,08/01/2018,12:00:00
UKA00559,,08/01/2018,13:00:00
UKA00559,,08/01/2018,14:00:00
UKA00559,37.89433,08/01/2018,15:00:00
UKA00559,47.14287,08/01/2018,16:00:00
UKA00559,55.01907,08/01/2018,17:00:00
UKA00559,55.03045,08/01/2018,18:00:00
UKA00559,48.44107,08/01/2018,19:00:00
UKA00559,39.83456,08/01/2018,20:00:00
UKA00559,30.15821,08/01/2018,21:00:00
UKA00559,23.55081,08/01/2018,22:00:00
UKA00559,19.77421,08/01/2018,23:00:00
UKA00559,19.69314,08/01/2018,24:00:00
UKA00559,20.34937,09/01/2018,01:00:00
UKA00559,19.37501,09/01/2018,02:00:00
UKA00559,17.40342,09/01/2018,03:00:00
UKA00559,16.92178,09/01/2018,04:00:00
UKA00559,17.30709,09/01/2018,05:00:00
UKA00559,20.24894,09/01/2018,06:00:00
UKA00559,23.28258,09/01/2018,07:00:00
UKA00559,26.75246,09/01/2018,08:00:00
UKA00559,34.19762,09/01/2018,09:00:00
UKA00559,34.18019,09/01/2018,10:00:00
UKA00559,29.54218,09/01/2018,11:00:00
UKA00559,31.49402,09/01/2018,12:00:00
UKA00559,30.31823,09/01/2018,13:00:00
UKA00559,30.43654,09/01/2018,14:00:00
UKA00559,32.23689,09/01/2018,15:00:00
UKA00559,35.25102,09/01/2018,16:00:00
UKA00559,36.99146,09/01/2018,17:00:00
UKA00559,37.87261,09/01/2018,18:00:00
UKA00559,39.23593,09/01/2018,19:00:00
UKA00559,39.73453,09/01/2018,20:00:00
UKA00559,36.11936,09/01/2018,21:00:00
UKA00559,29.66356,09/01/2018,22:00:00
UKA00559,25.56912,09/01/2018,23:00:00
UKA00559,20.75166,09/01/2018,24:00:00
UKA00559,17.15621,10/01/2018,01:00:00
UKA00559,13.08631,10/01/2018,02:00:00
UKA00559,12.80913,10/01/2018,03:00:00
UKA00559,15.16576,10/01/2018,04:00:00
UKA00559,18.25482,10/01/2018,05:00:00
UKA00559,21.69326,10/01/2018,06:00:00
UKA00559,29.92265,10/01/2018,07:00:00
UKA00559,37.11792,10/01/2018,08:00:00
UKA00559,52.33878,10/01/2018,09:00:00
UKA00559,50.26542,10/01/2018,10:00:00
UKA00559,48.24858,10/01/2018,11:00:00
UKA00559,32.8674,10/01/2018,12:00:00
UKA00559,29.96937,10/01/2018,13:00:00
UKA00559,28.5163,10/01/2018,14:00:00
UKA00559,29.03458,10/01/2018,15:00:00
UKA00559,38.28209,10/01/2018,16:00:00
UKA00559,62.07363,10/01/2018,17:00:00
UKA00559,71.62302,10/01/2018,18:00:00
UKA00559,78.99371,10/01/2018,19:00:00
UKA00559,73.42871,10/01/2018,20:00:00
UKA00559,77.82497,10/01/2018,21:00:00
UKA00559,83.32316,10/01/2018,22:00:00
UKA00559,84.27217,10/01/2018,23:00:00
UKA00559,76.71307,10/01/2018,24:00:00
UKA00559,83.26811,11/01/2018,01:00:00
UKA00559,73.14678,11/01/2018,02:00:00
UKA00559,62.94643,11/01/2018,03:00:00
UKA00559,51.0187,11/01/2018,04:00:00
UKA00559,53.61233,11/01/2018,05:00:00
UKA00559,54.30828,11/01/2018,06:00:00
UKA00559,52.55339,11/01/2018,07:00:00
UKA00559,52.87803,11/01/2018,08:00:00
UKA00559,57.14233,11/01/2018,09:00:00
UKA00559,55.42418,11/01/2018,10:00:00
UKA00559,45.65564,11/01/2018,11:00:00
UKA00559,41.09251,11/01/2018,12:00:00
UKA00559,41.11404,11/01/2018,13:00:00
UKA00559,43.39446,11/01/2018,14:00:00
UKA00559,49.1309,11/01/2018,15:00:00
UKA00559,50.7485,11/01/2018,16:00:00
UKA00559,57.90977,11/01/2018,17:00:00
UKA00559,61.04218,11/01/2018,18:00:00
UKA00559,63.66825,11/01/2018,19:00:00
UKA00559,65.04754,11/01/2018,20:00:00
UKA00559,65.97301,11/01/2018,21:00:00
UKA00559,62.46678,11/01/2018,22:00:00
UKA00559,58.07481,11/01/2018,23:00:00
UKA00559,57.65031,11/01/2018,24:00:00
UKA00559,56.65911,12/01/2018,01:00:00
UKA00559,51.36452,12/01/2018,02:00:00
UKA00559,48.54283,12/01/2018,03:00:00
UKA00559,41.26925,12/01/2018,04:00:00
UKA00559,42.89173,12/01/2018,05:00:00
UKA00559,45.2785,12/01/2018,06:00:00
UKA00559,48.62649,12/01/2018,07:00:00
UKA00559,49.81915,12/01/2018,08:00:00
UKA00559,46.45737,12/01/2018,09:00:00
UKA00559,39.41737,12/01/2018,10:00:00
UKA00559,35.70875,12/01/2018,11:00:00
UKA00559,33.5892,12/01/2018,12:00:00
UKA00559,32.19215,12/01/2018,13:00:00
UKA00559,35.69073,12/01/2018,14:00:00
UKA00559,36.18338,12/01/2018,15:00:00
UKA00559,39.48699,12/01/2018,16:00:00
UKA00559,43.32953,12/01/2018,17:00:00
UKA00559,46.84238,12/01/2018,18:00:00
UKA00559,45.57851,12/01/2018,19:00:00
UKA00559,36.74651,12/01/2018,20:00:00
UKA00559,33.40686,12/01/2018,21:00:00
UKA00559,28.9877,12/01/2018,22:00:00
UKA00559,26.10172,12/01/2018,23:00:00
UKA00559,21.77095,12/01/2018,24:00:00
UKA00559,14.07516,13/01/2018,01:00:00
UKA00559,11.64487,13/01/2018,02:00:00
UKA00559,11.44889,13/01/2018,03:00:00
UKA00559,9.91609,13/01/2018,04:00:00
UKA00559,10.76287,13/01/2018,05:00:00
UKA00559,11.34858,13/01/2018,06:00:00
UKA00559,12.87257,13/01/2018,07:00:00
UKA00559,17.06238,13/01/2018,08:00:00
UKA00559,21.91104,13/01/2018,09:00:00
UKA00559,22.85393,13/01/2018,10:00:00
UKA00559,24.35956,13/01/2018,11:00:00
UKA00559,21.92374,13/01/2018,12:00:00
UKA00559,27.16924,13/01/2018,13:00:00
UKA00559,28.36343,13/01/2018,14:00:00
UKA00559,24.99595,13/01/2018,15:00:00
UKA00559,23.76188,13/01/2018,16:00:00
UKA00559,29.16057,13/01/2018,17:00:00
UKA00559,29.56256,13/01/2018,18:00:00
UKA00559,29.71743,13/01/2018,19:00:00
UKA00559,30.76997,13/01/2018,20:00:00
UKA00559,33.68217,13/01/2018,21:00:00
UKA00559,35.1922,13/01/2018,22:00:00
UKA00559,27.01688,13/01/2018,23:00:00
UKA00559,22.85277,13/01/2018,24:00:00
UKA00559,23.79187,14/01/2018,01:00:00
UKA00559,22.40672,14/01/2018,02:00:00
UKA00559,21.16068,14/01/2018,03:00:00
UKA00559,21.55892,14/01/2018,04:00:00
UKA00559,22.34659,14/01/2018,05:00:00
UKA00559,20.90583,14/01/2018,06:00:00
UKA00559,20.959,14/01/2018,07:00:00
UKA00559,22.13097,14/01/2018,08:00:00
UKA00559,19.65062,14/01/2018,09:00:00
UKA00559,24.00698,14/01/2018,10:00:00
UKA00559,24.69417,14/01/2018,11:00:00
UKA00559,17.9825,14/01/2018,12:00:00
UKA00559,21.30736,14/01/2018,13:00:00
UKA00559,21.00593,14/01/2018,14:00:00
UKA00559,20.43095,14/01/2018,15:00:00
UKA00559,20.54463,14/01/2018,16:00:00
UKA00559,24.55374,14/01/2018,17:00:00
UKA00559,21.89445,14/01/2018,18:00:00
UKA00559,24.59224,14/01/2018,19:00:00
UKA00559,23.55485,14/01/2018,20:00:00
UKA00559,19.80133,14/01/2018,21:00:00
UKA00559,17.93264,14/01/2018,22:00:00
UKA00559,14.87731,14/01/2018,23:00:00
UKA00559,14.03647,14/01/2018,24:00:00
UKA00559,12.80795,15/01/2018,01:00:00
UKA00559,9.9679,15/01/2018,02:00:00
UKA00559,8.81111,15/01/2018,03:00:00
UKA00559,7.22506,15/01/2018,04:00:00
UKA00559,6.33103,15/01/2018,05:00:00
UKA00559,6.82982,15/01/2018,06:00:00
UKA00559,9.20561,15/01/2018,07:00:00
UKA00559,14.55222,15/01/2018,08:00:00
UKA00559,21.66125,15/01/2018,09:00:00
UKA00559,19.05291,15/01/2018,10:00:00
UKA00559,16.48245,15/01/2018,11:00:00
UKA00559,14.64626,15/01/2018,12:00:00
UKA00559,12.41997,15/01/2018,13:00:00
UKA00559,11.27068,15/01/2018,14:00:00
UKA00559,9.43523,15/01/2018,15:00:00
UKA00559,15.07204,15/01/2018,16:00:00
UKA00559,17.76658,15/01/2018,17:00:00
UKA00559,18.22165,15/01/2018,18:00:00
UKA00559,18.3179,15/01/2018,19:00:00
UKA00559,18.32376,15/01/2018,20:00:00
UKA00559,13.02527,15/01/2018,21:00:00
UKA00559,10.15069,15/01/2018,22:00:00
UKA00559,7.8245,15/01/2018,23:00:00
UKA00559,6.03497,15/01/2018,24:00:00
UKA00559,3.89956,16/01/2018,01:00:00
UKA00559,4.22776,16/01/2018,02:00:00
UKA00559,2.71648,16/01/2018,03:00:00
UKA00559,2.76907,16/01/2018,04:00:00
UKA00559,2.27237,16/01/2018,05:00:00
UKA00559,4.60612,16/01/2018,06:00:00
UKA00559,8.37737,16/01/2018,07:00:00
UKA00559,15.42755,16/01/2018,08:00:00
UKA00559,19.09507,16/01/2018,09:00:00
UKA00559,15.61453,16/01/2018,10:00:00
UKA00559,10.49635,16/01/2018,11:00:00
UKA00559,7.86312,16/01/2018,12:00:00
UKA00559,6.71778,16/01/2018,13:00:00
UKA00559,7.47673,16/01/2018,14:00:00
UKA00559,9.56286,16/01/2018,15:00:00
UKA00559,12.2947,16/01/2018,16:00:00
UKA00559,16.91618,16/01/2018,17:00:00
UKA00559,18.8577,16/01/2018,18:00:00
UKA00559,14.68397,16/01/2018,19:00:00
UKA00559,15.12807,16/01/2018,20:00:00
UKA00559,11.26041,16/01/2018,21:00:00
UKA00559,8.57971,16/01/2018,22:00:00
UKA00559,7.58339,16/01/2018,23:00:00
UKA00559,4.16056,16/01/2018,24:00:00
UKA00559,2.70812,17/01/2018,01:00:00
UKA00559,1.50919,17/01/2018,02:00:00
UKA00559,1.33236,17/01/2018,03:00:00
UKA00559,1.78233,17/01/2018,04:00:00
UKA00559,1.78013,17/01/2018,05:00:00
UKA00559,2.77372,17/01/2018,06:00:00
UKA00559,5.71059,17/01/2018,07:00:00
UKA00559,12.96423,17/01/2018,08:00:00
UKA00559,17.62563,17/01/2018,09:00:00
UKA00559,12.99718,17/01/2018,10:00:00
UKA00559,8.12435,17/01/2018,11:00:00
UKA00559,7.12419,17/01/2018,12:00:00
UKA00559,7.13223,17/01/2018,13:00:00
UKA00559,5.34186,17/01/2018,14:00:00
UKA00559,8.72431,17/01/2018,15:00:00
UKA00559,10.07493,17/01/2018,16:00:00
UKA00559,15.19725,17/01/2018,17:00:00
UKA00559,17.29271,17/01/2018,18:00:00
UKA00559,13.96147,17/01/2018,19:00:00
UKA00559,14.85118,17/01/2018,20:00:00
UKA00559,18.62287,17/01/2018,21:00:00
UKA00559,13.88981,17/01/2018,22:00:00
UKA00559,7.68973,17/01/2018,23:00:00
UKA00559,4.76237,17/01/2018,24:00:00
UKA00559,3.77484,18/01/2018,01:00:00
UKA00559,1.9114,18/01/2018,02:00:00
UKA00559,1.33169,18/01/2018,03:00:00
UKA00559,0.63984,18/01/2018,04:00:00
UKA00559,1.48266,18/01/2018,05:00:00
UKA00559,2.92205,18/01/2018,06:00:00
UKA00559,8.49922,18/01/2018,07:00:00
UKA00559,16.26478,18/01/2018,08:00:00
UKA00559,26.42973,18/01/2018,09:00:00
UKA00559,24.96481,18/01/2018,10:00:00
UKA00559,18.78523,18/01/2018,11:00:00
UKA00559,11.12445,18/01/2018,12:00:00
UKA00559,8.82765,18/01/2018,13:00:00
UKA00559,9.38313,18/01/2018,14:00:00
UKA00559,9.63449,18/01/2018,15:00:00
UKA00559,10.5872,18/01/2018,16:00:00
UKA00559,13.68137,18/01/2018,17:00:00
UKA00559,15.75475,18/01/2018,18:00:00
UKA00559,17.66747,18/01/2018,19:00:00
UKA00559,20.25161,18/01/2018,20:00:00
UKA00559,16.38342,18/01/2018,21:00:00
UKA00559,17.87556,18/01/2018,22:00:00
UKA00559,18.57107,18/01/2018,23:00:00
UKA00559,11.94516,18/01/2018,24:00:00
UKA00559,10.50151,19/01/2018,01:00:00
UKA00559,7.70221,19/01/2018,02:00:00
UKA00559,6.57462,19/01/2018,03:00:00
UKA00559,5.62836,19/01/2018,04:00:00
UKA00559,7.27129,19/01/2018,05:00:00
UKA00559,13.91112,19/01/2018,06:00:00
UKA00559,17.45239,19/01/2018,07:00:00
UKA00559,25.93482,19/01/2018,08:00:00
UKA00559,34.49013,19/01/2018,09:00:00
UKA00559,27.28736,19/01/2018,10:00:00
UKA00559,17.9013,19/01/2018,11:00:00
UKA00559,11.77376,19/01/2018,12:00:00
UKA00559,9.89581,19/01/2018,13:00:00
UKA00559,10.79725,19/01/2018,14:00:00
UKA00559,9.20716,19/01/2018,15:00:00
UKA00559,10.95575,19/01/2018,16:00:00
UKA00559,14.60341,19/01/2018,17:00:00
UKA00559,20.89309,19/01/2018,18:00:00
UKA00559,19.89546,19/01/2018,19:00:00
UKA00559,20.59358,19/01/2018,20:00:00
UKA00559,17.70926,19/01/2018,21:00:00
UKA00559,16.95466,19/01/2018,22:00:00
UKA00559,14.60924,19/01/2018,23:00:00
UKA00559,12.31447,19/01/2018,24:00:00
UKA00559,9.72089,20/01/2018,01:00:00
UKA00559,8.24837,20/01/2018,02:00:00
UKA00559,7.78194,20/01/2018,03:00:00
UKA00559,7.13703,20/01/2018,04:00:00
UKA00559,9.83271,20/01/2018,05:00:00
UKA00559,13.93059,20/01/2018,06:00:00
UKA00559,18.62485,20/01/2018,07:00:00
UKA00559,35.2211,20/01/2018,08:00:00
UKA00559,48.42416,20/01/2018,09:00:00
UKA00559,43.86866,20/01/2018,10:00:00
UKA00559,44.69248,20/01/2018,11:00:00
UKA00559,39.22639,20/01/2018,12:00:00
UKA00559,59.79796,20/01/2018,13:00:00
UKA00559,67.31766,20/01/2018,14:00:00
UKA00559,57.55758,20/01/2018,15:00:00
UKA00559,47.23472,20/01/2018,16:00:00
UKA00559,50.13954,20/01/2018,17:00:00
UKA00559,51.97304,20/01/2018,18:00:00
UKA00559,52.07304,20/01/2018,19:00:00
UKA00559,77.65117,20/01/2018,20:00:00
UKA00559,71.86021,20/01/2018,21:00:00
UKA00559,46.54113,20/01/2018,22:00:00
UKA00559,35.91569,20/01/2018,23:00:00
UKA00559,35.95478,20/01/2018,24:00:00
UKA00559,30.42953,21/01/2018,01:00:00
UKA00559,29.28655,21/01/2018,02:00:00
UKA00559,24.36456,21/01/2018,03:00:00
UKA00559,19.96011,21/01/2018,04:00:00
UKA00559,16.55515,21/01/2018,05:00:00
UKA00559,16.20457,21/01/2018,06:00:00
UKA00559,14.70351,21/01/2018,07:00:00
UKA00559,16.58925,21/01/2018,08:00:00
UKA00559,19.28214,21/01/2018,09:00:00
UKA00559,19.20372,21/01/2018,10:00:00
UKA00559,21.58957,21/01/2018,11:00:00
UKA00559,21.14609,21/01/2018,12:00:00
UKA00559,19.01719,21/01/2018,13:00:00
UKA00559,20.67431,21/01/2018,14:00:00
UKA00559,22.52377,21/01/2018,15:00:00
UKA00559,28.86913,21/01/2018,16:00:00
UKA00559,33.36649,21/01/2018,17:00:00
UKA00559,38.14618,21/01/2018,18:00:00
UKA00559,40.05807,21/01/2018,19:00:00
UKA00559,28.91345,21/01/2018,20:00:00
UKA00559,25.36042,21/01/2018,21:00:00
UKA00559,18.00612,21/01/2018,22:00:00
UKA00559,11.15266,21/01/2018,23:00:00
UKA00559,7.89795,21/01/2018,24:00:00
UKA00559,5.13784,22/01/2018,01:00:00
UKA00559,4.79662,22/01/2018,02:00:00
UKA00559,4.65459,22/01/2018,03:00:00
UKA00559,5.55541,22/01/2018,04:00:00
UKA00559,6.6089,22/01/2018,05:00:00
UKA00559,9.91771,22/01/2018,06:00:00
UKA00559,19.74524,22/01/2018,07:00:00
UKA00559,30.6728,22/01/2018,08:00:00
UKA00559,46.99512,22/01/2018,09:00:00
UKA00559,,22/01/2018,10:00:00
UKA00559,,22/01/2018,11:00:00
UKA00559,,22/01/2018,12:00:00
UKA00559,,22/01/2018,13:00:00
UKA00559,,22/01/2018,14:00:00
UKA00559,,22/01/2018,15:00:00
UKA00559,,22/01/2018,16:00:00
UKA00559,,22/01/2018,17:00:00
UKA00559,,22/01/2018,18:00:00
UKA00559,,22/01/2018,19:00:00
UKA00559,,22/01/2018,20:00:00
UKA00559,,22/01/2018,21:00:00
UKA00559,,22/01/2018,22:00:00
UKA00559,,22/01/2018,23:00:00
UKA00559,,22/01/2018,24:00:00
UKA00559,,23/01/2018,01:00:00
UKA00559,,23/01/2018,02:00:00
UKA00559,,23/01/2018,03:00:00
UKA00559,,23/01/2018,04:00:00
UKA00559,,23/01/2018,05:00:00
UKA00559,,23/01/2018,06:00:00
UKA00559,,23/01/2018,07:00:00
UKA00559,,23/01/2018,08:00:00
UKA00559,,23/01/2018,09:00:00
UKA00559,16.89308,23/01/2018,10:00:00
UKA00559,14.96401,23/01/2018,11:00:00
UKA00559,12.19104,23/01/2018,12:00:00
UKA00559,10.85258,23/01/2018,13:00:00
UKA00559,7.55369,23/01/2018,14:00:00
UKA00559,9.08365,23/01/2018,15:00:00
UKA00559,13.62568,23/01/2018,16:00:00
UKA00559,14.2475,23/01/2018,17:00:00
UKA00559,11.33094,23/01/2018,18:00:00
UKA00559,13.10006,23/01/2018,19:00:00
UKA00559,19.26753,23/01/2018,20:00:00
UKA00559,16.54228,23/01/2018,21:00:00
UKA00559,12.00038,23/01/2018,22:00:00
UKA00559,9.22721,23/01/2018,23:00:00
UKA00559,6.69323,23/01/2018,24:00:00
UKA00559,4.98583,24/01/2018,01:00:00
UKA00559,3.51435,24/01/2018,02:00:00
UKA00559,2.06021,24/01/2018,03:00:00
UKA00559,1.62898,24/01/2018,04:00:00
UKA00559,1.7729,24/01/2018,05:00:00
UKA00559,2.44389,24/01/2018,06:00:00
UKA00559,3.92994,24/01/2018,07:00:00
UKA00559,6.18341,24/01/2018,08:00:00
UKA00559,8.62799,24/01/2018,09:00:00
UKA00559,10.35479,24/01/2018,10:00:00
UKA00559,7.71826,24/01/2018,11:00:00
UKA00559,6.6633,24/01/2018,12:00:00
UKA00559,10.88216,24/01/2018,13:00:00
UKA00559,11.64866,24/01/2018,14:00:00
UKA00559,10.16223,24/01/2018,15:00:00
UKA00559,13.61398,24/01/2018,16:00:00
UKA00559,14.18968,24/01/2018,17:00:00
UKA00559,11.55376,24/01/2018,18:00:00
UKA00559,13.99919,24/01/2018,19:00:00
UKA00559,16.15608,24/01/2018,20:00:00
UKA00559,13.27964,24/01/2018,21:00:00
UKA00559,10.92996,24/01/2018,22:00:00
UKA00559,8.43704,24/01/2018,23:00:00
UKA00559,8.82118,24/01/2018,24:00:00
UKA00559,6.53657,25/01/2018,01:00:00
UKA00559,4.61328,25/01/2018,02:00:00
UKA00559,3.7008,25/01/2018,03:00:00
UKA00559,3.50818,25/01/2018,04:00:00
UKA00559,3.26775,25/01/2018,05:00:00
UKA00559,4.13223,25/01/2018,06:00:00
UKA00559,9.18066,25/01/2018,07:00:00
UKA00559,19.99667,25/01/2018,08:00:00
UKA00559,28.3557,25/01/2018,09:00:00
UKA00559,23.97942,25/01/2018,10:00:00
UKA00559,13.74112,25/01/2018,11:00:00
UKA00559,13.01875,25/01/2018,12:00:00
UKA00559,12.29892,25/01/2018,13:00:00
UKA00559,11.86963,25/01/2018,14:00:00
UKA00559,9.0802,25/01/2018,15:00:00
UKA00559,15.6686,25/01/2018,16:00:00
UKA00559,21.91852,25/01/2018,17:00:00
UKA00559,24.75671,25/01/2018,18:00:00
UKA00559,25.28646,25/01/2018,19:00:00
UKA00559,17.97877,25/01/2018,20:00:00
UKA00559,17.30609,25/01/2018,21:00:00
UKA00559,15.33494,25/01/2018,22:00:00
UKA00559,17.067,25/01/2018,23:00:00
UKA00559,13.8452,25/01/2018,24:00:00
UKA00559,14.07623,26/01/2018,01:00:00
UKA00559,11.8911,26/01/2018,02:00:00
UKA00559,12.72571,26/01/2018,03:00:00
UKA00559,15.52287,26/01/2018,04:00:00
UKA00559,20.2021,26/01/2018,05:00:00
UKA00559,32.78466,26/01/2018,06:00:00
UKA00559,58.25366,26/01/2018,07:00:00
UKA00559,61.96603,26/01/2018,08:00:00
UKA00559,63.76369,26/01/2018,09:00:00
UKA00559,58.12362,26/01/2018,10:00:00
UKA00559,53.8234,26/01/2018,11:00:00
UKA00559,48.18093,26/01/2018,12:00:00
UKA00559,35.12023,26/01/2018,13:00:00
UKA00559,23.20887,26/01/2018,14:00:00
UKA00559,32.56064,26/01/2018,15:00:00
UKA00559,53.33408,26/01/2018,16:00:00
UKA00559,60.46039,26/01/2018,17:00:00
UKA00559,74.6695,26/01/2018,18:00:00
UKA00559,75.76913,26/01/2018,19:00:00
UKA00559,79.09906,26/01/2018,20:00:00
UKA00559,74.70077,26/01/2018,21:00:00
UKA00559,65.48447,26/01/2018,22:00:00
UKA00559,57.68376,26/01/2018,23:00:00
UKA00559,54.30781,26/01/2018,24:00:00
UKA00559,47.10818,27/01/2018,01:00:00
UKA00559,38.80335,27/01/2018,02:00:00
UKA00559,40.03155,27/01/2018,03:00:00
UKA00559,29.34481,27/01/2018,04:00:00
UKA00559,14.01668,27/01/2018,05:00:00
UKA00559,10.29514,27/01/2018,06:00:00
UKA00559,7.68242,27/01/2018,07:00:00
UKA00559,8.35873,27/01/2018,08:00:00
UKA00559,10.62945,27/01/2018,09:00:00
UKA00559,11.54682,27/01/2018,10:00:00
UKA00559,10.38665,27/01/2018,11:00:00
UKA00559,10.62846,27/01/2018,12:00:00
UKA00559,10.19073,27/01/2018,13:00:00
UKA00559,11.25616,27/01/2018,14:00:00
UKA00559,12.3196,27/01/2018,15:00:00
UKA00559,13.81828,27/01/2018,16:00:00
UKA00559,14.35248,27/01/2018,17:00:00
UKA00559,20.73561,27/01/2018,18:00:00
UKA00559,20.88218,27/01/2018,19:00:00
UKA00559,16.86997,27/01/2018,20:00:00
UKA00559,17.40169,27/01/2018,21:00:00
UKA00559,13.2449,27/01/2018,22:00:00
UKA00559,6.47637,27/01/2018,23:00:00
UKA00559,6.57186,27/01/2018,24:00:00
UKA00559,6.4619,28/01/2018,01:00:00
UKA00559,5.7506,28/01/2018,02:00:00
UKA00559,5.67028,28/01/2018,03:00:00
UKA00559,4.26293,28/01/2018,04:00:00
UKA00559,3.97072,28/01/2018,05:00:00
UKA00559,3.63124,28/01/2018,06:00:00
UKA00559,5.18286,28/01/2018,07:00:00
UKA00559,5.52235,28/01/2018,08:00:00
UKA00559,6.0058,28/01/2018,09:00:00
UKA00559,5.85757,28/01/2018,10:00:00
UKA00559,6.39013,28/01/2018,11:00:00
UKA00559,6.58168,28/01/2018,12:00:00
UKA00559,5.90515,28/01/2018,13:00:00
UKA00559,6.53806,28/01/2018,14:00:00
UKA00559,7.31372,28/01/2018,15:00:00
UKA00559,6.58778,28/01/2018,16:00:00
UKA00559,7.02395,28/01/2018,17:00:00
UKA00559,7.99391,28/01/2018,18:00:00
UKA00559,6.29953,28/01/2018,19:00:00
UKA00559,4.79488,28/01/2018,20:00:00
UKA00559,3.72884,28/01/2018,21:00:00
UKA00559,2.90438,28/01/2018,22:00:00
UKA00559,2.80861,28/01/2018,23:00:00
UKA00559,1.78924,28/01/2018,24:00:00
UKA00559,1.16193,29/01/2018,01:00:00
UKA00559,1.42084,29/01/2018,02:00:00
UKA00559,1.30808,29/01/2018,03:00:00
UKA00559,1.11317,29/01/2018,04:00:00
UKA00559,1.35707,29/01/2018,05:00:00
UKA00559,1.93961,29/01/2018,06:00:00
UKA00559,3.05785,29/01/2018,07:00:00
UKA00559,6.41257,29/01/2018,08:00:00
UKA00559,8.01607,29/01/2018,09:00:00
UKA00559,7.19326,29/01/2018,10:00:00
UKA00559,7.43137,29/01/2018,11:00:00
UKA00559,12.18926,29/01/2018,12:00:00
UKA00559,21.55481,29/01/2018,13:00:00
UKA00559,15.08963,29/01/2018,14:00:00
UKA00559,15.96759,29/01/2018,15:00:00
UKA00559,16.64449,29/01/2018,16:00:00
UKA00559,25.21473,29/01/2018,17:00:00
UKA00559,50.77222,29/01/2018,18:00:00
UKA00559,60.74411,29/01/2018,19:00:00
UKA00559,50.42258,29/01/2018,20:00:00
UKA00559,50.53251,29/01/2018,21:00:00
UKA00559,57.41768,29/01/2018,22:00:00
UKA00559,40.10315,29/01/2018,23:00:00
UKA00559,27.07913,29/01/2018,24:00:00
UKA00559,20.47249,30/01/2018,01:00:00
UKA00559,12.73345,30/01/2018,02:00:00
UKA00559,10.86483,30/01/2018,03:00:00
UKA00559,8.03816,30/01/2018,04:00:00
UKA00559,11.45094,30/01/2018,05:00:00
UKA00559,13.16047,30/01/2018,06:00:00
UKA00559,21.19737,30/01/2018,07:00:00
UKA00559,43.49471,30/01/2018,08:00:00
UKA00559,53.80353,30/01/2018,09:00:00
UKA00559,34.54976,30/01/2018,10:00:00
UKA00559,24.80585,30/01/2018,11:00:00
UKA00559,21.28631,30/01/2018,12:00:00
UKA00559,16.47548,30/01/2018,13:00:00
UKA00559,13.95692,30/01/2018,14:00:00
UKA00559,14.45302,30/01/2018,15:00:00
UKA00559,15.58608,30/01/2018,16:00:00
UKA00559,26.80111,30/01/2018,17:00:00
UKA00559,44.09254,30/01/2018,18:00:00
UKA00559,46.66447,30/01/2018,19:00:00
UKA00559,24.50925,30/01/2018,20:00:00
UKA00559,35.56248,30/01/2018,21:00:00
UKA00559,24.50088,30/01/2018,22:00:00
UKA00559,17.92755,30/01/2018,23:00:00
UKA00559,12.81404,30/01/2018,24:00:00
UKA00559,9.24869,31/01/2018,01:00:00
UKA00559,5.79372,31/01/2018,02:00:00
UKA00559,2.77782,31/01/2018,03:00:00
UKA00559,2.14105,31/01/2018,04:00:00
UKA00559,2.19282,31/01/2018,05:00:00
UKA00559,3.3633,31/01/2018,06:00:00
UKA00559,6.2024,31/01/2018,07:00:00
UKA00559,10.16118,31/01/2018,08:00:00
UKA00559,14.12091,31/01/2018,09:00:00
UKA00559,11.71961,31/01/2018,10:00:00
UKA00559,7.17012,31/01/2018,11:00:00
UKA00559,8.72902,31/01/2018,12:00:00
UKA00559,5.21328,31/01/2018,13:00:00
UKA00559,6.04283,31/01/2018,14:00:00
UKA00559,6.67104,31/01/2018,15:00:00
UKA00559,7.41276,31/01/2018,16:00:00
UKA00559,11.12318,31/01/2018,17:00:00
UKA00559,12.94614,31/01/2018,18:00:00
UKA00559,18.13192,31/01/2018,19:00:00
UKA00559,16.90872,31/01/2018,20:00:00
UKA00559,16.61431,31/01/2018,21:00:00
UKA00559,8.15591,31/01/2018,22:00:00
UKA00559,4.09694,31/01/2018,23:00:00
UKA00559,4.29733,31/01/2018,24:00:00
UKA00559,3.97914,01/02/2018,01:00:00
UKA00559,3.19014,01/02/2018,02:00:00
UKA00559,4.30061,01/02/2018,03:00:00
UKA00559,4.5485,01/02/2018,04:00:00
UKA00559,5.37962,01/02/2018,05:00:00
UKA00559,7.63467,01/02/2018,06:00:00
UKA00559,9.39713,01/02/2018,07:00:00
UKA00559,14.63334,01/02/2018,08:00:00
UKA00559,20.31257,01/02/2018,09:00:00
UKA00559,16.42195,01/02/2018,10:00:00
UKA00559,15.33334,01/02/2018,11:00:00
UKA00559,13.82197,01/02/2018,12:00:00
UKA00559,13.92326,01/02/2018,13:00:00
UKA00559,16.1298,01/02/2018,14:00:00
UKA00559,13.81984,01/02/2018,15:00:00
UKA00559,18.12737,01/02/2018,16:00:00
UKA00559,21.47795,01/02/2018,17:00:00
UKA00559,25.2193,01/02/2018,18:00:00
UKA00559,26.9807,01/02/2018,19:00:00
UKA00559,23.59812,01/02/2018,20:00:00
UKA00559,20.4,01/02/2018,21:00:00
UKA00559,16.45178,01/02/2018,22:00:00
UKA00559,15.26988,01/02/2018,23:00:00
UKA00559,12.39267,01/02/2018,24:00:00
UKA00559,9.82012,02/02/2018,01:00:00
UKA00559,6.80276,02/02/2018,02:00:00
UKA00559,7.11151,02/02/2018,03:00:00
UKA00559,6.91477,02/02/2018,04:00:00
UKA00559,9.08591,02/02/2018,05:00:00
UKA00559,15.4264,02/02/2018,06:00:00
UKA00559,21.31717,02/02/2018,07:00:00
UKA00559,26.97146,02/02/2018,08:00:00
UKA00559,38.26319,02/02/2018,09:00:00
UKA00559,36.62387,02/02/2018,10:00:00
UKA00559,32.15529,02/02/2018,11:00:00
UKA00559,21.74438,02/02/2018,12:00:00
UKA00559,17.58917,02/02/2018,13:00:00
UKA00559,18.19234,02/02/2018,14:00:00
UKA00559,22.94837,02/02/2018,15:00:00
UKA00559,26.12699,02/02/2018,16:00:00
UKA00559,30.86661,02/02/2018,17:00:00
UKA00559,46.5828,02/02/2018,18:00:00
UKA00559,62.43322,02/02/2018,19:00:00
UKA00559,65.56762,02/02/2018,20:00:00
UKA00559,70.9909,02/02/2018,21:00:00
UKA00559,70.73218,02/02/2018,22:00:00
UKA00559,62.18487,02/02/2018,23:00:00
UKA00559,52.80477,02/02/2018,24:00:00
UKA00559,24.56416,03/02/2018,01:00:00
UKA00559,22.06527,03/02/2018,02:00:00
UKA00559,22.16563,03/02/2018,03:00:00
UKA00559,12.75776,03/02/2018,04:00:00
UKA00559,9.69927,03/02/2018,05:00:00
UKA00559,11.27816,03/02/2018,06:00:00
UKA00559,14.72023,03/02/2018,07:00:00
UKA00559,14.42236,03/02/2018,08:00:00
UKA00559,26.06793,03/02/2018,09:00:00
UKA00559,22.00104,03/02/2018,10:00:00
UKA00559,25.32054,03/02/2018,11:00:00
UKA00559,23.27754,03/02/2018,12:00:00
UKA00559,20.44284,03/02/2018,13:00:00
UKA00559,40.88021,03/02/2018,14:00:00
UKA00559,55.12681,03/02/2018,15:00:00
UKA00559,58.33215,03/02/2018,16:00:00
UKA00559,58.65893,03/02/2018,17:00:00
UKA00559,54.86333,03/02/2018,18:00:00
UKA00559,39.93078,03/02/2018,19:00:00
UKA00559,35.26411,03/02/2018,20:00:00
UKA00559,39.70293,03/02/2018,21:00:00
UKA00559,33.89543,03/02/2018,22:00:00
UKA00559,34.5704,03/02/2018,23:00:00
UKA00559,27.29687,03/02/2018,24:00:00
UKA00559,24.37546,04/02/2018,01:00:00
UKA00559,18.50747,04/02/2018,02:00:00
UKA00559,13.68559,04/02/2018,03:00:00
UKA00559,9.32983,04/02/2018,04:00:00
UKA00559,7.40522,04/02/2018,05:00:00
UKA00559,6.81173,04/02/2018,06:00:00
UKA00559,6.90713,04/02/2018,07:00:00
UKA00559,11.50525,04/02/2018,08:00:00
UKA00559,17.96093,04/02/2018,09:00:00
UKA00559,15.87317,04/02/2018,10:00:00
UKA00559,14.78673,04/02/2018,11:00:00
UKA00559,11.36362,04/02/2018,12:00:00
UKA00559,10.88312,04/02/2018,13:00:00
UKA00559,10.29667,04/02/2018,14:00:00
UKA00559,11.71735,04/02/2018,15:00:00
UKA00559,16.68228,04/02/2018,16:00:00
UKA00559,17.1089,04/02/2018,17:00:00
UKA00559,25.20863,04/02/2018,18:00:00
UKA00559,24.3756,04/02/2018,19:00:00
UKA00559,25.76251,04/02/2018,20:00:00
UKA00559,33.67567,04/02/2018,21:00:00
UKA00559,26.28452,04/02/2018,22:00:00
UKA00559,24.95199,04/02/2018,23:00:00
UKA00559,25.74893,04/02/2018,24:00:00
UKA00559,22.26511,05/02/2018,01:00:00
UKA00559,18.23246,05/02/2018,02:00:00
UKA00559,17.83874,05/02/2018,03:00:00
UKA00559,15.20948,05/02/2018,04:00:00
UKA00559,16.49513,05/02/2018,05:00:00
UKA00559,18.68033,05/02/2018,06:00:00
UKA00559,29.67429,05/02/2018,07:00:00
UKA00559,37.57211,05/02/2018,08:00:00
UKA00559,47.22051,05/02/2018,09:00:00
UKA00559,38.90572,05/02/2018,10:00:00
UKA00559,31.28721,05/02/2018,11:00:00
UKA00559,15.18547,05/02/2018,12:00:00
UKA00559,15.70118,05/02/2018,13:00:00
UKA00559,14.54514,05/02/2018,14:00:00
UKA00559,14.84043,05/02/2018,15:00:00
UKA00559,15.206,05/02/2018,16:00:00
UKA00559,23.6197,05/02/2018,17:00:00
UKA00559,38.9092,05/02/2018,18:00:00
UKA00559,51.00065,05/02/2018,19:00:00
UKA00559,36.89637,05/02/2018,20:00:00
UKA00559,39.51346,05/02/2018,21:00:00
UKA00559,32.77075,05/02/2018,22:00:00
UKA00559,29.23419,05/02/2018,23:00:00
UKA00559,28.6427,05/02/2018,24:00:00
UKA00559,31.4008,06/02/2018,01:00:00
UKA00559,25.24065,06/02/2018,02:00:00
UKA00559,30.06214,06/02/2018,03:00:00
UKA00559,33.73817,06/02/2018,04:00:00
UKA00559,43.30036,06/02/2018,05:00:00
UKA00559,44.30712,06/02/2018,06:00:00
UKA00559,38.0802,06/02/2018,07:00:00
UKA00559,49.37645,06/02/2018,08:00:00
UKA00559,66.61076,06/02/2018,09:00:00
UKA00559,67.36546,06/02/2018,10:00:00
UKA00559,53.32921,06/02/2018,11:00:00
UKA00559,45.11032,06/02/2018,12:00:00
UKA00559,30.82242,06/02/2018,13:00:00
UKA00559,33.50137,06/02/2018,14:00:00
UKA00559,35.7506,06/02/2018,15:00:00
UKA00559,47.88342,06/02/2018,16:00:00
UKA00559,59.84729,06/02/2018,17:00:00
UKA00559,58.56176,06/02/2018,18:00:00
UKA00559,47.69757,06/02/2018,19:00:00
UKA00559,49.51147,06/02/2018,20:00:00
UKA00559,53.87475,06/02/2018,21:00:00
UKA00559,44.63888,06/02/2018,22:00:00
UKA00559,44.62104,06/02/2018,23:00:00
UKA00559,37.30821,06/02/2018,24:00:00
UKA00559,28.62392,07/02/2018,01:00:00
UKA00559,23.37344,07/02/2018,02:00:00
UKA00559,23.8555,07/02/2018,03:00:00
UKA00559,29.9832,07/02/2018,04:00:00
UKA00559,32.57551,07/02/2018,05:00:00
UKA00559,44.77666,07/02/2018,06:00:00
UKA00559,53.42229,07/02/2018,07:00:00
UKA00559,65.05398,07/02/2018,08:00:00
UKA00559,66.60712,07/02/2018,09:00:00
UKA00559,60.01322,07/02/2018,10:00:00
UKA00559,53.50304,07/02/2018,11:00:00
UKA00559,30.0829,07/02/2018,12:00:00
UKA00559,25.75717,07/02/2018,13:00:00
UKA00559,27.55785,07/02/2018,14:00:00
UKA00559,17.44083,07/02/2018,15:00:00
UKA00559,29.8944,07/02/2018,16:00:00
UKA00559,33.39478,07/02/2018,17:00:00
UKA00559,56.95019,07/02/2018,18:00:00
UKA00559,77.49555,07/02/2018,19:00:00
UKA00559,78.87982,07/02/2018,20:00:00
UKA00559,78.16256,07/02/2018,21:00:00
UKA00559,66.54919,07/02/2018,22:00:00
UKA00559,53.10321,07/02/2018,23:00:00
UKA00559,40.69764,07/02/2018,24:00:00
UKA00559,32.35646,08/02/2018,01:00:00
UKA00559,21.45855,08/02/2018,02:00:00
UKA00559,18.38366,08/02/2018,03:00:00
UKA00559,19.13203,08/02/2018,04:00:00
UKA00559,18.93422,08/02/2018,05:00:00
UKA00559,24.80914,08/02/2018,06:00:00
UKA00559,32.06875,08/02/2018,07:00:00
UKA00559,36.76635,08/02/2018,08:00:00
UKA00559,34.08265,08/02/2018,09:00:00
UKA00559,22.09825,08/02/2018,10:00:00
UKA00559,16.93935,08/02/2018,11:00:00
UKA00559,17.97655,08/02/2018,12:00:00
UKA00559,16.43167,08/02/2018,13:00:00
UKA00559,15.34896,08/02/2018,14:00:00
UKA00559,17.44791,08/02/2018,15:00:00
UKA00559,20.88341,08/02/2018,16:00:00
UKA00559,20.29961,08/02/2018,17:00:00
UKA00559,23.69399,08/02/2018,18:00:00
UKA00559,21.70008,08/02/2018,19:00:00
UKA00559,13.77786,08/02/2018,20:00:00
UKA00559,10.74588,08/02/2018,21:00:00
UKA00559,8.60142,08/02/2018,22:00:00
UKA00559,6.70817,08/02/2018,23:00:00
UKA00559,5.41187,08/02/2018,24:00:00
UKA00559,4.30717,09/02/2018,01:00:00
UKA00559,3.64047,09/02/2018,02:00:00
UKA00559,3.47995,09/02/2018,03:00:00
UKA00559,4.42393,09/02/2018,04:00:00
UKA00559,5.72259,09/02/2018,05:00:00
UKA00559,4.67175,09/02/2018,06:00:00
UKA00559,9.75951,09/02/2018,07:00:00
UKA00559,16.73788,09/02/2018,08:00:00
UKA00559,17.52772,09/02/2018,09:00:00
UKA00559,19.55663,09/02/2018,10:00:00
UKA00559,17.25685,09/02/2018,11:00:00
UKA00559,14.57466,09/02/2018,12:00:00
UKA00559,13.37583,09/02/2018,13:00:00
UKA00559,13.38902,09/02/2018,14:00:00
UKA00559,13.63331,09/02/2018,15:00:00
UKA00559,14.49856,09/02/2018,16:00:00
UKA00559,21.836,09/02/2018,17:00:00
UKA00559,30.97632,09/02/2018,18:00:00
UKA00559,29.64973,09/02/2018,19:00:00
UKA00559,31.7646,09/02/2018,20:00:00
UKA00559,31.31205,09/02/2018,21:00:00
UKA00559,32.95835,09/02/2018,22:00:00
UKA00559,26.68142,09/02/2018,23:00:00
UKA00559,22.03849,09/02/2018,24:00:00
UKA00559,27.52089,10/02/2018,01:00:00
UKA00559,18.08602,10/02/2018,02:00:00
UKA00559,15.35522,10/02/2018,03:00:00
UKA00559,12.41507,10/02/2018,04:00:00
UKA00559,12.65771,10/02/2018,05:00:00
UKA00559,13.50929,10/02/2018,06:00:00
UKA00559,13.90262,10/02/2018,07:00:00
UKA00559,12.70147,10/02/2018,08:00:00
UKA00559,13.24109,10/02/2018,09:00:00
UKA00559,14.63053,10/02/2018,10:00:00
UKA00559,15.26561,10/02/2018,11:00:00
UKA00559,14.92663,10/02/2018,12:00:00
UKA00559,11.30146,10/02/2018,13:00:00
UKA00559,10.14584,10/02/2018,14:00:00
UKA00559,10.45076,10/02/2018,15:00:00
UKA00559,12.30462,10/02/2018,16:00:00
UKA00559,14.45987,10/02/2018,17:00:00
UKA00559,14.84615,10/02/2018,18:00:00
UKA00559,13.90262,10/02/2018,19:00:00
UKA00559,11.60549,10/02/2018,20:00:00
UKA00559,8.96849,10/02/2018,21:00:00
UKA00559,5.36946,10/02/2018,22:00:00
UKA00559,4.87097,10/02/2018,23:00:00
UKA00559,2.48101,10/02/2018,24:00:00
UKA00559,1.92003,11/02/2018,01:00:00
UKA00559,1.31343,11/02/2018,02:00:00
UKA00559,1.48379,11/02/2018,03:00:00
UKA00559,2.37955,11/02/2018,04:00:00
UKA00559,2.03425,11/02/2018,05:00:00
UKA00559,2.17882,11/02/2018,06:00:00
UKA00559,1.88525,11/02/2018,07:00:00
UKA00559,3.27796,11/02/2018,08:00:00
UKA00559,3.57772,11/02/2018,09:00:00
UKA00559,4.41822,11/02/2018,10:00:00
UKA00559,3.61089,11/02/2018,11:00:00
UKA00559,6.44716,11/02/2018,12:00:00
UKA00559,5.83879,11/02/2018,13:00:00
UKA00559,11.2739,11/02/2018,14:00:00
UKA00559,8.58486,11/02/2018,15:00:00
UKA00559,9.84849,11/02/2018,16:00:00
UKA00559,10.75173,11/02/2018,17:00:00
UKA00559,14.75035,11/02/2018,18:00:00
UKA00559,14.51469,11/02/2018,19:00:00
UKA00559,14.61372,11/02/2018,20:00:00
UKA00559,16.62099,11/02/2018,21:00:00
UKA00559,12.5671,11/02/2018,22:00:00
UKA00559,19.81582,11/02/2018,23:00:00
UKA00559,15.66997,11/02/2018,24:00:00
UKA00559,7.24658,12/02/2018,01:00:00
UKA00559,4.98183,12/02/2018,02:00:00
UKA00559,3.87835,12/02/2018,03:00:00
UKA00559,3.48291,12/02/2018,04:00:00
UKA00559,3.78193,12/02/2018,05:00:00
UKA00559,9.07842,12/02/2018,06:00:00
UKA00559,16.02439,12/02/2018,07:00:00
UKA00559,36.02709,12/02/2018,08:00:00
UKA00559,39.71685,12/02/2018,09:00:00
UKA00559,28.85976,12/02/2018,10:00:00
UKA00559,15.24398,12/02/2018,11:00:00
UKA00559,8.28702,12/02/2018,12:00:00
UKA00559,6.40448,12/02/2018,13:00:00
UKA00559,6.52039,12/02/2018,14:00:00
UKA00559,7.16132,12/02/2018,15:00:00
UKA00559,12.05263,12/02/2018,16:00:00
UKA00559,16.85284,12/02/2018,17:00:00
UKA00559,26.54259,12/02/2018,18:00:00
UKA00559,27.55024,12/02/2018,19:00:00
UKA00559,23.00438,12/02/2018,20:00:00
UKA00559,28.22609,12/02/2018,21:00:00
UKA00559,25.57252,12/02/2018,22:00:00
UKA00559,16.56092,12/02/2018,23:00:00
UKA00559,9.6676,12/02/2018,24:00:00
UKA00559,5.24132,13/02/2018,01:00:00
UKA00559,4.78288,13/02/2018,02:00:00
UKA00559,2.98264,13/02/2018,03:00:00
UKA00559,2.28698,13/02/2018,04:00:00
UKA00559,2.68793,13/02/2018,05:00:00
UKA00559,3.973,13/02/2018,06:00:00
UKA00559,7.12431,13/02/2018,07:00:00
UKA00559,10.84105,13/02/2018,08:00:00
UKA00559,13.37718,13/02/2018,09:00:00
UKA00559,11.73496,13/02/2018,10:00:00
UKA00559,9.19528,13/02/2018,11:00:00
UKA00559,9.53644,13/02/2018,12:00:00
UKA00559,14.99162,13/02/2018,13:00:00
UKA00559,18.44475,13/02/2018,14:00:00
UKA00559,28.89019,13/02/2018,15:00:00
UKA00559,40.13841,13/02/2018,16:00:00
UKA00559,35.93759,13/02/2018,17:00:00
UKA00559,48.13746,13/02/2018,18:00:00
UKA00559,58.04818,13/02/2018,19:00:00
UKA00559,67.50707,13/02/2018,20:00:00
UKA00559,65.16894,13/02/2018,21:00:00
UKA00559,75.45065,13/02/2018,22:00:00
UKA00559,70.36912,13/02/2018,23:00:00
UKA00559,55.32167,13/02/2018,24:00:00
UKA00559,34.90902,14/02/2018,01:00:00
UKA00559,29.30568,14/02/2018,02:00:00
UKA00559,19.73683,14/02/2018,03:00:00
UKA00559,17.43368,14/02/2018,04:00:00
UKA00559,12.48251,14/02/2018,05:00:00
UKA00559,14.71871,14/02/2018,06:00:00
UKA00559,19.60292,14/02/2018,07:00:00
UKA00559,25.06077,14/02/2018,08:00:00
UKA00559,23.19006,14/02/2018,09:00:00
UKA00559,19.29665,14/02/2018,10:00:00
UKA00559,17.21856,14/02/2018,11:00:00
UKA00559,20.89685,14/02/2018,12:00:00
UKA00559,17.72509,14/02/2018,13:00:00
UKA00559,10.46172,14/02/2018,14:00:00
UKA00559,12.99899,14/02/2018,15:00:00
UKA00559,15.6372,14/02/2018,16:00:00
UKA00559,16.59044,14/02/2018,17:00:00
UKA00559,17.93234,14/02/2018,18:00:00
UKA00559,18.68813,14/02/2018,19:00:00
UKA00559,19.04012,14/02/2018,20:00:00
UKA00559,17.306,14/02/2018,21:00:00
UKA00559,19.46085,14/02/2018,22:00:00
UKA00559,16.77705,14/02/2018,23:00:00
UKA00559,10.87888,14/02/2018,24:00:00
UKA00559,9.1871,15/02/2018,01:00:00
UKA00559,8.44823,15/02/2018,02:00:00
UKA00559,8.14343,15/02/2018,03:00:00
UKA00559,5.63722,15/02/2018,04:00:00
UKA00559,5.639,15/02/2018,05:00:00
UKA00559,10.44229,15/02/2018,06:00:00
UKA00559,12.69288,15/02/2018,07:00:00
UKA00559,22.11811,15/02/2018,08:00:00
UKA00559,33.22981,15/02/2018,09:00:00
UKA00559,16.70519,15/02/2018,10:00:00
UKA00559,7.96023,15/02/2018,11:00:00
UKA00559,5.11168,15/02/2018,12:00:00
UKA00559,4.61919,15/02/2018,13:00:00
UKA00559,5.77041,15/02/2018,14:00:00
UKA00559,6.42199,15/02/2018,15:00:00
UKA00559,7.66795,15/02/2018,16:00:00
UKA00559,9.32416,15/02/2018,17:00:00
UKA00559,14.64673,15/02/2018,18:00:00
UKA00559,17.74286,15/02/2018,19:00:00
UKA00559,18.49544,15/02/2018,20:00:00
UKA00559,16.14564,15/02/2018,21:00:00
UKA00559,15.04358,15/02/2018,22:00:00
UKA00559,13.1505,15/02/2018,23:00:00
UKA00559,11.99125,15/02/2018,24:00:00
UKA00559,7.52806,16/02/2018,01:00:00
UKA00559,4.18966,16/02/2018,02:00:00
UKA00559,4.24033,16/02/2018,03:00:00
UKA00559,8.24193,16/02/2018,04:00:00
UKA00559,12.95175,16/02/2018,05:00:00
UKA00559,13.74759,16/02/2018,06:00:00
UKA00559,36.58385,16/02/2018,07:00:00
UKA00559,50.72213,16/02/2018,08:00:00
UKA00559,45.76536,16/02/2018,09:00:00
UKA00559,25.7647,16/02/2018,10:00:00
UKA00559,20.53628,16/02/2018,11:00:00
UKA00559,13.73409,16/02/2018,12:00:00
UKA00559,13.92275,16/02/2018,13:00:00
UKA00559,10.60259,16/02/2018,14:00:00
UKA00559,14.11507,16/02/2018,15:00:00
UKA00559,18.06032,16/02/2018,16:00:00
UKA00559,26.1109,16/02/2018,17:00:00
UKA00559,49.76986,16/02/2018,18:00:00
UKA00559,66.03357,16/02/2018,19:00:00
UKA00559,49.38799,16/02/2018,20:00:00
UKA00559,38.63428,16/02/2018,21:00:00
UKA00559,43.55239,16/02/2018,22:00:00
UKA00559,38.18091,16/02/2018,23:00:00
UKA00559,33.2816,16/02/2018,24:00:00
UKA00559,30.81523,17/02/2018,01:00:00
UKA00559,20.60845,17/02/2018,02:00:00
UKA00559,17.25451,17/02/2018,03:00:00
UKA00559,16.15683,17/02/2018,04:00:00
UKA00559,12.7,17/02/2018,05:00:00
UKA00559,17.70271,17/02/2018,06:00:00
UKA00559,17.05591,17/02/2018,07:00:00
UKA00559,22.64365,17/02/2018,08:00:00
UKA00559,25.49822,17/02/2018,09:00:00
UKA00559,24.29584,17/02/2018,10:00:00
UKA00559,25.57058,17/02/2018,11:00:00
UKA00559,23.89774,17/02/2018,12:00:00
UKA00559,17.45473,17/02/2018,13:00:00
UKA00559,12.64792,17/02/2018,14:00:00
UKA00559,11.82587,17/02/2018,15:00:00
UKA00559,14.62333,17/02/2018,16:00:00
UKA00559,27.66324,17/02/2018,17:00:00
UKA00559,53.02283,17/02/2018,18:00:00
UKA00559,54.83268,17/02/2018,19:00:00
UKA00559,40.02422,17/02/2018,20:00:00
UKA00559,36.46109,17/02/2018,21:00:00
UKA00559,37.34312,17/02/2018,22:00:00
UKA00559,32.00857,17/02/2018,23:00:00
UKA00559,28.30573,17/02/2018,24:00:00
UKA00559,19.28368,18/02/2018,01:00:00
UKA00559,23.61798,18/02/2018,02:00:00
UKA00559,18.61748,18/02/2018,03:00:00
UKA00559,18.51724,18/02/2018,04:00:00
UKA00559,13.60798,18/02/2018,05:00:00
UKA00559,10.23721,18/02/2018,06:00:00
UKA00559,8.89831,18/02/2018,07:00:00
UKA00559,11.69614,18/02/2018,08:00:00
UKA00559,14.72298,18/02/2018,09:00:00
UKA00559,13.00983,18/02/2018,10:00:00
UKA00559,13.70794,18/02/2018,11:00:00
UKA00559,12.84416,18/02/2018,12:00:00
UKA00559,13.05995,18/02/2018,13:00:00
UKA00559,14.36493,18/02/2018,14:00:00
UKA00559,16.27586,18/02/2018,15:00:00
UKA00559,18.58238,18/02/2018,16:00:00
UKA00559,16.1363,18/02/2018,17:00:00
UKA00559,16.6081,18/02/2018,18:00:00
UKA00559,19.559,18/02/2018,19:00:00
UKA00559,16.50336,18/02/2018,20:00:00
UKA00559,16.30647,18/02/2018,21:00:00
UKA00559,15.05252,18/02/2018,22:00:00
UKA00559,13.40659,18/02/2018,23:00:00
UKA00559,9.60182,18/02/2018,24:00:00
UKA00559,8.20694,19/02/2018,01:00:00
UKA00559,6.93179,19/02/2018,02:00:00
UKA00559,7.35508,19/02/2018,03:00:00
UKA00559,8.45466,19/02/2018,04:00:00
UKA00559,10.20703,19/02/2018,05:00:00
UKA00559,14.66814,19/02/2018,06:00:00
UKA00559,27.12086,19/02/2018,07:00:00
UKA00559,43.78369,19/02/2018,08:00:00
UKA00559,44.24622,19/02/2018,09:00:00
UKA00559,44.43918,19/02/2018,10:00:00
UKA00559,37.78703,19/02/2018,11:00:00
UKA00559,29.07663,19/02/2018,12:00:00
UKA00559,32.75527,19/02/2018,13:00:00
UKA00559,26.9944,19/02/2018,14:00:00
UKA00559,24.82823,19/02/2018,15:00:00
UKA00559,28.96591,19/02/2018,16:00:00
UKA00559,29.24642,19/02/2018,17:00:00
UKA00559,30.6586,19/02/2018,18:00:00
UKA00559,33.85705,19/02/2018,19:00:00
UKA00559,25.71049,19/02/2018,20:00:00
UKA00559,30.21903,19/02/2018,21:00:00
UKA00559,21.0479,19/02/2018,22:00:00
UKA00559,20.06846,19/02/2018,23:00:00
UKA00559,18.02966,19/02/2018,24:00:00
UKA00559,17.2325,20/02/2018,01:00:00
UKA00559,11.68056,20/02/2018,02:00:00
UKA00559,11.16396,20/02/2018,03:00:00
UKA00559,6.89786,20/02/2018,04:00:00
UKA00559,7.55548,20/02/2018,05:00:00
UKA00559,7.35481,20/02/2018,06:00:00
UKA00559,14.31732,20/02/2018,07:00:00
UKA00559,21.13566,20/02/2018,08:00:00
UKA00559,20.003,20/02/2018,09:00:00
UKA00559,18.52189,20/02/2018,10:00:00
UKA00559,20.67589,20/02/2018,11:00:00
UKA00559,19.75929,20/02/2018,12:00:00
UKA00559,18.47664,20/02/2018,13:00:00
UKA00559,19.97626,20/02/2018,14:00:00
UKA00559,19.74985,20/02/2018,15:00:00
UKA00559,24.37617,20/02/2018,16:00:00
UKA00559,30.65624,20/02/2018,17:00:00
UKA00559,29.92905,20/02/2018,18:00:00
UKA00559,41.65663,20/02/2018,19:00:00
UKA00559,56.5655,20/02/2018,20:00:00
UKA00559,47.57687,20/02/2018,21:00:00
UKA00559,13.15531,20/02/2018,22:00:00
UKA00559,9.9554,20/02/2018,23:00:00
UKA00559,9.31227,20/02/2018,24:00:00
UKA00559,10.75744,21/02/2018,01:00:00
UKA00559,12.16279,21/02/2018,02:00:00
UKA00559,12.03409,21/02/2018,03:00:00
UKA00559,11.77315,21/02/2018,04:00:00
UKA00559,16.89356,21/02/2018,05:00:00
UKA00559,25.85963,21/02/2018,06:00:00
UKA00559,32.29043,21/02/2018,07:00:00
UKA00559,37.45134,21/02/2018,08:00:00
UKA00559,36.81546,21/02/2018,09:00:00
UKA00559,37.18886,21/02/2018,10:00:00
UKA00559,30.39736,21/02/2018,11:00:00
UKA00559,31.42477,21/02/2018,12:00:00
UKA00559,31.81875,21/02/2018,13:00:00
UKA00559,28.8215,21/02/2018,14:00:00
UKA00559,32.00078,21/02/2018,15:00:00
UKA00559,24.91628,21/02/2018,16:00:00
UKA00559,40.00658,21/02/2018,17:00:00
UKA00559,46.17041,21/02/2018,18:00:00
UKA00559,49.2611,21/02/2018,19:00:00
UKA00559,51.77245,21/02/2018,20:00:00
UKA00559,48.06497,21/02/2018,21:00:00
UKA00559,40.99498,21/02/2018,22:00:00
UKA00559,47.70035,21/02/2018,23:00:00
UKA00559,45.63405,21/02/2018,24:00:00
UKA00559,33.38009,22/02/2018,01:00:00
UKA00559,22.80891,22/02/2018,02:00:00
UKA00559,12.63398,22/02/2018,03:00:00
UKA00559,11.22616,22/02/2018,04:00:00
UKA00559,15.09356,22/02/2018,05:00:00
UKA00559,15.73907,22/02/2018,06:00:00
UKA00559,23.55449,22/02/2018,07:00:00
UKA00559,29.11008,22/02/2018,08:00:00
UKA00559,31.30351,22/02/2018,09:00:00
UKA00559,30.86742,22/02/2018,10:00:00
UKA00559,20.16031,22/02/2018,11:00:00
UKA00559,19.10016,22/02/2018,12:00:00
UKA00559,20.93717,22/02/2018,13:00:00
UKA00559,18.78705,22/02/2018,14:00:00
UKA00559,22.07736,22/02/2018,15:00:00
UKA00559,21.32323,22/02/2018,16:00:00
UKA00559,27.26689,22/02/2018,17:00:00
UKA00559,49.97831,22/02/2018,18:00:00
UKA00559,83.65907,22/02/2018,19:00:00
UKA00559,95.00526,22/02/2018,20:00:00
UKA00559,86.71838,22/02/2018,21:00:00
UKA00559,78.68105,22/02/2018,22:00:00
UKA00559,68.19315,22/02/2018,23:00:00
UKA00559,54.7448,22/02/2018,24:00:00
UKA00559,54.01651,23/02/2018,01:00:00
UKA00559,42.48559,23/02/2018,02:00:00
UKA00559,46.4248,23/02/2018,03:00:00
UKA00559,39.94875,23/02/2018,04:00:00
UKA00559,39.00245,23/02/2018,05:00:00
UKA00559,43.74946,23/02/2018,06:00:00
UKA00559,57.54365,23/02/2018,07:00:00
UKA00559,65.21221,23/02/2018,08:00:00
UKA00559,69.96585,23/02/2018,09:00:00
UKA00559,46.80937,23/02/2018,10:00:00
UKA00559,24.77096,23/02/2018,11:00:00
UKA00559,15.38106,23/02/2018,12:00:00
UKA00559,16.88727,23/02/2018,13:00:00
UKA00559,17.59241,23/02/2018,14:00:00
UKA00559,19.0895,23/02/2018,15:00:00
UKA00559,20.34999,23/02/2018,16:00:00
UKA00559,22.28637,23/02/2018,17:00:00
UKA00559,38.91225,23/02/2018,18:00:00
UKA00559,26.29714,23/02/2018,19:00:00
UKA00559,20.32438,23/02/2018,20:00:00
UKA00559,22.74489,23/02/2018,21:00:00
UKA00559,19.61368,23/02/2018,22:00:00
UKA00559,18.67741,23/02/2018,23:00:00
UKA00559,18.05989,23/02/2018,24:00:00
UKA00559,15.64587,24/02/2018,01:00:00
UKA00559,16.78511,24/02/2018,02:00:00
UKA00559,16.16646,24/02/2018,03:00:00
UKA00559,15.91333,24/02/2018,04:00:00
UKA00559,15.25994,24/02/2018,05:00:00
UKA00559,19.57319,24/02/2018,06:00:00
UKA00559,24.42467,24/02/2018,07:00:00
UKA00559,30.10681,24/02/2018,08:00:00
UKA00559,31.53323,24/02/2018,09:00:00
UKA00559,26.82519,24/02/2018,10:00:00
UKA00559,25.96708,24/02/2018,11:00:00
UKA00559,21.17685,24/02/2018,12:00:00
UKA00559,21.94996,24/02/2018,13:00:00
UKA00559,21.17048,24/02/2018,14:00:00
UKA00559,21.01332,24/02/2018,15:00:00
UKA00559,21.66579,24/02/2018,16:00:00
UKA00559,23.45416,24/02/2018,17:00:00
UKA00559,23.63877,24/02/2018,18:00:00
UKA00559,28.37604,24/02/2018,19:00:00
UKA00559,25.92608,24/02/2018,20:00:00
UKA00559,31.88877,24/02/2018,21:00:00
UKA00559,24.31318,24/02/2018,22:00:00
UKA00559,16.04308,24/02/2018,23:00:00
UKA00559,16.75038,24/02/2018,24:00:00
UKA00559,18.4018,25/02/2018,01:00:00
UKA00559,13.12117,25/02/2018,02:00:00
UKA00559,13.09647,25/02/2018,03:00:00
UKA00559,12.64208,25/02/2018,04:00:00
UKA00559,11.59163,25/02/2018,05:00:00
UKA00559,12.4492,25/02/2018,06:00:00
UKA00559,13.90192,25/02/2018,07:00:00
UKA00559,16.73782,25/02/2018,08:00:00
UKA00559,16.18733,25/02/2018,09:00:00
UKA00559,15.18611,25/02/2018,10:00:00
UKA00559,10.99897,25/02/2018,11:00:00
UKA00559,11.37466,25/02/2018,12:00:00
UKA00559,11.59596,25/02/2018,13:00:00
UKA00559,15.12758,25/02/2018,14:00:00
UKA00559,13.65574,25/02/2018,15:00:00
UKA00559,15.36079,25/02/2018,16:00:00
UKA00559,16.11059,25/02/2018,17:00:00
UKA00559,28.52679,25/02/2018,18:00:00
UKA00559,37.76348,25/02/2018,19:00:00
UKA00559,40.54452,25/02/2018,20:00:00
UKA00559,30.49164,25/02/2018,21:00:00
UKA00559,25.04466,25/02/2018,22:00:00
UKA00559,18.01599,25/02/2018,23:00:00
UKA00559,12.14566,25/02/2018,24:00:00
UKA00559,11.31611,26/02/2018,01:00:00
UKA00559,15.07233,26/02/2018,02:00:00
UKA00559,15.77968,26/02/2018,03:00:00
UKA00559,15.57478,26/02/2018,04:00:00
UKA00559,13.21221,26/02/2018,05:00:00
UKA00559,14.97018,26/02/2018,06:00:00
UKA00559,22.47663,26/02/2018,07:00:00
UKA00559,33.05958,26/02/2018,08:00:00
UKA00559,30.02442,26/02/2018,09:00:00
UKA00559,19.01329,26/02/2018,10:00:00
UKA00559,16.22186,26/02/2018,11:00:00
UKA00559,14.57553,26/02/2018,12:00:00
UKA00559,14.74851,26/02/2018,13:00:00
UKA00559,13.54115,26/02/2018,14:00:00
UKA00559,12.97859,26/02/2018,15:00:00
UKA00559,22.96177,26/02/2018,16:00:00
UKA00559,17.76873,26/02/2018,17:00:00
UKA00559,23.97457,26/02/2018,18:00:00
UKA00559,30.76777,26/02/2018,19:00:00
UKA00559,27.59112,26/02/2018,20:00:00
UKA00559,21.83528,26/02/2018,21:00:00
UKA00559,22.37602,26/02/2018,22:00:00
UKA00559,15.80609,26/02/2018,23:00:00
UKA00559,16.48397,26/02/2018,24:00:00
UKA00559,13.73707,27/02/2018,01:00:00
UKA00559,13.199,27/02/2018,02:00:00
UKA00559,14.37949,27/02/2018,03:00:00
UKA00559,15.93971,27/02/2018,04:00:00
UKA00559,22.628,27/02/2018,05:00:00
UKA00559,30.92223,27/02/2018,06:00:00
UKA00559,48.60931,27/02/2018,07:00:00
UKA00559,52.29374,27/02/2018,08:00:00
UKA00559,40.86066,27/02/2018,09:00:00
UKA00559,32.50228,27/02/2018,10:00:00
UKA00559,26.91939,27/02/2018,11:00:00
UKA00559,20.85992,27/02/2018,12:00:00
UKA00559,12.48195,27/02/2018,13:00:00
UKA00559,15.07882,27/02/2018,14:00:00
UKA00559,15.88594,27/02/2018,15:00:00
UKA00559,21.24724,27/02/2018,16:00:00
UKA00559,23.2945,27/02/2018,17:00:00
UKA00559,37.60248,27/02/2018,18:00:00
UKA00559,31.33156,27/02/2018,19:00:00
UKA00559,48.18272,27/02/2018,20:00:00
UKA00559,43.57176,27/02/2018,21:00:00
UKA00559,30.43794,27/02/2018,22:00:00
UKA00559,32.48153,27/02/2018,23:00:00
UKA00559,24.89191,27/02/2018,24:00:00
UKA00559,18.44289,28/02/2018,01:00:00
UKA00559,10.793,28/02/2018,02:00:00
UKA00559,18.36852,28/02/2018,03:00:00
UKA00559,17.7532,28/02/2018,04:00:00
UKA00559,17.25153,28/02/2018,05:00:00
UKA00559,25.90847,28/02/2018,06:00:00
UKA00559,34.83705,28/02/2018,07:00:00
UKA00559,32.04272,28/02/2018,08:00:00
UKA00559,40.51863,28/02/2018,09:00:00
UKA00559,25.57915,28/02/2018,10:00:00
UKA00559,22.89155,28/02/2018,11:00:00
UKA00559,19.20563,28/02/2018,12:00:00
UKA00559,17.88767,28/02/2018,13:00:00
UKA00559,20.39883,28/02/2018,14:00:00
UKA00559,19.40286,28/02/2018,15:00:00
UKA00559,23.62556,28/02/2018,16:00:00
UKA00559,25.69047,28/02/2018,17:00:00
UKA00559,21.85396,28/02/2018,18:00:00
UKA00559,23.4403,28/02/2018,19:00:00
UKA00559,22.31821,28/02/2018,20:00:00
UKA00559,19.92808,28/02/2018,21:00:00
UKA00559,18.12277,28/02/2018,22:00:00
UKA00559,15.33259,28/02/2018,23:00:00
UKA00559,10.15089,28/02/2018,24:00:00
UKA00559,9.18713,01/03/2018,01:00:00
UKA00559,7.50547,01/03/2018,02:00:00
UKA00559,7.99305,01/03/2018,03:00:00
UKA00559,8.25141,01/03/2018,04:00:00
UKA00559,8.49403,01/03/2018,05:00:00
UKA00559,10.61443,01/03/2018,06:00:00
UKA00559,13.97201,01/03/2018,07:00:00
UKA00559,18.16467,01/03/2018,08:00:00
UKA00559,23.22149,01/03/2018,09:00:00
UKA00559,19.97764,01/03/2018,10:00:00
UKA00559,18.84808,01/03/2018,11:00:00
UKA00559,17.99132,01/03/2018,12:00:00
UKA00559,20.46065,01/03/2018,13:00:00
UKA00559,20.10617,01/03/2018,14:00:00
UKA00559,20.84143,01/03/2018,15:00:00
UKA00559,23.16148,01/03/2018,16:00:00
UKA00559,22.83941,01/03/2018,17:00:00
UKA00559,22.70495,01/03/2018,18:00:00
UKA00559,18.98642,01/03/2018,19:00:00
UKA00559,16.58783,01/03/2018,20:00:00
UKA00559,15.88257,01/03/2018,21:00:00
UKA00559,14.32741,01/03/2018,22:00:00
UKA00559,13.2686,01/03/2018,23:00:00
UKA00559,12.42148,01/03/2018,24:00:00
UKA00559,10.99946,02/03/2018,01:00:00
UKA00559,10.53403,02/03/2018,02:00:00
UKA00559,10.11249,02/03/2018,03:00:00
UKA00559,9.10545,02/03/2018,04:00:00
UKA00559,9.05319,02/03/2018,05:00:00
UKA00559,9.3967,02/03/2018,06:00:00
UKA00559,11.10747,02/03/2018,07:00:00
UKA00559,13.41467,02/03/2018,08:00:00
UKA00559,15.54932,02/03/2018,09:00:00
UKA00559,14.69625,02/03/2018,10:00:00
UKA00559,13.68457,02/03/2018,11:00:00
UKA00559,12.96785,02/03/2018,12:00:00
UKA00559,14.64029,02/03/2018,13:00:00
UKA00559,15.99733,02/03/2018,14:00:00
UKA00559,18.26899,02/03/2018,15:00:00
UKA00559,20.83839,02/03/2018,16:00:00
UKA00559,23.92477,02/03/2018,17:00:00
UKA00559,24.44083,02/03/2018,18:00:00
UKA00559,23.6932,02/03/2018,19:00:00
UKA00559,23.58869,02/03/2018,20:00:00
UKA00559,21.28057,02/03/2018,21:00:00
UKA00559,20.13068,02/03/2018,22:00:00
UKA00559,20.53573,02/03/2018,23:00:00
UKA00559,20.797,02/03/2018,24:00:00
UKA00559,20.54475,03/03/2018,01:00:00
UKA00559,20.87842,03/03/2018,02:00:00
UKA00559,21.95873,03/03/2018,03:00:00
UKA00559,22.66464,03/03/2018,04:00:00
UKA00559,21.60485,03/03/2018,05:00:00
UKA00559,23.01573,03/03/2018,06:00:00
UKA00559,23.86638,03/03/2018,07:00:00
UKA00559,26.86283,03/03/2018,08:00:00
UKA00559,25.98798,03/03/2018,09:00:00
UKA00559,26.57553,03/03/2018,10:00:00
UKA00559,26.59803,03/03/2018,11:00:00
UKA00559,27.34598,03/03/2018,12:00:00
UKA00559,28.56634,03/03/2018,13:00:00
UKA00559,30.24328,03/03/2018,14:00:00
UKA00559,31.12558,03/03/2018,15:00:00
UKA00559,28.44283,03/03/2018,16:00:00
UKA00559,30.40276,03/03/2018,17:00:00
UKA00559,31.34292,03/03/2018,18:00:00
UKA00559,31.90407,03/03/2018,19:00:00
UKA00559,28.38572,03/03/2018,20:00:00
UKA00559,24.61154,03/03/2018,21:00:00
UKA00559,27.70029,03/03/2018,22:00:00
UKA00559,27.09802,03/03/2018,23:00:00
UKA00559,30.41097,03/03/2018,24:00:00
UKA00559,29.89199,04/03/2018,01:00:00
UKA00559,29.2879,04/03/2018,02:00:00
UKA00559,33.55235,04/03/2018,03:00:00
UKA00559,35.91953,04/03/2018,04:00:00
UKA00559,38.93874,04/03/2018,05:00:00
UKA00559,39.58706,04/03/2018,06:00:00
UKA00559,37.76359,04/03/2018,07:00:00
UKA00559,33.24135,04/03/2018,08:00:00
UKA00559,28.48375,04/03/2018,09:00:00
UKA00559,26.95175,04/03/2018,10:00:00
UKA00559,28.37266,04/03/2018,11:00:00
UKA00559,28.24279,04/03/2018,12:00:00
UKA00559,27.75893,04/03/2018,13:00:00
UKA00559,25.79618,04/03/2018,14:00:00
UKA00559,24.1539,04/03/2018,15:00:00
UKA00559,26.56399,04/03/2018,16:00:00
UKA00559,25.73068,04/03/2018,17:00:00
UKA00559,38.44742,04/03/2018,18:00:00
UKA00559,63.54031,04/03/2018,19:00:00
UKA00559,69.44733,04/03/2018,20:00:00
UKA00559,36.07652,04/03/2018,21:00:00
UKA00559,35.68509,04/03/2018,22:00:00
UKA00559,30.15483,04/03/2018,23:00:00
UKA00559,22.15744,04/03/2018,24:00:00
UKA00559,14.97458,05/03/2018,01:00:00
UKA00559,13.02316,05/03/2018,02:00:00
UKA00559,11.68234,05/03/2018,03:00:00
UKA00559,11.78141,05/03/2018,04:00:00
UKA00559,13.08983,05/03/2018,05:00:00
UKA00559,18.67866,05/03/2018,06:00:00
UKA00559,32.21334,05/03/2018,07:00:00
UKA00559,49.01986,05/03/2018,08:00:00
UKA00559,44.4329,05/03/2018,09:00:00
UKA00559,31.54316,05/03/2018,10:00:00
UKA00559,19.51319,05/03/2018,11:00:00
UKA00559,13.99353,05/03/2018,12:00:00
UKA00559,12.63464,05/03/2018,13:00:00
UKA00559,14.00569,05/03/2018,14:00:00
UKA00559,17.54588,05/03/2018,15:00:00
UKA00559,21.8973,05/03/2018,16:00:00
UKA00559,28.37958,05/03/2018,17:00:00
UKA00559,32.98151,05/03/2018,18:00:00
UKA00559,38.41141,05/03/2018,19:00:00
UKA00559,38.46099,05/03/2018,20:00:00
UKA00559,26.59548,05/03/2018,21:00:00
UKA00559,23.24411,05/03/2018,22:00:00
UKA00559,25.80861,05/03/2018,23:00:00
UKA00559,24.99649,05/03/2018,24:00:00
UKA00559,23.53364,06/03/2018,01:00:00
UKA00559,16.59707,06/03/2018,02:00:00
UKA00559,13.50998,06/03/2018,03:00:00
UKA00559,12.45061,06/03/2018,04:00:00
UKA00559,11.28088,06/03/2018,05:00:00
UKA00559,10.43004,06/03/2018,06:00:00
UKA00559,19.05741,06/03/2018,07:00:00
UKA00559,31.87445,06/03/2018,08:00:00
UKA00559,37.94057,06/03/2018,09:00:00
UKA00559,24.44385,06/03/2018,10:00:00
UKA00559,20.70753,06/03/2018,11:00:00
UKA00559,11.04517,06/03/2018,12:00:00
UKA00559,11.31543,06/03/2018,13:00:00
UKA00559,10.50664,06/03/2018,14:00:00
UKA00559,11.26588,06/03/2018,15:00:00
UKA00559,10.40941,06/03/2018,16:00:00
UKA00559,13.19579,06/03/2018,17:00:00
UKA00559,32.1036,06/03/2018,18:00:00
UKA00559,73.58719,06/03/2018,19:00:00
UKA00559,98.16492,06/03/2018,20:00:00
UKA00559,100.07993,06/03/2018,21:00:00
UKA00559,96.42443,06/03/2018,22:00:00
UKA00559,83.60017,06/03/2018,23:00:00
UKA00559,71.72621,06/03/2018,24:00:00
UKA00559,65.78321,07/03/2018,01:00:00
UKA00559,61.10743,07/03/2018,02:00:00
UKA00559,49.76294,07/03/2018,03:00:00
UKA00559,40.35423,07/03/2018,04:00:00
UKA00559,24.10053,07/03/2018,05:00:00
UKA00559,29.51022,07/03/2018,06:00:00
UKA00559,50.19762,07/03/2018,07:00:00
UKA00559,54.64374,07/03/2018,08:00:00
UKA00559,53.36695,07/03/2018,09:00:00
UKA00559,28.7863,07/03/2018,10:00:00
UKA00559,,07/03/2018,11:00:00
UKA00559,13.5088,07/03/2018,12:00:00
UKA00559,8.39098,07/03/2018,13:00:00
UKA00559,7.28153,07/03/2018,14:00:00
UKA00559,7.99907,07/03/2018,15:00:00
UKA00559,11.98883,07/03/2018,16:00:00
UKA00559,11.83541,07/03/2018,17:00:00
UKA00559,16.84862,07/03/2018,18:00:00
UKA00559,33.35865,07/03/2018,19:00:00
UKA00559,67.4942,07/03/2018,20:00:00
UKA00559,31.63737,07/03/2018,21:00:00
UKA00559,30.91984,07/03/2018,22:00:00
UKA00559,21.83367,07/03/2018,23:00:00
UKA00559,22.84585,07/03/2018,24:00:00
UKA00559,18.88855,08/03/2018,01:00:00
UKA00559,11.54794,08/03/2018,02:00:00
UKA00559,8.36452,08/03/2018,03:00:00
UKA00559,5.58794,08/03/2018,04:00:00
UKA00559,4.37357,08/03/2018,05:00:00
UKA00559,4.72325,08/03/2018,06:00:00
UKA00559,10.37831,08/03/2018,07:00:00
UKA00559,19.50286,08/03/2018,08:00:00
UKA00559,14.9649,08/03/2018,09:00:00
UKA00559,12.88122,08/03/2018,10:00:00
UKA00559,10.69473,08/03/2018,11:00:00
UKA00559,10.18527,08/03/2018,12:00:00
UKA00559,6.65606,08/03/2018,13:00:00
UKA00559,5.96408,08/03/2018,14:00:00
UKA00559,6.4212,08/03/2018,15:00:00
UKA00559,8.34881,08/03/2018,16:00:00
UKA00559,9.45852,08/03/2018,17:00:00
UKA00559,14.01404,08/03/2018,18:00:00
UKA00559,22.09507,08/03/2018,19:00:00
UKA00559,24.91382,08/03/2018,20:00:00
UKA00559,20.97242,08/03/2018,21:00:00
UKA00559,29.94274,08/03/2018,22:00:00
UKA00559,30.09696,08/03/2018,23:00:00
UKA00559,19.67372,08/03/2018,24:00:00
UKA00559,17.8109,09/03/2018,01:00:00
UKA00559,11.6196,09/03/2018,02:00:00
UKA00559,11.13099,09/03/2018,03:00:00
UKA00559,13.19592,09/03/2018,04:00:00
UKA00559,16.22217,09/03/2018,05:00:00
UKA00559,24.82234,09/03/2018,06:00:00
UKA00559,38.88831,09/03/2018,07:00:00
UKA00559,52.23724,09/03/2018,08:00:00
UKA00559,56.58788,09/03/2018,09:00:00
UKA00559,47.37748,09/03/2018,10:00:00
UKA00559,32.68269,09/03/2018,11:00:00
UKA00559,21.48616,09/03/2018,12:00:00
UKA00559,23.52929,09/03/2018,13:00:00
UKA00559,23.73019,09/03/2018,14:00:00
UKA00559,24.59195,09/03/2018,15:00:00
UKA00559,29.0923,09/03/2018,16:00:00
UKA00559,35.36613,09/03/2018,17:00:00
UKA00559,57.85492,09/03/2018,18:00:00
UKA00559,54.11191,09/03/2018,19:00:00
UKA00559,35.77157,09/03/2018,20:00:00
UKA00559,32.67802,09/03/2018,21:00:00
UKA00559,37.45559,09/03/2018,22:00:00
UKA00559,40.33503,09/03/2018,23:00:00
UKA00559,38.39826,09/03/2018,24:00:00
UKA00559,28.65229,10/03/2018,01:00:00
UKA00559,14.42461,10/03/2018,02:00:00
UKA00559,8.61059,10/03/2018,03:00:00
UKA00559,5.62497,10/03/2018,04:00:00
UKA00559,5.63122,10/03/2018,05:00:00
UKA00559,5.5277,10/03/2018,06:00:00
UKA00559,6.98816,10/03/2018,07:00:00
UKA00559,11.00408,10/03/2018,08:00:00
UKA00559,14.24313,10/03/2018,09:00:00
UKA00559,12.89734,10/03/2018,10:00:00
UKA00559,12.27667,10/03/2018,11:00:00
UKA00559,12.50467,10/03/2018,12:00:00
UKA00559,13.20166,10/03/2018,13:00:00
UKA00559,15.88921,10/03/2018,14:00:00
UKA00559,16.45546,10/03/2018,15:00:00
UKA00559,14.11329,10/03/2018,16:00:00
UKA00559,13.82772,10/03/2018,17:00:00
UKA00559,14.59387,10/03/2018,18:00:00
UKA00559,21.55125,10/03/2018,19:00:00
UKA00559,55.54153,10/03/2018,20:00:00
UKA00559,58.42945,10/03/2018,21:00:00
UKA00559,40.46,10/03/2018,22:00:00
UKA00559,35.1206,10/03/2018,23:00:00
UKA00559,30.59868,10/03/2018,24:00:00
UKA00559,29.41406,11/03/2018,01:00:00
UKA00559,37.92176,11/03/2018,02:00:00
UKA00559,33.88753,11/03/2018,03:00:00
UKA00559,19.71055,11/03/2018,04:00:00
UKA00559,20.04225,11/03/2018,05:00:00
UKA00559,19.14923,11/03/2018,06:00:00
UKA00559,31.97933,11/03/2018,07:00:00
UKA00559,36.49164,11/03/2018,08:00:00
UKA00559,37.89026,11/03/2018,09:00:00
UKA00559,22.67171,11/03/2018,10:00:00
UKA00559,16.67471,11/03/2018,11:00:00
UKA00559,18.00897,11/03/2018,12:00:00
UKA00559,14.39265,11/03/2018,13:00:00
UKA00559,15.35184,11/03/2018,14:00:00
UKA00559,14.922,11/03/2018,15:00:00
UKA00559,13.73014,11/03/2018,16:00:00
UKA00559,15.30455,11/03/2018,17:00:00
UKA00559,15.24539,11/03/2018,18:00:00
UKA00559,18.48098,11/03/2018,19:00:00
UKA00559,16.67214,11/03/2018,20:00:00
UKA00559,15.9189,11/03/2018,21:00:00
UKA00559,17.80795,11/03/2018,22:00:00
UKA00559,16.04863,11/03/2018,23:00:00
UKA00559,12.47608,11/03/2018,24:00:00
UKA00559,10.59562,12/03/2018,01:00:00
UKA00559,10.45444,12/03/2018,02:00:00
UKA00559,11.06135,12/03/2018,03:00:00
UKA00559,12.12066,12/03/2018,04:00:00
UKA00559,13.47438,12/03/2018,05:00:00
UKA00559,17.70643,12/03/2018,06:00:00
UKA00559,25.74956,12/03/2018,07:00:00
UKA00559,37.10488,12/03/2018,08:00:00
UKA00559,42.00794,12/03/2018,09:00:00
UKA00559,39.66292,12/03/2018,10:00:00
UKA00559,33.9407,12/03/2018,11:00:00
UKA00559,37.73156,12/03/2018,12:00:00
UKA00559,34.07243,12/03/2018,13:00:00
UKA00559,28.61149,12/03/2018,14:00:00
UKA00559,23.84786,12/03/2018,15:00:00
UKA00559,28.83533,12/03/2018,16:00:00
UKA00559,38.26187,12/03/2018,17:00:00
UKA00559,52.67112,12/03/2018,18:00:00
UKA00559,44.26775,12/03/2018,19:00:00
UKA00559,37.33257,12/03/2018,20:00:00
UKA00559,34.77449,12/03/2018,21:00:00
UKA00559,33.75997,12/03/2018,22:00:00
UKA00559,31.46919,12/03/2018,23:00:00
UKA00559,26.50584,12/03/2018,24:00:00
UKA00559,24.39664,13/03/2018,01:00:00
UKA00559,21.24485,13/03/2018,02:00:00
UKA00559,21.51102,13/03/2018,03:00:00
UKA00559,17.14157,13/03/2018,04:00:00
UKA00559,16.13834,13/03/2018,05:00:00
UKA00559,19.29394,13/03/2018,06:00:00
UKA00559,28.54292,13/03/2018,07:00:00
UKA00559,39.96546,13/03/2018,08:00:00
UKA00559,46.14224,13/03/2018,09:00:00
UKA00559,34.85845,13/03/2018,10:00:00
UKA00559,29.06279,13/03/2018,11:00:00
UKA00559,19.0969,13/03/2018,12:00:00
UKA00559,12.49639,13/03/2018,13:00:00
UKA00559,9.7578,13/03/2018,14:00:00
UKA00559,7.86131,13/03/2018,15:00:00
UKA00559,10.17228,13/03/2018,16:00:00
UKA00559,9.18089,13/03/2018,17:00:00
UKA00559,20.69982,13/03/2018,18:00:00
UKA00559,35.42974,13/03/2018,19:00:00
UKA00559,48.88112,13/03/2018,20:00:00
UKA00559,52.10904,13/03/2018,21:00:00
UKA00559,50.80467,13/03/2018,22:00:00
UKA00559,44.3556,13/03/2018,23:00:00
UKA00559,34.42905,13/03/2018,24:00:00
UKA00559,27.92916,14/03/2018,01:00:00
UKA00559,16.75005,14/03/2018,02:00:00
UKA00559,13.411,14/03/2018,03:00:00
UKA00559,8.18147,14/03/2018,04:00:00
UKA00559,7.48059,14/03/2018,05:00:00
UKA00559,12.60122,14/03/2018,06:00:00
UKA00559,16.91125,14/03/2018,07:00:00
UKA00559,20.19454,14/03/2018,08:00:00
UKA00559,19.52291,14/03/2018,09:00:00
UKA00559,15.8759,14/03/2018,10:00:00
UKA00559,13.57787,14/03/2018,11:00:00
UKA00559,11.4324,14/03/2018,12:00:00
UKA00559,10.75309,14/03/2018,13:00:00
UKA00559,8.40476,14/03/2018,14:00:00
UKA00559,8.3528,14/03/2018,15:00:00
UKA00559,12.41299,14/03/2018,16:00:00
UKA00559,13.76694,14/03/2018,17:00:00
UKA00559,19.03847,14/03/2018,18:00:00
UKA00559,21.86191,14/03/2018,19:00:00
UKA00559,25.1955,14/03/2018,20:00:00
UKA00559,24.72901,14/03/2018,21:00:00
UKA00559,18.12011,14/03/2018,22:00:00
UKA00559,18.56535,14/03/2018,23:00:00
UKA00559,14.86887,14/03/2018,24:00:00
UKA00559,12.58783,15/03/2018,01:00:00
UKA00559,10.18142,15/03/2018,02:00:00
UKA00559,10.23705,15/03/2018,03:00:00
UKA00559,9.3784,15/03/2018,04:00:00
UKA00559,9.12868,15/03/2018,05:00:00
UKA00559,11.39243,15/03/2018,06:00:00
UKA00559,16.63978,15/03/2018,07:00:00
UKA00559,24.85121,15/03/2018,08:00:00
UKA00559,28.37393,15/03/2018,09:00:00
UKA00559,21.81652,15/03/2018,10:00:00
UKA00559,18.9131,15/03/2018,11:00:00
UKA00559,13.75245,15/03/2018,12:00:00
UKA00559,15.01895,15/03/2018,13:00:00
UKA00559,15.0157,15/03/2018,14:00:00
UKA00559,14.28262,15/03/2018,15:00:00
UKA00559,16.39068,15/03/2018,16:00:00
UKA00559,16.96806,15/03/2018,17:00:00
UKA00559,31.18922,15/03/2018,18:00:00
UKA00559,36.04174,15/03/2018,19:00:00
UKA00559,44.16991,15/03/2018,20:00:00
UKA00559,39.67071,15/03/2018,21:00:00
UKA00559,30.96554,15/03/2018,22:00:00
UKA00559,23.36204,15/03/2018,23:00:00
UKA00559,22.7411,15/03/2018,24:00:00
UKA00559,25.08961,16/03/2018,01:00:00
UKA00559,15.58624,16/03/2018,02:00:00
UKA00559,16.20638,16/03/2018,03:00:00
UKA00559,14.0533,16/03/2018,04:00:00
UKA00559,13.14261,16/03/2018,05:00:00
UKA00559,16.40574,16/03/2018,06:00:00
UKA00559,23.45749,16/03/2018,07:00:00
UKA00559,30.62168,16/03/2018,08:00:00
UKA00559,15.78292,16/03/2018,09:00:00
UKA00559,10.25346,16/03/2018,10:00:00
UKA00559,9.401,16/03/2018,11:00:00
UKA00559,10.20801,16/03/2018,12:00:00
UKA00559,12.25663,16/03/2018,13:00:00
UKA00559,10.393,16/03/2018,14:00:00
UKA00559,10.92168,16/03/2018,15:00:00
UKA00559,15.0923,16/03/2018,16:00:00
UKA00559,24.75726,16/03/2018,17:00:00
UKA00559,28.1265,16/03/2018,18:00:00
UKA00559,36.57615,16/03/2018,19:00:00
UKA00559,35.91906,16/03/2018,20:00:00
UKA00559,24.79717,16/03/2018,21:00:00
UKA00559,22.14888,16/03/2018,22:00:00
UKA00559,19.86025,16/03/2018,23:00:00
UKA00559,17.10749,16/03/2018,24:00:00
UKA00559,15.03431,17/03/2018,01:00:00
UKA00559,11.02391,17/03/2018,02:00:00
UKA00559,9.11756,17/03/2018,03:00:00
UKA00559,7.71251,17/03/2018,04:00:00
UKA00559,6.76012,17/03/2018,05:00:00
UKA00559,7.01116,17/03/2018,06:00:00
UKA00559,6.99942,17/03/2018,07:00:00
UKA00559,8.45468,17/03/2018,08:00:00
UKA00559,8.46655,17/03/2018,09:00:00
UKA00559,8.57635,17/03/2018,10:00:00
UKA00559,10.20036,17/03/2018,11:00:00
UKA00559,8.56383,17/03/2018,12:00:00
UKA00559,8.95846,17/03/2018,13:00:00
UKA00559,9.10517,17/03/2018,14:00:00
UKA00559,8.67442,17/03/2018,15:00:00
UKA00559,8.87134,17/03/2018,16:00:00
UKA00559,8.19112,17/03/2018,17:00:00
UKA00559,10.65445,17/03/2018,18:00:00
UKA00559,10.51322,17/03/2018,19:00:00
UKA00559,11.22552,17/03/2018,20:00:00
UKA00559,10.5736,17/03/2018,21:00:00
UKA00559,7.56501,17/03/2018,22:00:00
UKA00559,9.2211,17/03/2018,23:00:00
UKA00559,6.462,17/03/2018,24:00:00
UKA00559,6.07596,18/03/2018,01:00:00
UKA00559,5.47689,18/03/2018,02:00:00
UKA00559,4.7029,18/03/2018,03:00:00
UKA00559,4.7075,18/03/2018,04:00:00
UKA00559,4.60485,18/03/2018,05:00:00
UKA00559,4.95762,18/03/2018,06:00:00
UKA00559,6.86667,18/03/2018,07:00:00
UKA00559,6.50853,18/03/2018,08:00:00
UKA00559,6.0393,18/03/2018,09:00:00
UKA00559,7.28914,18/03/2018,10:00:00
UKA00559,9.08864,18/03/2018,11:00:00
UKA00559,9.43145,18/03/2018,12:00:00
UKA00559,9.33186,18/03/2018,13:00:00
UKA00559,10.2837,18/03/2018,14:00:00
UKA00559,10.64414,18/03/2018,15:00:00
UKA00559,12.15254,18/03/2018,16:00:00
UKA00559,12.5555,18/03/2018,17:00:00
UKA00559,12.89831,18/03/2018,18:00:00
UKA00559,11.60749,18/03/2018,19:00:00
UKA00559,12.46434,18/03/2018,20:00:00
UKA00559,12.16634,18/03/2018,21:00:00
UKA00559,11.96793,18/03/2018,22:00:00
UKA00559,9.26754,18/03/2018,23:00:00
UKA00559,7.20872,18/03/2018,24:00:00
UKA00559,7.00958,19/03/2018,01:00:00
UKA00559,6.20322,19/03/2018,02:00:00
UKA00559,6.31253,19/03/2018,03:00:00
UKA00559,6.66056,19/03/2018,04:00:00
UKA00559,5.8058,19/03/2018,05:00:00
UKA00559,6.8095,19/03/2018,06:00:00
UKA00559,11.21043,19/03/2018,07:00:00
UKA00559,12.74096,19/03/2018,08:00:00
UKA00559,13.31268,19/03/2018,09:00:00
UKA00559,11.79175,19/03/2018,10:00:00
UKA00559,8.57574,19/03/2018,11:00:00
UKA00559,8.21495,19/03/2018,12:00:00
UKA00559,7.17913,19/03/2018,13:00:00
UKA00559,7.07508,19/03/2018,14:00:00
UKA00559,7.86692,19/03/2018,15:00:00
UKA00559,9.2224,19/03/2018,16:00:00
UKA00559,9.90944,19/03/2018,17:00:00
UKA00559,16.21371,19/03/2018,18:00:00
UKA00559,18.11479,19/03/2018,19:00:00
UKA00559,19.47327,19/03/2018,20:00:00
UKA00559,12.08679,19/03/2018,21:00:00
UKA00559,19.77882,19/03/2018,22:00:00
UKA00559,18.18088,19/03/2018,23:00:00
UKA00559,14.98573,19/03/2018,24:00:00
UKA00559,14.95246,20/03/2018,01:00:00
UKA00559,12.48789,20/03/2018,02:00:00
UKA00559,16.22453,20/03/2018,03:00:00
UKA00559,13.01854,20/03/2018,04:00:00
UKA00559,29.58286,20/03/2018,05:00:00
UKA00559,30.23584,20/03/2018,06:00:00
UKA00559,42.16444,20/03/2018,07:00:00
UKA00559,48.69491,20/03/2018,08:00:00
UKA00559,52.96033,20/03/2018,09:00:00
UKA00559,20.64459,20/03/2018,10:00:00
UKA00559,17.50415,20/03/2018,11:00:00
UKA00559,14.64972,20/03/2018,12:00:00
UKA00559,14.40722,20/03/2018,13:00:00
UKA00559,17.98241,20/03/2018,14:00:00
UKA00559,14.34314,20/03/2018,15:00:00
UKA00559,18.21828,20/03/2018,16:00:00
UKA00559,21.13313,20/03/2018,17:00:00
UKA00559,25.7925,20/03/2018,18:00:00
UKA00559,41.03099,20/03/2018,19:00:00
UKA00559,70.48825,20/03/2018,20:00:00
UKA00559,88.87244,20/03/2018,21:00:00
UKA00559,67.97569,20/03/2018,22:00:00
UKA00559,62.53749,20/03/2018,23:00:00
UKA00559,73.38558,20/03/2018,24:00:00
UKA00559,61.06269,21/03/2018,01:00:00
UKA00559,43.31325,21/03/2018,02:00:00
UKA00559,36.79449,21/03/2018,03:00:00
UKA00559,32.4835,21/03/2018,04:00:00
UKA00559,31.08253,21/03/2018,05:00:00
UKA00559,36.12971,21/03/2018,06:00:00
UKA00559,49.02472,21/03/2018,07:00:00
UKA00559,49.73804,21/03/2018,08:00:00
UKA00559,36.38623,21/03/2018,09:00:00
UKA00559,24.24295,21/03/2018,10:00:00
UKA00559,13.89557,21/03/2018,11:00:00
UKA00559,10.42552,21/03/2018,12:00:00
UKA00559,7.88553,21/03/2018,13:00:00
UKA00559,8.89012,21/03/2018,14:00:00
UKA00559,8.83572,21/03/2018,15:00:00
UKA00559,10.72244,21/03/2018,16:00:00
UKA00559,14.45731,21/03/2018,17:00:00
UKA00559,15.74759,21/03/2018,18:00:00
UKA00559,18.00793,21/03/2018,19:00:00
UKA00559,16.14765,21/03/2018,20:00:00
UKA00559,14.81466,21/03/2018,21:00:00
UKA00559,11.65996,21/03/2018,22:00:00
UKA00559,9.25152,21/03/2018,23:00:00
UKA00559,7.44986,21/03/2018,24:00:00
UKA00559,7.39694,22/03/2018,01:00:00
UKA00559,,22/03/2018,02:00:00
UKA00559,6.14908,22/03/2018,03:00:00
UKA00559,5.66544,22/03/2018,04:00:00
UKA00559,8.49887,22/03/2018,05:00:00
UKA00559,12.25162,22/03/2018,06:00:00
UKA00559,23.29557,22/03/2018,07:00:00
UKA00559,35.41338,22/03/2018,08:00:00
UKA00559,20.87752,22/03/2018,09:00:00
UKA00559,9.23281,22/03/2018,10:00:00
UKA00559,8.63637,22/03/2018,11:00:00
UKA00559,8.42911,22/03/2018,12:00:00
UKA00559,6.92674,22/03/2018,13:00:00
UKA00559,6.38176,22/03/2018,14:00:00
UKA00559,5.98554,22/03/2018,15:00:00
UKA00559,7.98846,22/03/2018,16:00:00
UKA00559,10.49123,22/03/2018,17:00:00
UKA00559,13.19493,22/03/2018,18:00:00
UKA00559,19.45748,22/03/2018,19:00:00
UKA00559,17.44682,22/03/2018,20:00:00
UKA00559,17.79088,22/03/2018,21:00:00
UKA00559,12.79308,22/03/2018,22:00:00
UKA00559,9.94555,22/03/2018,23:00:00
UKA00559,6.84281,22/03/2018,24:00:00
UKA00559,5.38617,23/03/2018,01:00:00
UKA00559,3.52317,23/03/2018,02:00:00
UKA00559,3.24405,23/03/2018,03:00:00
UKA00559,3.09466,23/03/2018,04:00:00
UKA00559,3.13987,23/03/2018,05:00:00
UKA00559,4.08966,23/03/2018,06:00:00
UKA00559,7.98815,23/03/2018,07:00:00
UKA00559,12.13265,23/03/2018,08:00:00
UKA00559,13.3243,23/03/2018,09:00:00
UKA00559,8.88103,23/03/2018,10:00:00
UKA00559,5.53625,23/03/2018,11:00:00
UKA00559,7.58589,23/03/2018,12:00:00
UKA00559,7.33095,23/03/2018,13:00:00
UKA00559,5.98028,23/03/2018,14:00:00
UKA00559,6.62785,23/03/2018,15:00:00
UKA00559,9.569,23/03/2018,16:00:00
UKA00559,15.11625,23/03/2018,17:00:00
UKA00559,20.52238,23/03/2018,18:00:00
UKA00559,34.01877,23/03/2018,19:00:00
UKA00559,53.1602,23/03/2018,20:00:00
UKA00559,57.3793,23/03/2018,21:00:00
UKA00559,32.67291,23/03/2018,22:00:00
UKA00559,29.75359,23/03/2018,23:00:00
UKA00559,21.13643,23/03/2018,24:00:00
UKA00559,21.37873,24/03/2018,01:00:00
UKA00559,27.57713,24/03/2018,02:00:00
UKA00559,18.98573,24/03/2018,03:00:00
UKA00559,12.98305,24/03/2018,04:00:00
UKA00559,12.88374,24/03/2018,05:00:00
UKA00559,21.57871,24/03/2018,06:00:00
UKA00559,42.65706,24/03/2018,07:00:00
UKA00559,26.87768,24/03/2018,08:00:00
UKA00559,24.47888,24/03/2018,09:00:00
UKA00559,21.52922,24/03/2018,10:00:00
UKA00559,20.16349,24/03/2018,11:00:00
UKA00559,16.28654,24/03/2018,12:00:00
UKA00559,14.66698,24/03/2018,13:00:00
UKA00559,21.93901,24/03/2018,14:00:00
UKA00559,24.25219,24/03/2018,15:00:00
UKA00559,29.08684,24/03/2018,16:00:00
UKA00559,28.3802,24/03/2018,17:00:00
UKA00559,25.00815,24/03/2018,18:00:00
UKA00559,27.67331,24/03/2018,19:00:00
UKA00559,41.96562,24/03/2018,20:00:00
UKA00559,35.2711,24/03/2018,21:00:00
UKA00559,37.22289,24/03/2018,22:00:00
UKA00559,35.6771,24/03/2018,23:00:00
UKA00559,35.82372,24/03/2018,24:00:00
UKA00559,35.48655,25/03/2018,01:00:00
UKA00559,29.42341,25/03/2018,02:00:00
UKA00559,28.457,25/03/2018,03:00:00
UKA00559,27.11323,25/03/2018,04:00:00
UKA00559,23.31862,25/03/2018,05:00:00
UKA00559,25.56567,25/03/2018,06:00:00
UKA00559,29.78436,25/03/2018,07:00:00
UKA00559,29.58006,25/03/2018,08:00:00
UKA00559,28.44278,25/03/2018,09:00:00
UKA00559,22.46413,25/03/2018,10:00:00
UKA00559,14.58693,25/03/2018,11:00:00
UKA00559,14.06884,25/03/2018,12:00:00
UKA00559,10.93688,25/03/2018,13:00:00
UKA00559,8.80747,25/03/2018,14:00:00
UKA00559,8.20332,25/03/2018,15:00:00
UKA00559,10.35372,25/03/2018,16:00:00
UKA00559,10.06838,25/03/2018,17:00:00
UKA00559,12.86241,25/03/2018,18:00:00
UKA00559,20.26427,25/03/2018,19:00:00
UKA00559,25.81089,25/03/2018,20:00:00
UKA00559,23.67099,25/03/2018,21:00:00
UKA00559,30.21164,25/03/2018,22:00:00
UKA00559,28.55627,25/03/2018,23:00:00
UKA00559,26.26254,25/03/2018,24:00:00
UKA00559,25.08948,26/03/2018,01:00:00
UKA00559,20.22249,26/03/2018,02:00:00
UKA00559,17.8639,26/03/2018,03:00:00
UKA00559,18.95794,26/03/2018,04:00:00
UKA00559,21.90656,26/03/2018,05:00:00
UKA00559,29.44134,26/03/2018,06:00:00
UKA00559,64.98697,26/03/2018,07:00:00
UKA00559,61.02419,26/03/2018,08:00:00
UKA00559,46.12642,26/03/2018,09:00:00
UKA00559,21.71379,26/03/2018,10:00:00
UKA00559,14.12207,26/03/2018,11:00:00
UKA00559,13.37564,26/03/2018,12:00:00
UKA00559,6.57452,26/03/2018,13:00:00
UKA00559,6.02525,26/03/2018,14:00:00
UKA00559,8.16405,26/03/2018,15:00:00
UKA00559,10.50707,26/03/2018,16:00:00
UKA00559,16.34412,26/03/2018,17:00:00
UKA00559,17.59757,26/03/2018,18:00:00
UKA00559,21.29519,26/03/2018,19:00:00
UKA00559,19.85546,26/03/2018,20:00:00
UKA00559,19.8068,26/03/2018,21:00:00
UKA00559,15.86016,26/03/2018,22:00:00
UKA00559,9.62365,26/03/2018,23:00:00
UKA00559,8.17558,26/03/2018,24:00:00
UKA00559,4.97859,27/03/2018,01:00:00
UKA00559,4.24502,27/03/2018,02:00:00
UKA00559,3.77947,27/03/2018,03:00:00
UKA00559,3.52934,27/03/2018,04:00:00
UKA00559,4.72512,27/03/2018,05:00:00
UKA00559,8.51334,27/03/2018,06:00:00
UKA00559,15.38115,27/03/2018,07:00:00
UKA00559,22.20531,27/03/2018,08:00:00
UKA00559,19.55047,27/03/2018,09:00:00
UKA00559,15.26323,27/03/2018,10:00:00
UKA00559,15.40044,27/03/2018,11:00:00
UKA00559,12.18551,27/03/2018,12:00:00
UKA00559,14.63074,27/03/2018,13:00:00
UKA00559,23.8645,27/03/2018,14:00:00
UKA00559,19.49932,27/03/2018,15:00:00
UKA00559,18.76453,27/03/2018,16:00:00
UKA00559,12.88977,27/03/2018,17:00:00
UKA00559,14.49541,27/03/2018,18:00:00
UKA00559,14.05128,27/03/2018,19:00:00
UKA00559,15.00006,27/03/2018,20:00:00
UKA00559,8.67618,27/03/2018,21:00:00
UKA00559,10.1695,27/03/2018,22:00:00
UKA00559,9.01862,27/03/2018,23:00:00
UKA00559,7.12545,27/03/2018,24:00:00
UKA00559,4.64173,28/03/2018,01:00:00
UKA00559,4.77797,28/03/2018,02:00:00
UKA00559,4.82236,28/03/2018,03:00:00
UKA00559,6.0716,28/03/2018,04:00:00
UKA00559,8.16622,28/03/2018,05:00:00
UKA00559,18.23976,28/03/2018,06:00:00
UKA00559,44.4815,28/03/2018,07:00:00
UKA00559,55.02687,28/03/2018,08:00:00
UKA00559,37.8138,28/03/2018,09:00:00
UKA00559,44.75384,28/03/2018,10:00:00
UKA00559,28.15507,28/03/2018,11:00:00
UKA00559,26.72089,28/03/2018,12:00:00
UKA00559,12.50135,28/03/2018,13:00:00
UKA00559,13.82848,28/03/2018,14:00:00
UKA00559,28.87817,28/03/2018,15:00:00
UKA00559,16.44002,28/03/2018,16:00:00
UKA00559,28.89645,28/03/2018,17:00:00
UKA00559,24.48099,28/03/2018,18:00:00
UKA00559,30.82875,28/03/2018,19:00:00
UKA00559,35.84032,28/03/2018,20:00:00
UKA00559,24.32536,28/03/2018,21:00:00
UKA00559,26.3689,28/03/2018,22:00:00
UKA00559,27.5123,28/03/2018,23:00:00
UKA00559,16.14513,28/03/2018,24:00:00
UKA00559,16.66524,29/03/2018,01:00:00
UKA00559,13.14549,29/03/2018,02:00:00
UKA00559,13.69335,29/03/2018,03:00:00
UKA00559,12.84189,29/03/2018,04:00:00
UKA00559,16.72952,29/03/2018,05:00:00
UKA00559,37.6119,29/03/2018,06:00:00
UKA00559,44.91069,29/03/2018,07:00:00
UKA00559,44.0236,29/03/2018,08:00:00
UKA00559,24.74211,29/03/2018,09:00:00
UKA00559,14.4101,29/03/2018,10:00:00
UKA00559,14.72992,29/03/2018,11:00:00
UKA00559,16.0881,29/03/2018,12:00:00
UKA00559,15.93205,29/03/2018,13:00:00
UKA00559,15.09305,29/03/2018,14:00:00
UKA00559,14.90437,29/03/2018,15:00:00
UKA00559,25.37522,29/03/2018,16:00:00
UKA00559,21.45792,29/03/2018,17:00:00
UKA00559,23.69189,29/03/2018,18:00:00
UKA00559,28.96143,29/03/2018,19:00:00
UKA00559,36.52013,29/03/2018,20:00:00
UKA00559,31.74247,29/03/2018,21:00:00
UKA00559,14.93463,29/03/2018,22:00:00
UKA00559,12.04324,29/03/2018,23:00:00
UKA00559,8.60655,29/03/2018,24:00:00
UKA00559,7.69484,30/03/2018,01:00:00
UKA00559,6.62682,30/03/2018,02:00:00
UKA00559,5.31763,30/03/2018,03:00:00
UKA00559,5.82094,30/03/2018,04:00:00
UKA00559,8.1082,30/03/2018,05:00:00
UKA00559,15.6731,30/03/2018,06:00:00
UKA00559,15.3673,30/03/2018,07:00:00
UKA00559,14.47302,30/03/2018,08:00:00
UKA00559,17.14721,30/03/2018,09:00:00
UKA00559,23.65279,30/03/2018,10:00:00
UKA00559,19.36906,30/03/2018,11:00:00
UKA00559,18.02359,30/03/2018,12:00:00
UKA00559,14.05431,30/03/2018,13:00:00
UKA00559,13.51332,30/03/2018,14:00:00
UKA00559,16.11216,30/03/2018,15:00:00
UKA00559,21.23806,30/03/2018,16:00:00
UKA00559,16.02178,30/03/2018,17:00:00
UKA00559,13.88049,30/03/2018,18:00:00
UKA00559,16.52277,30/03/2018,19:00:00
UKA00559,14.68266,30/03/2018,20:00:00
UKA00559,15.63311,30/03/2018,21:00:00
UKA00559,12.39251,30/03/2018,22:00:00
UKA00559,9.05403,30/03/2018,23:00:00
UKA00559,10.49392,30/03/2018,24:00:00
UKA00559,8.55397,31/03/2018,01:00:00
UKA00559,6.23164,31/03/2018,02:00:00
UKA00559,5.37009,31/03/2018,03:00:00
UKA00559,6.66438,31/03/2018,04:00:00
UKA00559,7.11016,31/03/2018,05:00:00
UKA00559,9.34522,31/03/2018,06:00:00
UKA00559,15.67181,31/03/2018,07:00:00
UKA00559,17.98171,31/03/2018,08:00:00
UKA00559,20.71681,31/03/2018,09:00:00
UKA00559,18.83842,31/03/2018,10:00:00
UKA00559,23.36562,31/03/2018,11:00:00
UKA00559,23.637,31/03/2018,12:00:00
UKA00559,25.20636,31/03/2018,13:00:00
UKA00559,27.26984,31/03/2018,14:00:00
UKA00559,20.64793,31/03/2018,15:00:00
UKA00559,17.23219,31/03/2018,16:00:00
UKA00559,17.83574,31/03/2018,17:00:00
UKA00559,16.75799,31/03/2018,18:00:00
UKA00559,17.80225,31/03/2018,19:00:00
UKA00559,15.41954,31/03/2018,20:00:00
UKA00559,12.53565,31/03/2018,21:00:00
UKA00559,10.44432,31/03/2018,22:00:00
UKA00559,9.39331,31/03/2018,23:00:00
UKA00559,9.9918,31/03/2018,24:00:00
UKA00559,9.66964,01/04/2018,01:00:00
UKA00559,13.85092,01/04/2018,02:00:00
UKA00559,12.72759,01/04/2018,03:00:00
UKA00559,13.76964,01/04/2018,04:00:00
UKA00559,13.22346,01/04/2018,05:00:00
UKA00559,15.11183,01/04/2018,06:00:00
UKA00559,20.27015,01/04/2018,07:00:00
UKA00559,23.21381,01/04/2018,08:00:00
UKA00559,15.13325,01/04/2018,09:00:00
UKA00559,9.12806,01/04/2018,10:00:00
UKA00559,9.11771,01/04/2018,11:00:00
UKA00559,8.87604,01/04/2018,12:00:00
UKA00559,12.14,01/04/2018,13:00:00
UKA00559,14.17544,01/04/2018,14:00:00
UKA00559,13.52595,01/04/2018,15:00:00
UKA00559,9.42766,01/04/2018,16:00:00
UKA00559,17.66347,01/04/2018,17:00:00
UKA00559,18.76236,01/04/2018,18:00:00
UKA00559,21.19744,01/04/2018,19:00:00
UKA00559,19.11498,01/04/2018,20:00:00
UKA00559,17.22498,01/04/2018,21:00:00
UKA00559,15.45137,01/04/2018,22:00:00
UKA00559,11.23178,01/04/2018,23:00:00
UKA00559,12.07592,01/04/2018,24:00:00
UKA00559,16.69555,02/04/2018,01:00:00
UKA00559,18.08067,02/04/2018,02:00:00
UKA00559,13.95774,02/04/2018,03:00:00
UKA00559,7.69982,02/04/2018,04:00:00
UKA00559,6.35736,02/04/2018,05:00:00
UKA00559,8.93913,02/04/2018,06:00:00
UKA00559,13.46053,02/04/2018,07:00:00
UKA00559,16.92616,02/04/2018,08:00:00
UKA00559,14.68027,02/04/2018,09:00:00
UKA00559,12.15033,02/04/2018,10:00:00
UKA00559,15.22084,02/04/2018,11:00:00
UKA00559,15.51917,02/04/2018,12:00:00
UKA00559,13.78053,02/04/2018,13:00:00
UKA00559,10.4519,02/04/2018,14:00:00
UKA00559,11.66001,02/04/2018,15:00:00
UKA00559,9.17715,02/04/2018,16:00:00
UKA00559,7.38351,02/04/2018,17:00:00
UKA00559,8.37739,02/04/2018,18:00:00
UKA00559,9.97427,02/04/2018,19:00:00
UKA00559,11.07341,02/04/2018,20:00:00
UKA00559,9.23481,02/04/2018,21:00:00
UKA00559,9.08036,02/04/2018,22:00:00
UKA00559,6.99473,02/04/2018,23:00:00
UKA00559,4.86521,02/04/2018,24:00:00
UKA00559,4.69099,03/04/2018,01:00:00
UKA00559,3.70198,03/04/2018,02:00:00
UKA00559,3.47112,03/04/2018,03:00:00
UKA00559,4.11247,03/04/2018,04:00:00
UKA00559,5.49866,03/04/2018,05:00:00
UKA00559,8.78641,03/04/2018,06:00:00
UKA00559,13.24774,03/04/2018,07:00:00
UKA00559,13.97974,03/04/2018,08:00:00
UKA00559,9.70999,03/04/2018,09:00:00
UKA00559,9.75917,03/04/2018,10:00:00
UKA00559,9.70691,03/04/2018,11:00:00
UKA00559,6.48373,03/04/2018,12:00:00
UKA00559,5.34599,03/04/2018,13:00:00
UKA00559,5.94381,03/04/2018,14:00:00
UKA00559,5.59393,03/04/2018,15:00:00
UKA00559,6.98576,03/04/2018,16:00:00
UKA00559,8.22545,03/04/2018,17:00:00
UKA00559,10.01994,03/04/2018,18:00:00
UKA00559,16.87819,03/04/2018,19:00:00
UKA00559,13.59968,03/04/2018,20:00:00
UKA00559,13.79279,03/04/2018,21:00:00
UKA00559,13.30102,03/04/2018,22:00:00
UKA00559,8.08511,03/04/2018,23:00:00
UKA00559,8.58355,03/04/2018,24:00:00
UKA00559,8.19777,04/04/2018,01:00:00
UKA00559,6.54643,04/04/2018,02:00:00
UKA00559,6.44529,04/04/2018,03:00:00
UKA00559,8.2807,04/04/2018,04:00:00
UKA00559,8.97643,04/04/2018,05:00:00
UKA00559,11.25231,04/04/2018,06:00:00
UKA00559,13.18057,04/04/2018,07:00:00
UKA00559,14.11763,04/04/2018,08:00:00
UKA00559,13.12145,04/04/2018,09:00:00
UKA00559,10.6946,04/04/2018,10:00:00
UKA00559,10.94191,04/04/2018,11:00:00
UKA00559,10.83811,04/04/2018,12:00:00
UKA00559,9.94573,04/04/2018,13:00:00
UKA00559,11.73198,04/04/2018,14:00:00
UKA00559,15.38708,04/04/2018,15:00:00
UKA00559,13.43135,04/04/2018,16:00:00
UKA00559,20.13439,04/04/2018,17:00:00
UKA00559,18.34316,04/04/2018,18:00:00
UKA00559,17.49945,04/04/2018,19:00:00
UKA00559,12.7406,04/04/2018,20:00:00
UKA00559,10.46124,04/04/2018,21:00:00
UKA00559,8.67698,04/04/2018,22:00:00
UKA00559,5.55141,04/04/2018,23:00:00
UKA00559,8.17989,04/04/2018,24:00:00
UKA00559,7.13693,05/04/2018,01:00:00
UKA00559,7.39776,05/04/2018,02:00:00
UKA00559,7.68333,05/04/2018,03:00:00
UKA00559,7.2333,05/04/2018,04:00:00
UKA00559,11.74712,05/04/2018,05:00:00
UKA00559,24.49598,05/04/2018,06:00:00
UKA00559,36.43872,05/04/2018,07:00:00
UKA00559,32.38215,05/04/2018,08:00:00
UKA00559,21.63966,05/04/2018,09:00:00
UKA00559,17.67272,05/04/2018,10:00:00
UKA00559,15.25439,05/04/2018,11:00:00
UKA00559,15.89716,05/04/2018,12:00:00
UKA00559,10.72226,05/04/2018,13:00:00
UKA00559,7.56239,05/04/2018,14:00:00
UKA00559,5.03758,05/04/2018,15:00:00
UKA00559,5.5382,05/04/2018,16:00:00
UKA00559,7.81873,05/04/2018,17:00:00
UKA00559,8.56749,05/04/2018,18:00:00
UKA00559,14.86459,05/04/2018,19:00:00
UKA00559,14.47334,05/04/2018,20:00:00
UKA00559,7.33111,05/04/2018,21:00:00
UKA00559,6.88445,05/04/2018,22:00:00
UKA00559,4.75089,05/04/2018,23:00:00
UKA00559,3.85997,05/04/2018,24:00:00
UKA00559,2.70206,06/04/2018,01:00:00
UKA00559,3.16373,06/04/2018,02:00:00
UKA00559,4.06054,06/04/2018,03:00:00
UKA00559,4.94958,06/04/2018,04:00:00
UKA00559,7.62463,06/04/2018,05:00:00
UKA00559,11.24485,06/04/2018,06:00:00
UKA00559,14.35696,06/04/2018,07:00:00
UKA00559,19.54195,06/04/2018,08:00:00
UKA00559,18.52855,06/04/2018,09:00:00
UKA00559,16.16274,06/04/2018,10:00:00
UKA00559,15.12257,06/04/2018,11:00:00
UKA00559,12.69831,06/04/2018,12:00:00
UKA00559,9.44253,06/04/2018,13:00:00
UKA00559,8.79356,06/04/2018,14:00:00
UKA00559,9.98951,06/04/2018,15:00:00
UKA00559,11.0816,06/04/2018,16:00:00
UKA00559,14.30457,06/04/2018,17:00:00
UKA00559,18.61729,06/04/2018,18:00:00
UKA00559,21.99837,06/04/2018,19:00:00
UKA00559,32.10153,06/04/2018,20:00:00
UKA00559,35.62861,06/04/2018,21:00:00
UKA00559,34.88696,06/04/2018,22:00:00
UKA00559,29.88731,06/04/2018,23:00:00
UKA00559,33.65353,06/04/2018,24:00:00
UKA00559,48.31094,07/04/2018,01:00:00
UKA00559,43.96458,07/04/2018,02:00:00
UKA00559,43.87253,07/04/2018,03:00:00
UKA00559,39.25684,07/04/2018,04:00:00
UKA00559,46.18105,07/04/2018,05:00:00
UKA00559,52.88141,07/04/2018,06:00:00
UKA00559,52.74214,07/04/2018,07:00:00
UKA00559,48.37966,07/04/2018,08:00:00
UKA00559,56.96978,07/04/2018,09:00:00
UKA00559,40.18881,07/04/2018,10:00:00
UKA00559,28.73546,07/04/2018,11:00:00
UKA00559,27.75356,07/04/2018,12:00:00
UKA00559,22.19789,07/04/2018,13:00:00
UKA00559,21.15018,07/04/2018,14:00:00
UKA00559,20.3697,07/04/2018,15:00:00
UKA00559,23.19461,07/04/2018,16:00:00
UKA00559,25.15298,07/04/2018,17:00:00
UKA00559,27.38623,07/04/2018,18:00:00
UKA00559,27.79313,07/04/2018,19:00:00
UKA00559,28.73087,07/04/2018,20:00:00
UKA00559,25.36701,07/04/2018,21:00:00
UKA00559,27.25059,07/04/2018,22:00:00
UKA00559,41.37652,07/04/2018,23:00:00
UKA00559,44.2474,07/04/2018,24:00:00
UKA00559,34.72938,08/04/2018,01:00:00
UKA00559,22.37751,08/04/2018,02:00:00
UKA00559,17.42885,08/04/2018,03:00:00
UKA00559,11.83115,08/04/2018,04:00:00
UKA00559,9.40643,08/04/2018,05:00:00
UKA00559,9.85096,08/04/2018,06:00:00
UKA00559,14.15331,08/04/2018,07:00:00
UKA00559,17.2646,08/04/2018,08:00:00
UKA00559,19.64673,08/04/2018,09:00:00
UKA00559,18.18625,08/04/2018,10:00:00
UKA00559,17.2885,08/04/2018,11:00:00
UKA00559,17.74737,08/04/2018,12:00:00
UKA00559,22.68371,08/04/2018,13:00:00
UKA00559,19.42294,08/04/2018,14:00:00
UKA00559,19.17178,08/04/2018,15:00:00
UKA00559,22.65677,08/04/2018,16:00:00
UKA00559,29.40817,08/04/2018,17:00:00
UKA00559,26.56804,08/04/2018,18:00:00
UKA00559,30.62271,08/04/2018,19:00:00
UKA00559,41.48049,08/04/2018,20:00:00
UKA00559,52.78455,08/04/2018,21:00:00
UKA00559,72.06453,08/04/2018,22:00:00
UKA00559,72.19141,08/04/2018,23:00:00
UKA00559,70.08606,08/04/2018,24:00:00
UKA00559,65.37732,09/04/2018,01:00:00
UKA00559,51.70118,09/04/2018,02:00:00
UKA00559,37.7329,09/04/2018,03:00:00
UKA00559,35.23637,09/04/2018,04:00:00
UKA00559,44.28177,09/04/2018,05:00:00
UKA00559,41.29202,09/04/2018,06:00:00
UKA00559,45.56609,09/04/2018,07:00:00
UKA00559,42.913,09/04/2018,08:00:00
UKA00559,35.93792,09/04/2018,09:00:00
UKA00559,27.9836,09/04/2018,10:00:00
UKA00559,27.45075,09/04/2018,11:00:00
UKA00559,21.92568,09/04/2018,12:00:00
UKA00559,21.62948,09/04/2018,13:00:00
UKA00559,23.31732,09/04/2018,14:00:00
UKA00559,24.50422,09/04/2018,15:00:00
UKA00559,28.21303,09/04/2018,16:00:00
UKA00559,32.09181,09/04/2018,17:00:00
UKA00559,34.82432,09/04/2018,18:00:00
UKA00559,31.8514,09/04/2018,19:00:00
UKA00559,27.16292,09/04/2018,20:00:00
UKA00559,21.00851,09/04/2018,21:00:00
UKA00559,18.1925,09/04/2018,22:00:00
UKA00559,16.27597,09/04/2018,23:00:00
UKA00559,15.04166,09/04/2018,24:00:00
UKA00559,13.31321,10/04/2018,01:00:00
UKA00559,11.20115,10/04/2018,02:00:00
UKA00559,10.67757,10/04/2018,03:00:00
UKA00559,10.13414,10/04/2018,04:00:00
UKA00559,9.68805,10/04/2018,05:00:00
UKA00559,13.94219,10/04/2018,06:00:00
UKA00559,22.93677,10/04/2018,07:00:00
UKA00559,28.26608,10/04/2018,08:00:00
UKA00559,26.82926,10/04/2018,09:00:00
UKA00559,29.48969,10/04/2018,10:00:00
UKA00559,19.65079,10/04/2018,11:00:00
UKA00559,17.03702,10/04/2018,12:00:00
UKA00559,16.18988,10/04/2018,13:00:00
UKA00559,17.67053,10/04/2018,14:00:00
UKA00559,19.34748,10/04/2018,15:00:00
UKA00559,20.53169,10/04/2018,16:00:00
UKA00559,26.4921,10/04/2018,17:00:00
UKA00559,29.51901,10/04/2018,18:00:00
UKA00559,27.53432,10/04/2018,19:00:00
UKA00559,24.89445,10/04/2018,20:00:00
UKA00559,21.24854,10/04/2018,21:00:00
UKA00559,26.00913,10/04/2018,22:00:00
UKA00559,28.87794,10/04/2018,23:00:00
UKA00559,22.64717,10/04/2018,24:00:00
UKA00559,24.38437,11/04/2018,01:00:00
UKA00559,24.44565,11/04/2018,02:00:00
UKA00559,27.72735,11/04/2018,03:00:00
UKA00559,28.91133,11/04/2018,04:00:00
UKA00559,13.73696,11/04/2018,05:00:00
UKA00559,14.52499,11/04/2018,06:00:00
UKA00559,21.19743,11/04/2018,07:00:00
UKA00559,23.07365,11/04/2018,08:00:00
UKA00559,23.95864,11/04/2018,09:00:00
UKA00559,19.06507,11/04/2018,10:00:00
UKA00559,12.833,11/04/2018,11:00:00
UKA00559,10.75899,11/04/2018,12:00:00
UKA00559,11.00312,11/04/2018,13:00:00
UKA00559,11.8943,11/04/2018,14:00:00
UKA00559,13.17679,11/04/2018,15:00:00
UKA00559,16.78167,11/04/2018,16:00:00
UKA00559,20.48389,11/04/2018,17:00:00
UKA00559,18.91364,11/04/2018,18:00:00
UKA00559,18.17002,11/04/2018,19:00:00
UKA00559,14.26963,11/04/2018,20:00:00
UKA00559,8.44047,11/04/2018,21:00:00
UKA00559,7.35538,11/04/2018,22:00:00
UKA00559,4.93565,11/04/2018,23:00:00
UKA00559,6.0729,11/04/2018,24:00:00
UKA00559,5.32691,12/04/2018,01:00:00
UKA00559,5.65783,12/04/2018,02:00:00
UKA00559,5.82131,12/04/2018,03:00:00
UKA00559,8.04759,12/04/2018,04:00:00
UKA00559,8.53951,12/04/2018,05:00:00
UKA00559,10.61419,12/04/2018,06:00:00
UKA00559,14.51166,12/04/2018,07:00:00
UKA00559,16.03647,12/04/2018,08:00:00
UKA00559,14.5046,12/04/2018,09:00:00
UKA00559,23.92912,12/04/2018,10:00:00
UKA00559,18.73794,12/04/2018,11:00:00
UKA00559,16.22149,12/04/2018,12:00:00
UKA00559,12.13045,12/04/2018,13:00:00
UKA00559,15.6326,12/04/2018,14:00:00
UKA00559,26.09001,12/04/2018,15:00:00
UKA00559,18.78996,12/04/2018,16:00:00
UKA00559,19.68352,12/04/2018,17:00:00
UKA00559,21.5141,12/04/2018,18:00:00
UKA00559,18.85498,12/04/2018,19:00:00
UKA00559,14.95342,12/04/2018,20:00:00
UKA00559,13.42713,12/04/2018,21:00:00
UKA00559,12.04426,12/04/2018,22:00:00
UKA00559,7.89785,12/04/2018,23:00:00
UKA00559,8.34185,12/04/2018,24:00:00
UKA00559,6.11561,13/04/2018,01:00:00
UKA00559,,13/04/2018,02:00:00
UKA00559,,13/04/2018,03:00:00
UKA00559,,13/04/2018,04:00:00
UKA00559,,13/04/2018,05:00:00
UKA00559,,13/04/2018,06:00:00
UKA00559,,13/04/2018,07:00:00
UKA00559,,13/04/2018,08:00:00
UKA00559,,13/04/2018,09:00:00
UKA00559,,13/04/2018,10:00:00
UKA00559,,13/04/2018,11:00:00
UKA00559,,13/04/2018,12:00:00
UKA00559,,13/04/2018,13:00:00
UKA00559,,13/04/2018,14:00:00
UKA00559,,13/04/2018,15:00:00
UKA00559,,13/04/2018,16:00:00
UKA00559,,13/04/2018,17:00:00
UKA00559,,13/04/2018,18:00:00
UKA00559,,13/04/2018,19:00:00
UKA00559,,13/04/2018,20:00:00
UKA00559,,13/04/2018,21:00:00
UKA00559,,13/04/2018,22:00:00
UKA00559,,13/04/2018,23:00:00
UKA00559,,13/04/2018,24:00:00
UKA00559,,14/04/2018,01:00:00
UKA00559,,14/04/2018,02:00:00
UKA00559,,14/04/2018,03:00:00
UKA00559,,14/04/2018,04:00:00
UKA00559,,14/04/2018,05:00:00
UKA00559,,14/04/2018,06:00:00
UKA00559,,14/04/2018,07:00:00
UKA00559,,14/04/2018,08:00:00
UKA00559,,14/04/2018,09:00:00
UKA00559,,14/04/2018,10:00:00
UKA00559,,14/04/2018,11:00:00
UKA00559,,14/04/2018,12:00:00
UKA00559,,14/04/2018,13:00:00
UKA00559,,14/04/2018,14:00:00
UKA00559,,14/04/2018,15:00:00
UKA00559,,14/04/2018,16:00:00
UKA00559,,14/04/2018,17:00:00
UKA00559,,14/04/2018,18:00:00
UKA00559,,14/04/2018,19:00:00
UKA00559,,14/04/2018,20:00:00
UKA00559,,14/04/2018,21:00:00
UKA00559,,14/04/2018,22:00:00
UKA00559,,14/04/2018,23:00:00
UKA00559,,14/04/2018,24:00:00
UKA00559,,15/04/2018,01:00:00
UKA00559,,15/04/2018,02:00:00
UKA00559,,15/04/2018,03:00:00
UKA00559,,15/04/2018,04:00:00
UKA00559,,15/04/2018,05:00:00
UKA00559,,15/04/2018,06:00:00
UKA00559,,15/04/2018,07:00:00
UKA00559,,15/04/2018,08:00:00
UKA00559,,15/04/2018,09:00:00
UKA00559,,15/04/2018,10:00:00
UKA00559,,15/04/2018,11:00:00
UKA00559,,15/04/2018,12:00:00
UKA00559,,15/04/2018,13:00:00
UKA00559,,15/04/2018,14:00:00
UKA00559,,15/04/2018,15:00:00
UKA00559,,15/04/2018,16:00:00
UKA00559,,15/04/2018,17:00:00
UKA00559,,15/04/2018,18:00:00
UKA00559,,15/04/2018,19:00:00
UKA00559,,15/04/2018,20:00:00
UKA00559,,15/04/2018,21:00:00
UKA00559,,15/04/2018,22:00:00
UKA00559,,15/04/2018,23:00:00
UKA00559,,15/04/2018,24:00:00
UKA00559,,16/04/2018,01:00:00
UKA00559,,16/04/2018,02:00:00
UKA00559,,16/04/2018,03:00:00
UKA00559,,16/04/2018,04:00:00
UKA00559,,16/04/2018,05:00:00
UKA00559,,16/04/2018,06:00:00
UKA00559,,16/04/2018,07:00:00
UKA00559,,16/04/2018,08:00:00
UKA00559,,16/04/2018,09:00:00
UKA00559,,16/04/2018,10:00:00
UKA00559,,16/04/2018,11:00:00
UKA00559,,16/04/2018,12:00:00
UKA00559,,16/04/2018,13:00:00
UKA00559,,16/04/2018,14:00:00
UKA00559,,16/04/2018,15:00:00
UKA00559,,16/04/2018,16:00:00
UKA00559,,16/04/2018,17:00:00
UKA00559,,16/04/2018,18:00:00
UKA00559,,16/04/2018,19:00:00
UKA00559,,16/04/2018,20:00:00
UKA00559,,16/04/2018,21:00:00
UKA00559,,16/04/2018,22:00:00
UKA00559,,16/04/2018,23:00:00
UKA00559,,16/04/2018,24:00:00
UKA00559,,17/04/2018,01:00:00
UKA00559,,17/04/2018,02:00:00
UKA00559,,17/04/2018,03:00:00
UKA00559,,17/04/2018,04:00:00
UKA00559,,17/04/2018,05:00:00
UKA00559,,17/04/2018,06:00:00
UKA00559,,17/04/2018,07:00:00
UKA00559,,17/04/2018,08:00:00
UKA00559,,17/04/2018,09:00:00
UKA00559,,17/04/2018,10:00:00
UKA00559,9.93603,17/04/2018,11:00:00
UKA00559,10.37939,17/04/2018,12:00:00
UKA00559,10.96995,17/04/2018,13:00:00
UKA00559,16.04074,17/04/2018,14:00:00
UKA00559,14.80743,17/04/2018,15:00:00
UKA00559,14.31803,17/04/2018,16:00:00
UKA00559,20.37054,17/04/2018,17:00:00
UKA00559,15.74721,17/04/2018,18:00:00
UKA00559,13.38409,17/04/2018,19:00:00
UKA00559,12.79236,17/04/2018,20:00:00
UKA00559,10.33247,17/04/2018,21:00:00
UKA00559,8.01803,17/04/2018,22:00:00
UKA00559,7.6292,17/04/2018,23:00:00
UKA00559,6.29619,17/04/2018,24:00:00
UKA00559,4.84903,18/04/2018,01:00:00
UKA00559,4.06058,18/04/2018,02:00:00
UKA00559,4.07736,18/04/2018,03:00:00
UKA00559,5.74902,18/04/2018,04:00:00
UKA00559,7.42262,18/04/2018,05:00:00
UKA00559,9.49035,18/04/2018,06:00:00
UKA00559,12.98025,18/04/2018,07:00:00
UKA00559,14.15406,18/04/2018,08:00:00
UKA00559,14.15406,18/04/2018,09:00:00
UKA00559,9.92069,18/04/2018,10:00:00
UKA00559,8.44651,18/04/2018,11:00:00
UKA00559,6.72479,18/04/2018,12:00:00
UKA00559,6.18573,18/04/2018,13:00:00
UKA00559,6.52814,18/04/2018,14:00:00
UKA00559,7.66157,18/04/2018,15:00:00
UKA00559,8.64316,18/04/2018,16:00:00
UKA00559,10.85886,18/04/2018,17:00:00
UKA00559,11.65155,18/04/2018,18:00:00
UKA00559,17.85474,18/04/2018,19:00:00
UKA00559,23.61595,18/04/2018,20:00:00
UKA00559,23.07606,18/04/2018,21:00:00
UKA00559,20.76439,18/04/2018,22:00:00
UKA00559,14.8577,18/04/2018,23:00:00
UKA00559,17.025,18/04/2018,24:00:00
UKA00559,15.93279,19/04/2018,01:00:00
UKA00559,16.25975,19/04/2018,02:00:00
UKA00559,17.89952,19/04/2018,03:00:00
UKA00559,19.76734,19/04/2018,04:00:00
UKA00559,28.12891,19/04/2018,05:00:00
UKA00559,41.68018,19/04/2018,06:00:00
UKA00559,50.79918,19/04/2018,07:00:00
UKA00559,38.31413,19/04/2018,08:00:00
UKA00559,22.79716,19/04/2018,09:00:00
UKA00559,15.42562,19/04/2018,10:00:00
UKA00559,15.87026,19/04/2018,11:00:00
UKA00559,11.20112,19/04/2018,12:00:00
UKA00559,8.84156,19/04/2018,13:00:00
UKA00559,8.05879,19/04/2018,14:00:00
UKA00559,7.81174,19/04/2018,15:00:00
UKA00559,8.25533,19/04/2018,16:00:00
UKA00559,10.42331,19/04/2018,17:00:00
UKA00559,12.73289,19/04/2018,18:00:00
UKA00559,14.80273,19/04/2018,19:00:00
UKA00559,32.41515,19/04/2018,20:00:00
UKA00559,47.12313,19/04/2018,21:00:00
UKA00559,60.35509,19/04/2018,22:00:00
UKA00559,48.45182,19/04/2018,23:00:00
UKA00559,41.41032,19/04/2018,24:00:00
UKA00559,37.5535,20/04/2018,01:00:00
UKA00559,29.7544,20/04/2018,02:00:00
UKA00559,22.75686,20/04/2018,03:00:00
UKA00559,16.21448,20/04/2018,04:00:00
UKA00559,20.14763,20/04/2018,05:00:00
UKA00559,23.98146,20/04/2018,06:00:00
UKA00559,30.25073,20/04/2018,07:00:00
UKA00559,33.6893,20/04/2018,08:00:00
UKA00559,33.72349,20/04/2018,09:00:00
UKA00559,24.05212,20/04/2018,10:00:00
UKA00559,28.48115,20/04/2018,11:00:00
UKA00559,22.605,20/04/2018,12:00:00
UKA00559,18.44834,20/04/2018,13:00:00
UKA00559,21.9869,20/04/2018,14:00:00
UKA00559,21.20704,20/04/2018,15:00:00
UKA00559,20.72025,20/04/2018,16:00:00
UKA00559,22.05448,20/04/2018,17:00:00
UKA00559,20.9742,20/04/2018,18:00:00
UKA00559,23.43764,20/04/2018,19:00:00
UKA00559,32.81914,20/04/2018,20:00:00
UKA00559,36.17673,20/04/2018,21:00:00
UKA00559,29.04676,20/04/2018,22:00:00
UKA00559,27.57606,20/04/2018,23:00:00
UKA00559,22.85741,20/04/2018,24:00:00
UKA00559,23.77669,21/04/2018,01:00:00
UKA00559,25.41224,21/04/2018,02:00:00
UKA00559,34.78189,21/04/2018,03:00:00
UKA00559,38.41687,21/04/2018,04:00:00
UKA00559,35.32197,21/04/2018,05:00:00
UKA00559,36.57893,21/04/2018,06:00:00
UKA00559,37.3872,21/04/2018,07:00:00
UKA00559,40.53304,21/04/2018,08:00:00
UKA00559,28.32661,21/04/2018,09:00:00
UKA00559,18.18451,21/04/2018,10:00:00
UKA00559,15.20076,21/04/2018,11:00:00
UKA00559,14.56952,21/04/2018,12:00:00
UKA00559,14.52314,21/04/2018,13:00:00
UKA00559,16.98772,21/04/2018,14:00:00
UKA00559,22.28633,21/04/2018,15:00:00
UKA00559,17.32802,21/04/2018,16:00:00
UKA00559,18.55744,21/04/2018,17:00:00
UKA00559,15.80997,21/04/2018,18:00:00
UKA00559,17.28624,21/04/2018,19:00:00
UKA00559,26.86715,21/04/2018,20:00:00
UKA00559,24.45929,21/04/2018,21:00:00
UKA00559,8.93382,21/04/2018,22:00:00
UKA00559,10.50722,21/04/2018,23:00:00
UKA00559,11.73457,21/04/2018,24:00:00
UKA00559,9.42301,22/04/2018,01:00:00
UKA00559,7.65279,22/04/2018,02:00:00
UKA00559,6.32826,22/04/2018,03:00:00
UKA00559,6.03468,22/04/2018,04:00:00
UKA00559,6.28194,22/04/2018,05:00:00
UKA00559,7.26156,22/04/2018,06:00:00
UKA00559,7.45628,22/04/2018,07:00:00
UKA00559,7.40674,22/04/2018,08:00:00
UKA00559,7.60061,22/04/2018,09:00:00
UKA00559,7.65101,22/04/2018,10:00:00
UKA00559,7.3081,22/04/2018,11:00:00
UKA00559,9.90854,22/04/2018,12:00:00
UKA00559,8.38893,22/04/2018,13:00:00
UKA00559,7.40739,22/04/2018,14:00:00
UKA00559,7.06576,22/04/2018,15:00:00
UKA00559,6.37224,22/04/2018,16:00:00
UKA00559,5.34501,22/04/2018,17:00:00
UKA00559,5.93303,22/04/2018,18:00:00
UKA00559,8.14424,22/04/2018,19:00:00
UKA00559,7.4091,22/04/2018,20:00:00
UKA00559,8.14552,22/04/2018,21:00:00
UKA00559,8.53861,22/04/2018,22:00:00
UKA00559,6.86804,22/04/2018,23:00:00
UKA00559,6.18136,22/04/2018,24:00:00
UKA00559,5.88338,23/04/2018,01:00:00
UKA00559,5.68627,23/04/2018,02:00:00
UKA00559,6.27416,23/04/2018,03:00:00
UKA00559,6.02936,23/04/2018,04:00:00
UKA00559,10.00435,23/04/2018,05:00:00
UKA00559,13.92847,23/04/2018,06:00:00
UKA00559,19.07461,23/04/2018,07:00:00
UKA00559,21.96888,23/04/2018,08:00:00
UKA00559,13.18872,23/04/2018,09:00:00
UKA00559,7.1556,23/04/2018,10:00:00
UKA00559,6.76455,23/04/2018,11:00:00
UKA00559,6.37371,23/04/2018,12:00:00
UKA00559,6.17501,23/04/2018,13:00:00
UKA00559,6.07606,23/04/2018,14:00:00
UKA00559,6.71567,23/04/2018,15:00:00
UKA00559,7.89277,23/04/2018,16:00:00
UKA00559,9.21889,23/04/2018,17:00:00
UKA00559,10.05521,23/04/2018,18:00:00
UKA00559,11.23251,23/04/2018,19:00:00
UKA00559,9.21968,23/04/2018,20:00:00
UKA00559,7.60305,23/04/2018,21:00:00
UKA00559,6.47246,23/04/2018,22:00:00
UKA00559,5.53917,23/04/2018,23:00:00
UKA00559,4.94982,23/04/2018,24:00:00
UKA00559,4.57395,24/04/2018,01:00:00
UKA00559,3.5271,24/04/2018,02:00:00
UKA00559,3.62391,24/04/2018,03:00:00
UKA00559,3.23135,24/04/2018,04:00:00
UKA00559,4.06553,24/04/2018,05:00:00
UKA00559,8.28332,24/04/2018,06:00:00
UKA00559,12.98921,24/04/2018,07:00:00
UKA00559,18.13381,24/04/2018,08:00:00
UKA00559,15.9239,24/04/2018,09:00:00
UKA00559,13.32616,24/04/2018,10:00:00
UKA00559,12.6404,24/04/2018,11:00:00
UKA00559,11.95445,24/04/2018,12:00:00
UKA00559,15.82872,24/04/2018,13:00:00
UKA00559,24.15561,24/04/2018,14:00:00
UKA00559,29.53814,24/04/2018,15:00:00
UKA00559,24.30549,24/04/2018,16:00:00
UKA00559,14.6512,24/04/2018,17:00:00
UKA00559,12.64241,24/04/2018,18:00:00
UKA00559,9.55656,24/04/2018,19:00:00
UKA00559,9.26337,24/04/2018,20:00:00
UKA00559,8.47842,24/04/2018,21:00:00
UKA00559,16.42241,24/04/2018,22:00:00
UKA00559,10.78478,24/04/2018,23:00:00
UKA00559,8.52765,24/04/2018,24:00:00
UKA00559,6.59749,25/04/2018,01:00:00
UKA00559,3.8525,25/04/2018,02:00:00
UKA00559,4.7984,25/04/2018,03:00:00
UKA00559,5.38728,25/04/2018,04:00:00
UKA00559,8.18079,25/04/2018,05:00:00
UKA00559,12.73577,25/04/2018,06:00:00
UKA00559,17.43413,25/04/2018,07:00:00
UKA00559,11.65037,25/04/2018,08:00:00
UKA00559,7.53722,25/04/2018,09:00:00
UKA00559,6.11754,25/04/2018,10:00:00
UKA00559,5.8246,25/04/2018,11:00:00
UKA00559,4.99047,25/04/2018,12:00:00
UKA00559,7.68678,25/04/2018,13:00:00
UKA00559,8.27282,25/04/2018,14:00:00
UKA00559,6.36313,25/04/2018,15:00:00
UKA00559,8.03123,25/04/2018,16:00:00
UKA00559,11.45964,25/04/2018,17:00:00
UKA00559,9.94159,25/04/2018,18:00:00
UKA00559,11.16853,25/04/2018,19:00:00
UKA00559,8.23047,25/04/2018,20:00:00
UKA00559,7.54406,25/04/2018,21:00:00
UKA00559,8.08259,25/04/2018,22:00:00
UKA00559,6.02368,25/04/2018,23:00:00
UKA00559,4.8976,25/04/2018,24:00:00
UKA00559,3.3273,26/04/2018,01:00:00
UKA00559,4.89288,26/04/2018,02:00:00
UKA00559,4.20821,26/04/2018,03:00:00
UKA00559,4.20852,26/04/2018,04:00:00
UKA00559,6.90266,26/04/2018,05:00:00
UKA00559,14.49114,26/04/2018,06:00:00
UKA00559,15.12495,26/04/2018,07:00:00
UKA00559,10.32526,26/04/2018,08:00:00
UKA00559,7.5841,26/04/2018,09:00:00
UKA00559,6.50729,26/04/2018,10:00:00
UKA00559,5.03782,26/04/2018,11:00:00
UKA00559,4.35215,26/04/2018,12:00:00
UKA00559,4.05944,26/04/2018,13:00:00
UKA00559,4.49851,26/04/2018,14:00:00
UKA00559,5.2814,26/04/2018,15:00:00
UKA00559,4.89117,26/04/2018,16:00:00
UKA00559,5.62763,26/04/2018,17:00:00
UKA00559,8.32072,26/04/2018,18:00:00
UKA00559,9.59529,26/04/2018,19:00:00
UKA00559,14.54375,26/04/2018,20:00:00
UKA00559,26.79053,26/04/2018,21:00:00
UKA00559,14.93579,26/04/2018,22:00:00
UKA00559,13.22079,26/04/2018,23:00:00
UKA00559,9.89027,26/04/2018,24:00:00
UKA00559,9.06806,27/04/2018,01:00:00
UKA00559,9.52481,27/04/2018,02:00:00
UKA00559,10.66672,27/04/2018,03:00:00
UKA00559,14.48479,27/04/2018,04:00:00
UKA00559,19.08698,27/04/2018,05:00:00
UKA00559,25.44674,27/04/2018,06:00:00
UKA00559,30.08896,27/04/2018,07:00:00
UKA00559,35.79172,27/04/2018,08:00:00
UKA00559,34.24283,27/04/2018,09:00:00
UKA00559,33.85375,27/04/2018,10:00:00
UKA00559,28.81433,27/04/2018,11:00:00
UKA00559,28.2259,27/04/2018,12:00:00
UKA00559,27.92702,27/04/2018,13:00:00
UKA00559,26.30348,27/04/2018,14:00:00
UKA00559,23.61952,27/04/2018,15:00:00
UKA00559,23.48225,27/04/2018,16:00:00
UKA00559,22.50515,27/04/2018,17:00:00
UKA00559,20.88661,27/04/2018,18:00:00
UKA00559,21.18752,27/04/2018,19:00:00
UKA00559,22.80444,27/04/2018,20:00:00
UKA00559,20.26072,27/04/2018,21:00:00
UKA00559,17.12899,27/04/2018,22:00:00
UKA00559,12.82311,27/04/2018,23:00:00
UKA00559,9.68813,27/04/2018,24:00:00
UKA00559,7.8245,28/04/2018,01:00:00
UKA00559,10.17311,28/04/2018,02:00:00
UKA00559,10.76062,28/04/2018,03:00:00
UKA00559,8.99856,28/04/2018,04:00:00
UKA00559,10.41742,28/04/2018,05:00:00
UKA00559,12.91169,28/04/2018,06:00:00
UKA00559,16.23699,28/04/2018,07:00:00
UKA00559,14.47458,28/04/2018,08:00:00
UKA00559,15.93769,28/04/2018,09:00:00
UKA00559,20.04354,28/04/2018,10:00:00
UKA00559,19.01334,28/04/2018,11:00:00
UKA00559,18.13709,28/04/2018,12:00:00
UKA00559,19.01729,28/04/2018,13:00:00
UKA00559,18.43316,28/04/2018,14:00:00
UKA00559,17.60178,28/04/2018,15:00:00
UKA00559,18.87349,28/04/2018,16:00:00
UKA00559,23.23066,28/04/2018,17:00:00
UKA00559,23.67063,28/04/2018,18:00:00
UKA00559,27.53675,28/04/2018,19:00:00
UKA00559,27.88138,28/04/2018,20:00:00
UKA00559,25.82625,28/04/2018,21:00:00
UKA00559,20.05501,28/04/2018,22:00:00
UKA00559,11.24904,28/04/2018,23:00:00
UKA00559,11.78687,28/04/2018,24:00:00
UKA00559,13.55661,29/04/2018,01:00:00
UKA00559,10.36266,29/04/2018,02:00:00
UKA00559,11.38932,29/04/2018,03:00:00
UKA00559,9.58009,29/04/2018,04:00:00
UKA00559,9.23751,29/04/2018,05:00:00
UKA00559,10.8033,29/04/2018,06:00:00
UKA00559,10.90006,29/04/2018,07:00:00
UKA00559,11.38714,29/04/2018,08:00:00
UKA00559,12.41146,29/04/2018,09:00:00
UKA00559,11.87236,29/04/2018,10:00:00
UKA00559,13.38667,29/04/2018,11:00:00
UKA00559,14.12021,29/04/2018,12:00:00
UKA00559,13.53543,29/04/2018,13:00:00
UKA00559,12.94775,29/04/2018,14:00:00
UKA00559,13.92639,29/04/2018,15:00:00
UKA00559,13.83046,29/04/2018,16:00:00
UKA00559,16.42037,29/04/2018,17:00:00
UKA00559,12.31626,29/04/2018,18:00:00
UKA00559,13.6353,29/04/2018,19:00:00
UKA00559,13.48996,29/04/2018,20:00:00
UKA00559,12.26975,29/04/2018,21:00:00
UKA00559,8.6027,29/04/2018,22:00:00
UKA00559,7.52731,29/04/2018,23:00:00
UKA00559,6.10955,29/04/2018,24:00:00
UKA00559,6.38232,30/04/2018,01:00:00
UKA00559,5.07913,30/04/2018,02:00:00
UKA00559,5.42189,30/04/2018,03:00:00
UKA00559,5.86177,30/04/2018,04:00:00
UKA00559,12.75075,30/04/2018,05:00:00
UKA00559,16.36534,30/04/2018,06:00:00
UKA00559,34.04722,30/04/2018,07:00:00
UKA00559,25.0552,30/04/2018,08:00:00
UKA00559,13.38027,30/04/2018,09:00:00
UKA00559,9.91201,30/04/2018,10:00:00
UKA00559,10.74166,30/04/2018,11:00:00
UKA00559,9.81401,30/04/2018,12:00:00
UKA00559,8.93533,30/04/2018,13:00:00
UKA00559,10.5447,30/04/2018,14:00:00
UKA00559,11.57139,30/04/2018,15:00:00
UKA00559,8.88567,30/04/2018,16:00:00
UKA00559,9.95902,30/04/2018,17:00:00
UKA00559,12.74142,30/04/2018,18:00:00
UKA00559,18.95166,30/04/2018,19:00:00
UKA00559,15.33751,30/04/2018,20:00:00
UKA00559,16.56054,30/04/2018,21:00:00
UKA00559,16.85496,30/04/2018,22:00:00
UKA00559,14.75359,30/04/2018,23:00:00
UKA00559,12.31123,30/04/2018,24:00:00
UKA00559,12.43359,01/05/2018,01:00:00
UKA00559,8.98321,01/05/2018,02:00:00
UKA00559,7.42058,01/05/2018,03:00:00
UKA00559,5.80869,01/05/2018,04:00:00
UKA00559,12.35335,01/05/2018,05:00:00
UKA00559,22.0677,01/05/2018,06:00:00
UKA00559,24.65007,01/05/2018,07:00:00
UKA00559,18.83893,01/05/2018,08:00:00
UKA00559,12.29795,01/05/2018,09:00:00
UKA00559,9.32006,01/05/2018,10:00:00
UKA00559,6.63591,01/05/2018,11:00:00
UKA00559,6.83233,01/05/2018,12:00:00
UKA00559,7.95559,01/05/2018,13:00:00
UKA00559,6.78516,01/05/2018,14:00:00
UKA00559,5.51481,01/05/2018,15:00:00
UKA00559,7.61411,01/05/2018,16:00:00
UKA00559,10.20197,01/05/2018,17:00:00
UKA00559,10.93528,01/05/2018,18:00:00
UKA00559,11.57063,01/05/2018,19:00:00
UKA00559,11.71699,01/05/2018,20:00:00
UKA00559,9.0803,01/05/2018,21:00:00
UKA00559,6.05293,01/05/2018,22:00:00
UKA00559,4.68564,01/05/2018,23:00:00
UKA00559,3.51441,01/05/2018,24:00:00
UKA00559,1.36538,02/05/2018,01:00:00
UKA00559,0.71428,02/05/2018,02:00:00
UKA00559,0.29175,02/05/2018,03:00:00
UKA00559,0.73042,02/05/2018,04:00:00
UKA00559,2.5365,02/05/2018,05:00:00
UKA00559,4.8301,02/05/2018,06:00:00
UKA00559,6.92776,02/05/2018,07:00:00
UKA00559,11.80594,02/05/2018,08:00:00
UKA00559,12.58736,02/05/2018,09:00:00
UKA00559,16.00216,02/05/2018,10:00:00
UKA00559,14.68226,02/05/2018,11:00:00
UKA00559,13.13831,02/05/2018,12:00:00
UKA00559,15.80632,02/05/2018,13:00:00
UKA00559,18.43845,02/05/2018,14:00:00
UKA00559,11.60982,02/05/2018,15:00:00
UKA00559,6.68279,02/05/2018,16:00:00
UKA00559,7.26826,02/05/2018,17:00:00
UKA00559,9.80414,02/05/2018,18:00:00
UKA00559,9.07457,02/05/2018,19:00:00
UKA00559,9.51482,02/05/2018,20:00:00
UKA00559,18.83555,02/05/2018,21:00:00
UKA00559,16.00527,02/05/2018,22:00:00
UKA00559,11.66218,02/05/2018,23:00:00
UKA00559,11.56469,02/05/2018,24:00:00
UKA00559,10.40788,03/05/2018,01:00:00
UKA00559,6.89469,03/05/2018,02:00:00
UKA00559,5.75604,03/05/2018,03:00:00
UKA00559,7.85392,03/05/2018,04:00:00
UKA00559,19.71061,03/05/2018,05:00:00
UKA00559,27.32017,03/05/2018,06:00:00
UKA00559,20.34091,03/05/2018,07:00:00
UKA00559,15.50954,03/05/2018,08:00:00
UKA00559,7.80166,03/05/2018,09:00:00
UKA00559,7.02044,03/05/2018,10:00:00
UKA00559,5.50852,03/05/2018,11:00:00
UKA00559,4.2411,03/05/2018,12:00:00
UKA00559,3.50875,03/05/2018,13:00:00
UKA00559,3.65586,03/05/2018,14:00:00
UKA00559,5.70559,03/05/2018,15:00:00
UKA00559,9.21915,03/05/2018,16:00:00
UKA00559,10.92728,03/05/2018,17:00:00
UKA00559,12.14834,03/05/2018,18:00:00
UKA00559,9.02546,03/05/2018,19:00:00
UKA00559,9.46495,03/05/2018,20:00:00
UKA00559,11.85612,03/05/2018,21:00:00
UKA00559,15.51544,03/05/2018,22:00:00
UKA00559,12.00187,03/05/2018,23:00:00
UKA00559,7.41494,03/05/2018,24:00:00
UKA00559,5.7224,04/05/2018,01:00:00
UKA00559,5.0065,04/05/2018,02:00:00
UKA00559,5.12079,04/05/2018,03:00:00
UKA00559,4.53542,04/05/2018,04:00:00
UKA00559,6.29179,04/05/2018,05:00:00
UKA00559,10.92655,04/05/2018,06:00:00
UKA00559,17.36481,04/05/2018,07:00:00
UKA00559,16.63061,04/05/2018,08:00:00
UKA00559,10.24019,04/05/2018,09:00:00
UKA00559,9.4104,04/05/2018,10:00:00
UKA00559,9.84842,04/05/2018,11:00:00
UKA00559,10.14399,04/05/2018,12:00:00
UKA00559,10.53365,04/05/2018,13:00:00
UKA00559,6.92228,04/05/2018,14:00:00
UKA00559,5.50914,04/05/2018,15:00:00
UKA00559,8.04615,04/05/2018,16:00:00
UKA00559,9.2669,04/05/2018,17:00:00
UKA00559,8.63239,04/05/2018,18:00:00
UKA00559,11.99865,04/05/2018,19:00:00
UKA00559,13.02518,04/05/2018,20:00:00
UKA00559,18.53826,04/05/2018,21:00:00
UKA00559,47.94964,04/05/2018,22:00:00
UKA00559,43.41631,04/05/2018,23:00:00
UKA00559,39.65978,04/05/2018,24:00:00
UKA00559,36.93759,05/05/2018,01:00:00
UKA00559,20.09639,05/05/2018,02:00:00
UKA00559,13.55916,05/05/2018,03:00:00
UKA00559,13.16965,05/05/2018,04:00:00
UKA00559,19.46009,05/05/2018,05:00:00
UKA00559,25.24596,05/05/2018,06:00:00
UKA00559,19.78631,05/05/2018,07:00:00
UKA00559,10.47885,05/05/2018,08:00:00
UKA00559,7.45679,05/05/2018,09:00:00
UKA00559,10.42944,05/05/2018,10:00:00
UKA00559,7.60193,05/05/2018,11:00:00
UKA00559,6.72565,05/05/2018,12:00:00
UKA00559,7.21325,05/05/2018,13:00:00
UKA00559,6.38555,05/05/2018,14:00:00
UKA00559,5.80016,05/05/2018,15:00:00
UKA00559,5.265,05/05/2018,16:00:00
UKA00559,5.11986,05/05/2018,17:00:00
UKA00559,6.68076,05/05/2018,18:00:00
UKA00559,7.6572,05/05/2018,19:00:00
UKA00559,23.26928,05/05/2018,20:00:00
UKA00559,54.44331,05/05/2018,21:00:00
UKA00559,48.39385,05/05/2018,22:00:00
UKA00559,75.39408,05/05/2018,23:00:00
UKA00559,68.22108,05/05/2018,24:00:00
UKA00559,66.33516,06/05/2018,01:00:00
UKA00559,52.70115,06/05/2018,02:00:00
UKA00559,45.5734,06/05/2018,03:00:00
UKA00559,37.31153,06/05/2018,04:00:00
UKA00559,38.42771,06/05/2018,05:00:00
UKA00559,29.04896,06/05/2018,06:00:00
UKA00559,25.63803,06/05/2018,07:00:00
UKA00559,21.54539,06/05/2018,08:00:00
UKA00559,23.93333,06/05/2018,09:00:00
UKA00559,15.98985,06/05/2018,10:00:00
UKA00559,11.69946,06/05/2018,11:00:00
UKA00559,10.14018,06/05/2018,12:00:00
UKA00559,6.87218,06/05/2018,13:00:00
UKA00559,6.87336,06/05/2018,14:00:00
UKA00559,8.72667,06/05/2018,15:00:00
UKA00559,8.28948,06/05/2018,16:00:00
UKA00559,8.24105,06/05/2018,17:00:00
UKA00559,9.50986,06/05/2018,18:00:00
UKA00559,11.11958,06/05/2018,19:00:00
UKA00559,26.97467,06/05/2018,20:00:00
UKA00559,56.6815,06/05/2018,21:00:00
UKA00559,90.75868,06/05/2018,22:00:00
UKA00559,85.92904,06/05/2018,23:00:00
UKA00559,81.51364,06/05/2018,24:00:00
UKA00559,72.31164,07/05/2018,01:00:00
UKA00559,61.30742,07/05/2018,02:00:00
UKA00559,49.45027,07/05/2018,03:00:00
UKA00559,44.13579,07/05/2018,04:00:00
UKA00559,38.75782,07/05/2018,05:00:00
UKA00559,35.64656,07/05/2018,06:00:00
UKA00559,48.08057,07/05/2018,07:00:00
UKA00559,65.96232,07/05/2018,08:00:00
UKA00559,50.7345,07/05/2018,09:00:00
UKA00559,46.55218,07/05/2018,10:00:00
UKA00559,21.2567,07/05/2018,11:00:00
UKA00559,11.02028,07/05/2018,12:00:00
UKA00559,11.36189,07/05/2018,13:00:00
UKA00559,9.50816,07/05/2018,14:00:00
UKA00559,9.11723,07/05/2018,15:00:00
UKA00559,9.41153,07/05/2018,16:00:00
UKA00559,10.48381,07/05/2018,17:00:00
UKA00559,10.53192,07/05/2018,18:00:00
UKA00559,13.89925,07/05/2018,19:00:00
UKA00559,25.06975,07/05/2018,20:00:00
UKA00559,38.92342,07/05/2018,21:00:00
UKA00559,26.29011,07/05/2018,22:00:00
UKA00559,22.33754,07/05/2018,23:00:00
UKA00559,22.3374,07/05/2018,24:00:00
UKA00559,18.92015,08/05/2018,01:00:00
UKA00559,15.34249,08/05/2018,02:00:00
UKA00559,10.5325,08/05/2018,03:00:00
UKA00559,9.40941,08/05/2018,04:00:00
UKA00559,11.16483,08/05/2018,05:00:00
UKA00559,16.82115,08/05/2018,06:00:00
UKA00559,19.40103,08/05/2018,07:00:00
UKA00559,16.57473,08/05/2018,08:00:00
UKA00559,12.47736,08/05/2018,09:00:00
UKA00559,10.18539,08/05/2018,10:00:00
UKA00559,8.82034,08/05/2018,11:00:00
UKA00559,10.77087,08/05/2018,12:00:00
UKA00559,9.35601,08/05/2018,13:00:00
UKA00559,9.40702,08/05/2018,14:00:00
UKA00559,6.43335,08/05/2018,15:00:00
UKA00559,8.48084,08/05/2018,16:00:00
UKA00559,11.84563,08/05/2018,17:00:00
UKA00559,9.94135,08/05/2018,18:00:00
UKA00559,9.55366,08/05/2018,19:00:00
UKA00559,11.99197,08/05/2018,20:00:00
UKA00559,13.30778,08/05/2018,21:00:00
UKA00559,14.6245,08/05/2018,22:00:00
UKA00559,9.84812,08/05/2018,23:00:00
UKA00559,12.72707,08/05/2018,24:00:00
UKA00559,13.06635,09/05/2018,01:00:00
UKA00559,14.75499,09/05/2018,02:00:00
UKA00559,12.86972,09/05/2018,03:00:00
UKA00559,12.28542,09/05/2018,04:00:00
UKA00559,14.91839,09/05/2018,05:00:00
UKA00559,15.44815,09/05/2018,06:00:00
UKA00559,14.56528,09/05/2018,07:00:00
UKA00559,14.75462,09/05/2018,08:00:00
UKA00559,10.37057,09/05/2018,09:00:00
UKA00559,7.00928,09/05/2018,10:00:00
UKA00559,5.79076,09/05/2018,11:00:00
UKA00559,4.18616,09/05/2018,12:00:00
UKA00559,4.52741,09/05/2018,13:00:00
UKA00559,5.35706,09/05/2018,14:00:00
UKA00559,6.72191,09/05/2018,15:00:00
UKA00559,5.79685,09/05/2018,16:00:00
UKA00559,6.96841,09/05/2018,17:00:00
UKA00559,9.69942,09/05/2018,18:00:00
UKA00559,12.03892,09/05/2018,19:00:00
UKA00559,15.50186,09/05/2018,20:00:00
UKA00559,17.84285,09/05/2018,21:00:00
UKA00559,12.52847,09/05/2018,22:00:00
UKA00559,10.1397,09/05/2018,23:00:00
UKA00559,7.35877,09/05/2018,24:00:00
UKA00559,6.36704,10/05/2018,01:00:00
UKA00559,2.59697,10/05/2018,02:00:00
UKA00559,2.58047,10/05/2018,03:00:00
UKA00559,3.36186,10/05/2018,04:00:00
UKA00559,4.53053,10/05/2018,05:00:00
UKA00559,8.918,10/05/2018,06:00:00
UKA00559,11.93433,10/05/2018,07:00:00
UKA00559,8.86094,10/05/2018,08:00:00
UKA00559,6.71706,10/05/2018,09:00:00
UKA00559,4.37918,10/05/2018,10:00:00
UKA00559,3.89293,10/05/2018,11:00:00
UKA00559,3.11135,10/05/2018,12:00:00
UKA00559,2.82,10/05/2018,13:00:00
UKA00559,2.8209,10/05/2018,14:00:00
UKA00559,3.40757,10/05/2018,15:00:00
UKA00559,3.99173,10/05/2018,16:00:00
UKA00559,4.23575,10/05/2018,17:00:00
UKA00559,5.60112,10/05/2018,18:00:00
UKA00559,7.45545,10/05/2018,19:00:00
UKA00559,15.89151,10/05/2018,20:00:00
UKA00559,23.49849,10/05/2018,21:00:00
UKA00559,19.94029,10/05/2018,22:00:00
UKA00559,17.35622,10/05/2018,23:00:00
UKA00559,15.8449,10/05/2018,24:00:00
UKA00559,12.47898,11/05/2018,01:00:00
UKA00559,11.76375,11/05/2018,02:00:00
UKA00559,11.84333,11/05/2018,03:00:00
UKA00559,10.04018,11/05/2018,04:00:00
UKA00559,14.81763,11/05/2018,05:00:00
UKA00559,22.12206,11/05/2018,06:00:00
UKA00559,17.281,11/05/2018,07:00:00
UKA00559,13.29026,11/05/2018,08:00:00
UKA00559,8.90666,11/05/2018,09:00:00
UKA00559,7.15365,11/05/2018,10:00:00
UKA00559,7.44663,11/05/2018,11:00:00
UKA00559,5.54772,11/05/2018,12:00:00
UKA00559,6.57179,11/05/2018,13:00:00
UKA00559,8.42487,11/05/2018,14:00:00
UKA00559,9.83476,11/05/2018,15:00:00
UKA00559,10.85884,11/05/2018,16:00:00
UKA00559,11.445,11/05/2018,17:00:00
UKA00559,11.93285,11/05/2018,18:00:00
UKA00559,15.3472,11/05/2018,19:00:00
UKA00559,17.88437,11/05/2018,20:00:00
UKA00559,17.93411,11/05/2018,21:00:00
UKA00559,15.98545,11/05/2018,22:00:00
UKA00559,9.59915,11/05/2018,23:00:00
UKA00559,8.57898,11/05/2018,24:00:00
UKA00559,7.34329,12/05/2018,01:00:00
UKA00559,10.59319,12/05/2018,02:00:00
UKA00559,13.49964,12/05/2018,03:00:00
UKA00559,12.67155,12/05/2018,04:00:00
UKA00559,14.03559,12/05/2018,05:00:00
UKA00559,27.82084,12/05/2018,06:00:00
UKA00559,23.96176,12/05/2018,07:00:00
UKA00559,18.73525,12/05/2018,08:00:00
UKA00559,23.94235,12/05/2018,09:00:00
UKA00559,23.55479,12/05/2018,10:00:00
UKA00559,20.14785,12/05/2018,11:00:00
UKA00559,16.30754,12/05/2018,12:00:00
UKA00559,10.26876,12/05/2018,13:00:00
UKA00559,6.279,12/05/2018,14:00:00
UKA00559,5.93873,12/05/2018,15:00:00
UKA00559,7.54847,12/05/2018,16:00:00
UKA00559,7.40282,12/05/2018,17:00:00
UKA00559,9.01447,12/05/2018,18:00:00
UKA00559,14.27813,12/05/2018,19:00:00
UKA00559,22.56815,12/05/2018,20:00:00
UKA00559,28.95416,12/05/2018,21:00:00
UKA00559,24.2256,12/05/2018,22:00:00
UKA00559,25.19956,12/05/2018,23:00:00
UKA00559,17.40095,12/05/2018,24:00:00
UKA00559,15.72344,13/05/2018,01:00:00
UKA00559,11.04279,13/05/2018,02:00:00
UKA00559,14.76403,13/05/2018,03:00:00
UKA00559,16.12967,13/05/2018,04:00:00
UKA00559,17.73729,13/05/2018,05:00:00
UKA00559,20.45612,13/05/2018,06:00:00
UKA00559,19.07825,13/05/2018,07:00:00
UKA00559,15.90635,13/05/2018,08:00:00
UKA00559,17.37154,13/05/2018,09:00:00
UKA00559,10.16731,13/05/2018,10:00:00
UKA00559,8.94929,13/05/2018,11:00:00
UKA00559,6.66633,13/05/2018,12:00:00
UKA00559,4.37702,13/05/2018,13:00:00
UKA00559,4.08652,13/05/2018,14:00:00
UKA00559,7.69022,13/05/2018,15:00:00
UKA00559,5.79232,13/05/2018,16:00:00
UKA00559,5.59865,13/05/2018,17:00:00
UKA00559,12.03297,13/05/2018,18:00:00
UKA00559,11.3472,13/05/2018,19:00:00
UKA00559,12.81444,13/05/2018,20:00:00
UKA00559,34.07444,13/05/2018,21:00:00
UKA00559,39.58169,13/05/2018,22:00:00
UKA00559,27.54125,13/05/2018,23:00:00
UKA00559,27.34555,13/05/2018,24:00:00
UKA00559,28.0763,14/05/2018,01:00:00
UKA00559,22.15938,14/05/2018,02:00:00
UKA00559,23.34327,14/05/2018,03:00:00
UKA00559,26.60921,14/05/2018,04:00:00
UKA00559,38.3501,14/05/2018,05:00:00
UKA00559,35.05974,14/05/2018,06:00:00
UKA00559,34.67881,14/05/2018,07:00:00
UKA00559,35.23869,14/05/2018,08:00:00
UKA00559,25.18077,14/05/2018,09:00:00
UKA00559,18.57268,14/05/2018,10:00:00
UKA00559,14.73114,14/05/2018,11:00:00
UKA00559,9.0462,14/05/2018,12:00:00
UKA00559,9.97057,14/05/2018,13:00:00
UKA00559,10.84279,14/05/2018,14:00:00
UKA00559,13.62193,14/05/2018,15:00:00
UKA00559,9.6293,14/05/2018,16:00:00
UKA00559,12.69853,14/05/2018,17:00:00
UKA00559,13.77351,14/05/2018,18:00:00
UKA00559,16.75031,14/05/2018,19:00:00
UKA00559,24.79061,14/05/2018,20:00:00
UKA00559,25.48935,14/05/2018,21:00:00
UKA00559,26.95168,14/05/2018,22:00:00
UKA00559,25.53931,14/05/2018,23:00:00
UKA00559,22.56783,14/05/2018,24:00:00
UKA00559,26.64013,15/05/2018,01:00:00
UKA00559,22.2846,15/05/2018,02:00:00
UKA00559,26.60754,15/05/2018,03:00:00
UKA00559,26.85103,15/05/2018,04:00:00
UKA00559,53.93717,15/05/2018,05:00:00
UKA00559,44.12719,15/05/2018,06:00:00
UKA00559,37.09381,15/05/2018,07:00:00
UKA00559,39.13775,15/05/2018,08:00:00
UKA00559,38.26311,15/05/2018,09:00:00
UKA00559,32.87701,15/05/2018,10:00:00
UKA00559,20.21675,15/05/2018,11:00:00
UKA00559,13.51883,15/05/2018,12:00:00
UKA00559,10.45566,15/05/2018,13:00:00
UKA00559,10.36331,15/05/2018,14:00:00
UKA00559,12.50206,15/05/2018,15:00:00
UKA00559,14.93896,15/05/2018,16:00:00
UKA00559,16.45093,15/05/2018,17:00:00
UKA00559,17.23733,15/05/2018,18:00:00
UKA00559,17.09211,15/05/2018,19:00:00
UKA00559,19.53364,15/05/2018,20:00:00
UKA00559,19.39126,15/05/2018,21:00:00
UKA00559,25.58151,15/05/2018,22:00:00
UKA00559,25.73008,15/05/2018,23:00:00
UKA00559,21.97723,15/05/2018,24:00:00
UKA00559,15.32974,16/05/2018,01:00:00
UKA00559,15.52436,16/05/2018,02:00:00
UKA00559,17.39069,16/05/2018,03:00:00
UKA00559,22.41242,16/05/2018,04:00:00
UKA00559,24.16311,16/05/2018,05:00:00
UKA00559,27.80936,16/05/2018,06:00:00
UKA00559,24.15274,16/05/2018,07:00:00
UKA00559,14.10985,16/05/2018,08:00:00
UKA00559,12.79267,16/05/2018,09:00:00
UKA00559,11.28379,16/05/2018,10:00:00
UKA00559,9.72507,16/05/2018,11:00:00
UKA00559,9.04102,16/05/2018,12:00:00
UKA00559,9.23517,16/05/2018,13:00:00
UKA00559,9.9647,16/05/2018,14:00:00
UKA00559,14.03547,16/05/2018,15:00:00
UKA00559,12.25185,16/05/2018,16:00:00
UKA00559,11.99667,16/05/2018,17:00:00
UKA00559,12.15954,16/05/2018,18:00:00
UKA00559,11.8668,16/05/2018,19:00:00
UKA00559,11.82624,16/05/2018,20:00:00
UKA00559,13.19326,16/05/2018,21:00:00
UKA00559,11.29879,16/05/2018,22:00:00
UKA00559,10.47287,16/05/2018,23:00:00
UKA00559,13.05493,16/05/2018,24:00:00
UKA00559,17.01719,17/05/2018,01:00:00
UKA00559,13.37526,17/05/2018,02:00:00
UKA00559,14.61385,17/05/2018,03:00:00
UKA00559,12.959,17/05/2018,04:00:00
UKA00559,16.75551,17/05/2018,05:00:00
UKA00559,19.37247,17/05/2018,06:00:00
UKA00559,15.85255,17/05/2018,07:00:00
UKA00559,18.60045,17/05/2018,08:00:00
UKA00559,12.03846,17/05/2018,09:00:00
UKA00559,9.70644,17/05/2018,10:00:00
UKA00559,8.44209,17/05/2018,11:00:00
UKA00559,7.18351,17/05/2018,12:00:00
UKA00559,6.79906,17/05/2018,13:00:00
UKA00559,7.57343,17/05/2018,14:00:00
UKA00559,7.87163,17/05/2018,15:00:00
UKA00559,8.06457,17/05/2018,16:00:00
UKA00559,10.25641,17/05/2018,17:00:00
UKA00559,12.30521,17/05/2018,18:00:00
UKA00559,14.59166,17/05/2018,19:00:00
UKA00559,16.68429,17/05/2018,20:00:00
UKA00559,24.73615,17/05/2018,21:00:00
UKA00559,19.37737,17/05/2018,22:00:00
UKA00559,12.71184,17/05/2018,23:00:00
UKA00559,11.7359,17/05/2018,24:00:00
UKA00559,13.70079,18/05/2018,01:00:00
UKA00559,9.73616,18/05/2018,02:00:00
UKA00559,12.12511,18/05/2018,03:00:00
UKA00559,14.07452,18/05/2018,04:00:00
UKA00559,19.76321,18/05/2018,05:00:00
UKA00559,24.56965,18/05/2018,06:00:00
UKA00559,18.17908,18/05/2018,07:00:00
UKA00559,20.05426,18/05/2018,08:00:00
UKA00559,17.5809,18/05/2018,09:00:00
UKA00559,15.68963,18/05/2018,10:00:00
UKA00559,14.48096,18/05/2018,11:00:00
UKA00559,17.39841,18/05/2018,12:00:00
UKA00559,24.26616,18/05/2018,13:00:00
UKA00559,21.59603,18/05/2018,14:00:00
UKA00559,25.35595,18/05/2018,15:00:00
UKA00559,32.90508,18/05/2018,16:00:00
UKA00559,27.93953,18/05/2018,17:00:00
UKA00559,18.28779,18/05/2018,18:00:00
UKA00559,23.51007,18/05/2018,19:00:00
UKA00559,36.67714,18/05/2018,20:00:00
UKA00559,49.68252,18/05/2018,21:00:00
UKA00559,59.4744,18/05/2018,22:00:00
UKA00559,67.83883,18/05/2018,23:00:00
UKA00559,71.91227,18/05/2018,24:00:00
UKA00559,63.89945,19/05/2018,01:00:00
UKA00559,54.78413,19/05/2018,02:00:00
UKA00559,53.11161,19/05/2018,03:00:00
UKA00559,42.08537,19/05/2018,04:00:00
UKA00559,35.76937,19/05/2018,05:00:00
UKA00559,37.51085,19/05/2018,06:00:00
UKA00559,54.58213,19/05/2018,07:00:00
UKA00559,60.13995,19/05/2018,08:00:00
UKA00559,43.79375,19/05/2018,09:00:00
UKA00559,23.57942,19/05/2018,10:00:00
UKA00559,19.83829,19/05/2018,11:00:00
UKA00559,15.66208,19/05/2018,12:00:00
UKA00559,13.23222,19/05/2018,13:00:00
UKA00559,10.55743,19/05/2018,14:00:00
UKA00559,9.09678,19/05/2018,15:00:00
UKA00559,8.42188,19/05/2018,16:00:00
UKA00559,10.2692,19/05/2018,17:00:00
UKA00559,8.76044,19/05/2018,18:00:00
UKA00559,12.70703,19/05/2018,19:00:00
UKA00559,18.55573,19/05/2018,20:00:00
UKA00559,27.52227,19/05/2018,21:00:00
UKA00559,33.61079,19/05/2018,22:00:00
UKA00559,25.22967,19/05/2018,23:00:00
UKA00559,24.0149,19/05/2018,24:00:00
UKA00559,23.57624,20/05/2018,01:00:00
UKA00559,16.55421,20/05/2018,02:00:00
UKA00559,17.48259,20/05/2018,03:00:00
UKA00559,19.33421,20/05/2018,04:00:00
UKA00559,21.7652,20/05/2018,05:00:00
UKA00559,21.11837,20/05/2018,06:00:00
UKA00559,18.47441,20/05/2018,07:00:00
UKA00559,13.71121,20/05/2018,08:00:00
UKA00559,11.47613,20/05/2018,09:00:00
UKA00559,10.16352,20/05/2018,10:00:00
UKA00559,8.50915,20/05/2018,11:00:00
UKA00559,9.33884,20/05/2018,12:00:00
UKA00559,8.02823,20/05/2018,13:00:00
UKA00559,8.46309,20/05/2018,14:00:00
UKA00559,7.44251,20/05/2018,15:00:00
UKA00559,7.44117,20/05/2018,16:00:00
UKA00559,6.71562,20/05/2018,17:00:00
UKA00559,9.00076,20/05/2018,18:00:00
UKA00559,13.29174,20/05/2018,19:00:00
UKA00559,30.42923,20/05/2018,20:00:00
UKA00559,29.70434,20/05/2018,21:00:00
UKA00559,18.79989,20/05/2018,22:00:00
UKA00559,12.46573,20/05/2018,23:00:00
UKA00559,10.61243,20/05/2018,24:00:00
UKA00559,11.68223,21/05/2018,01:00:00
UKA00559,12.72118,21/05/2018,02:00:00
UKA00559,15.33853,21/05/2018,03:00:00
UKA00559,10.7551,21/05/2018,04:00:00
UKA00559,13.67706,21/05/2018,05:00:00
UKA00559,30.52782,21/05/2018,06:00:00
UKA00559,29.9337,21/05/2018,07:00:00
UKA00559,24.88404,21/05/2018,08:00:00
UKA00559,24.21523,21/05/2018,09:00:00
UKA00559,20.27569,21/05/2018,10:00:00
UKA00559,15.12194,21/05/2018,11:00:00
UKA00559,11.2858,21/05/2018,12:00:00
UKA00559,10.50309,21/05/2018,13:00:00
UKA00559,10.94649,21/05/2018,14:00:00
UKA00559,11.23288,21/05/2018,15:00:00
UKA00559,10.3138,21/05/2018,16:00:00
UKA00559,14.05704,21/05/2018,17:00:00
UKA00559,15.51277,21/05/2018,18:00:00
UKA00559,18.28821,21/05/2018,19:00:00
UKA00559,22.04161,21/05/2018,20:00:00
UKA00559,26.58681,21/05/2018,21:00:00
UKA00559,39.93996,21/05/2018,22:00:00
UKA00559,32.00062,21/05/2018,23:00:00
UKA00559,26.93067,21/05/2018,24:00:00
UKA00559,20.9057,22/05/2018,01:00:00
UKA00559,15.64704,22/05/2018,02:00:00
UKA00559,20.49983,22/05/2018,03:00:00
UKA00559,23.1288,22/05/2018,04:00:00
UKA00559,30.03657,22/05/2018,05:00:00
UKA00559,22.91237,22/05/2018,06:00:00
UKA00559,17.75078,22/05/2018,07:00:00
UKA00559,20.03104,22/05/2018,08:00:00
UKA00559,15.40206,22/05/2018,09:00:00
UKA00559,12.38006,22/05/2018,10:00:00
UKA00559,11.80348,22/05/2018,11:00:00
UKA00559,11.99836,22/05/2018,12:00:00
UKA00559,10.00821,22/05/2018,13:00:00
UKA00559,9.91735,22/05/2018,14:00:00
UKA00559,11.32872,22/05/2018,15:00:00
UKA00559,11.17965,22/05/2018,16:00:00
UKA00559,11.81116,22/05/2018,17:00:00
UKA00559,11.03568,22/05/2018,18:00:00
UKA00559,15.61119,22/05/2018,19:00:00
UKA00559,17.22547,22/05/2018,20:00:00
UKA00559,21.22257,22/05/2018,21:00:00
UKA00559,21.47018,22/05/2018,22:00:00
UKA00559,16.65108,22/05/2018,23:00:00
UKA00559,12.36533,22/05/2018,24:00:00
UKA00559,9.28155,23/05/2018,01:00:00
UKA00559,9.73215,23/05/2018,02:00:00
UKA00559,7.78511,23/05/2018,03:00:00
UKA00559,6.81083,23/05/2018,04:00:00
UKA00559,7.39502,23/05/2018,05:00:00
UKA00559,10.94696,23/05/2018,06:00:00
UKA00559,13.81271,23/05/2018,07:00:00
UKA00559,16.03909,23/05/2018,08:00:00
UKA00559,13.11167,23/05/2018,09:00:00
UKA00559,11.60382,23/05/2018,10:00:00
UKA00559,12.04377,23/05/2018,11:00:00
UKA00559,10.58958,23/05/2018,12:00:00
UKA00559,11.9981,23/05/2018,13:00:00
UKA00559,10.20558,23/05/2018,14:00:00
UKA00559,10.9382,23/05/2018,15:00:00
UKA00559,10.25735,23/05/2018,16:00:00
UKA00559,14.23057,23/05/2018,17:00:00
UKA00559,15.59609,23/05/2018,18:00:00
UKA00559,15.26728,23/05/2018,19:00:00
UKA00559,16.49351,23/05/2018,20:00:00
UKA00559,14.31014,23/05/2018,21:00:00
UKA00559,12.46091,23/05/2018,22:00:00
UKA00559,12.7041,23/05/2018,23:00:00
UKA00559,12.024,23/05/2018,24:00:00
UKA00559,9.53497,24/05/2018,01:00:00
UKA00559,8.43405,24/05/2018,02:00:00
UKA00559,8.32264,24/05/2018,03:00:00
UKA00559,9.14794,24/05/2018,04:00:00
UKA00559,10.16886,24/05/2018,05:00:00
UKA00559,13.67399,24/05/2018,06:00:00
UKA00559,17.2195,24/05/2018,07:00:00
UKA00559,19.68547,24/05/2018,08:00:00
UKA00559,16.82387,24/05/2018,09:00:00
UKA00559,20.79545,24/05/2018,10:00:00
UKA00559,16.40923,24/05/2018,11:00:00
UKA00559,15.7867,24/05/2018,12:00:00
UKA00559,14.61489,24/05/2018,13:00:00
UKA00559,15.64454,24/05/2018,14:00:00
UKA00559,17.1589,24/05/2018,15:00:00
UKA00559,13.90049,24/05/2018,16:00:00
UKA00559,13.22252,24/05/2018,17:00:00
UKA00559,11.56837,24/05/2018,18:00:00
UKA00559,11.51807,24/05/2018,19:00:00
UKA00559,12.97937,24/05/2018,20:00:00
UKA00559,13.95792,24/05/2018,21:00:00
UKA00559,16.44014,24/05/2018,22:00:00
UKA00559,13.77576,24/05/2018,23:00:00
UKA00559,14.65413,24/05/2018,24:00:00
UKA00559,11.87208,25/05/2018,01:00:00
UKA00559,11.22542,25/05/2018,02:00:00
UKA00559,11.09457,25/05/2018,03:00:00
UKA00559,9.63382,25/05/2018,04:00:00
UKA00559,10.46305,25/05/2018,05:00:00
UKA00559,13.67267,25/05/2018,06:00:00
UKA00559,23.44972,25/05/2018,07:00:00
UKA00559,44.76752,25/05/2018,08:00:00
UKA00559,29.77939,25/05/2018,09:00:00
UKA00559,25.87965,25/05/2018,10:00:00
UKA00559,28.79416,25/05/2018,11:00:00
UKA00559,29.85497,25/05/2018,12:00:00
UKA00559,25.80994,25/05/2018,13:00:00
UKA00559,26.33541,25/05/2018,14:00:00
UKA00559,26.98135,25/05/2018,15:00:00
UKA00559,27.56211,25/05/2018,16:00:00
UKA00559,28.53334,25/05/2018,17:00:00
UKA00559,30.0255,25/05/2018,18:00:00
UKA00559,30.68709,25/05/2018,19:00:00
UKA00559,27.63717,25/05/2018,20:00:00
UKA00559,26.37576,25/05/2018,21:00:00
UKA00559,24.23972,25/05/2018,22:00:00
UKA00559,20.58763,25/05/2018,23:00:00
UKA00559,16.3036,25/05/2018,24:00:00
UKA00559,11.35281,26/05/2018,01:00:00
UKA00559,10.50865,26/05/2018,02:00:00
UKA00559,8.55947,26/05/2018,03:00:00
UKA00559,9.77529,26/05/2018,04:00:00
UKA00559,9.8744,26/05/2018,05:00:00
UKA00559,9.92353,26/05/2018,06:00:00
UKA00559,10.84244,26/05/2018,07:00:00
UKA00559,15.99325,26/05/2018,08:00:00
UKA00559,24.73812,26/05/2018,09:00:00
UKA00559,23.75298,26/05/2018,10:00:00
UKA00559,23.50221,26/05/2018,11:00:00
UKA00559,24.97179,26/05/2018,12:00:00
UKA00559,17.09415,26/05/2018,13:00:00
UKA00559,11.06971,26/05/2018,14:00:00
UKA00559,9.62021,26/05/2018,15:00:00
UKA00559,8.89097,26/05/2018,16:00:00
UKA00559,8.69788,26/05/2018,17:00:00
UKA00559,7.2394,26/05/2018,18:00:00
UKA00559,8.84697,26/05/2018,19:00:00
UKA00559,9.78127,26/05/2018,20:00:00
UKA00559,10.06878,26/05/2018,21:00:00
UKA00559,12.01683,26/05/2018,22:00:00
UKA00559,10.89969,26/05/2018,23:00:00
UKA00559,12.84261,26/05/2018,24:00:00
UKA00559,11.86732,27/05/2018,01:00:00
UKA00559,10.89574,27/05/2018,02:00:00
UKA00559,9.19533,27/05/2018,03:00:00
UKA00559,7.92655,27/05/2018,04:00:00
UKA00559,7.58611,27/05/2018,05:00:00
UKA00559,8.85002,27/05/2018,06:00:00
UKA00559,9.91825,27/05/2018,07:00:00
UKA00559,11.37208,27/05/2018,08:00:00
UKA00559,10.87405,27/05/2018,09:00:00
UKA00559,11.89314,27/05/2018,10:00:00
UKA00559,9.84875,27/05/2018,11:00:00
UKA00559,11.07016,27/05/2018,12:00:00
UKA00559,12.83344,27/05/2018,13:00:00
UKA00559,13.16856,27/05/2018,14:00:00
UKA00559,14.78176,27/05/2018,15:00:00
UKA00559,15.12441,27/05/2018,16:00:00
UKA00559,14.39838,27/05/2018,17:00:00
UKA00559,11.57661,27/05/2018,18:00:00
UKA00559,21.50637,27/05/2018,19:00:00
UKA00559,29.24344,27/05/2018,20:00:00
UKA00559,20.53597,27/05/2018,21:00:00
UKA00559,15.71541,27/05/2018,22:00:00
UKA00559,19.36813,27/05/2018,23:00:00
UKA00559,15.08678,27/05/2018,24:00:00
UKA00559,12.71099,28/05/2018,01:00:00
UKA00559,10.37068,28/05/2018,02:00:00
UKA00559,7.63285,28/05/2018,03:00:00
UKA00559,6.90063,28/05/2018,04:00:00
UKA00559,6.41278,28/05/2018,05:00:00
UKA00559,9.09226,28/05/2018,06:00:00
UKA00559,10.16075,28/05/2018,07:00:00
UKA00559,10.44878,28/05/2018,08:00:00
UKA00559,10.25172,28/05/2018,09:00:00
UKA00559,10.78551,28/05/2018,10:00:00
UKA00559,12.62988,28/05/2018,11:00:00
UKA00559,13.79896,28/05/2018,12:00:00
UKA00559,11.90269,28/05/2018,13:00:00
UKA00559,8.93152,28/05/2018,14:00:00
UKA00559,7.18774,28/05/2018,15:00:00
UKA00559,7.2401,28/05/2018,16:00:00
UKA00559,8.36232,28/05/2018,17:00:00
UKA00559,9.38716,28/05/2018,18:00:00
UKA00559,10.93983,28/05/2018,19:00:00
UKA00559,13.95741,28/05/2018,20:00:00
UKA00559,17.65897,28/05/2018,21:00:00
UKA00559,14.49853,28/05/2018,22:00:00
UKA00559,12.98905,28/05/2018,23:00:00
UKA00559,11.08729,28/05/2018,24:00:00
UKA00559,7.90926,29/05/2018,01:00:00
UKA00559,8.42292,29/05/2018,02:00:00
UKA00559,8.06903,29/05/2018,03:00:00
UKA00559,7.68283,29/05/2018,04:00:00
UKA00559,9.28434,29/05/2018,05:00:00
UKA00559,13.52072,29/05/2018,06:00:00
UKA00559,15.31414,29/05/2018,07:00:00
UKA00559,15.98867,29/05/2018,08:00:00
UKA00559,15.40678,29/05/2018,09:00:00
UKA00559,13.21627,29/05/2018,10:00:00
UKA00559,16.4155,29/05/2018,11:00:00
UKA00559,15.24224,29/05/2018,12:00:00
UKA00559,13.59205,29/05/2018,13:00:00
UKA00559,9.86056,29/05/2018,14:00:00
UKA00559,8.78704,29/05/2018,15:00:00
UKA00559,12.23824,29/05/2018,16:00:00
UKA00559,16.71805,29/05/2018,17:00:00
UKA00559,19.67905,29/05/2018,18:00:00
UKA00559,26.72609,29/05/2018,19:00:00
UKA00559,17.98206,29/05/2018,20:00:00
UKA00559,10.54977,29/05/2018,21:00:00
UKA00559,9.67811,29/05/2018,22:00:00
UKA00559,8.0695,29/05/2018,23:00:00
UKA00559,8.02129,29/05/2018,24:00:00
UKA00559,5.83298,30/05/2018,01:00:00
UKA00559,6.47819,30/05/2018,02:00:00
UKA00559,6.26657,30/05/2018,03:00:00
UKA00559,7.14435,30/05/2018,04:00:00
UKA00559,8.50653,30/05/2018,05:00:00
UKA00559,10.64864,30/05/2018,06:00:00
UKA00559,14.49176,30/05/2018,07:00:00
UKA00559,16.7716,30/05/2018,08:00:00
UKA00559,20.41998,30/05/2018,09:00:00
UKA00559,24.59998,30/05/2018,10:00:00
UKA00559,,30/05/2018,11:00:00
UKA00559,35.27089,30/05/2018,12:00:00
UKA00559,29.92345,30/05/2018,13:00:00
UKA00559,35.41107,30/05/2018,14:00:00
UKA00559,34.83469,30/05/2018,15:00:00
UKA00559,33.67116,30/05/2018,16:00:00
UKA00559,35.73768,30/05/2018,17:00:00
UKA00559,41.07583,30/05/2018,18:00:00
UKA00559,41.00536,30/05/2018,19:00:00
UKA00559,38.95817,30/05/2018,20:00:00
UKA00559,33.24229,30/05/2018,21:00:00
UKA00559,28.00249,30/05/2018,22:00:00
UKA00559,21.59525,30/05/2018,23:00:00
UKA00559,21.78803,30/05/2018,24:00:00
UKA00559,21.50693,31/05/2018,01:00:00
UKA00559,19.17602,31/05/2018,02:00:00
UKA00559,15.35292,31/05/2018,03:00:00
UKA00559,13.30635,31/05/2018,04:00:00
UKA00559,13.74456,31/05/2018,05:00:00
UKA00559,15.43473,31/05/2018,06:00:00
UKA00559,17.33574,31/05/2018,07:00:00
UKA00559,15.97668,31/05/2018,08:00:00
UKA00559,15.30042,31/05/2018,09:00:00
UKA00559,11.74934,31/05/2018,10:00:00
UKA00559,13.2338,31/05/2018,11:00:00
UKA00559,11.48563,31/05/2018,12:00:00
UKA00559,14.78415,31/05/2018,13:00:00
UKA00559,13.81653,31/05/2018,14:00:00
UKA00559,14.54751,31/05/2018,15:00:00
UKA00559,14.41144,31/05/2018,16:00:00
UKA00559,12.21568,31/05/2018,17:00:00
UKA00559,13.52845,31/05/2018,18:00:00
UKA00559,20.10028,31/05/2018,19:00:00
UKA00559,30.73572,31/05/2018,20:00:00
UKA00559,22.68843,31/05/2018,21:00:00
UKA00559,21.27651,31/05/2018,22:00:00
UKA00559,16.23919,31/05/2018,23:00:00
UKA00559,12.68061,31/05/2018,24:00:00
UKA00559,8.21346,01/06/2018,01:00:00
UKA00559,8.73178,01/06/2018,02:00:00
UKA00559,11.06484,01/06/2018,03:00:00
UKA00559,13.00497,01/06/2018,04:00:00
UKA00559,10.81874,01/06/2018,05:00:00
UKA00559,12.89344,01/06/2018,06:00:00
UKA00559,18.42945,01/06/2018,07:00:00
UKA00559,20.72066,01/06/2018,08:00:00
UKA00559,14.5187,01/06/2018,09:00:00
UKA00559,11.03929,01/06/2018,10:00:00
UKA00559,6.72976,01/06/2018,11:00:00
UKA00559,4.64564,01/06/2018,12:00:00
UKA00559,6.19613,01/06/2018,13:00:00
UKA00559,7.40782,01/06/2018,14:00:00
UKA00559,6.33967,01/06/2018,15:00:00
UKA00559,6.67982,01/06/2018,16:00:00
UKA00559,7.94413,01/06/2018,17:00:00
UKA00559,7.66154,01/06/2018,18:00:00
UKA00559,11.35012,01/06/2018,19:00:00
UKA00559,12.71386,01/06/2018,20:00:00
UKA00559,16.84785,01/06/2018,21:00:00
UKA00559,12.86188,01/06/2018,22:00:00
UKA00559,11.60116,01/06/2018,23:00:00
UKA00559,11.30646,01/06/2018,24:00:00
UKA00559,10.99207,02/06/2018,01:00:00
UKA00559,7.55569,02/06/2018,02:00:00
UKA00559,5.13446,02/06/2018,03:00:00
UKA00559,4.59958,02/06/2018,04:00:00
UKA00559,4.3577,02/06/2018,05:00:00
UKA00559,5.0872,02/06/2018,06:00:00
UKA00559,5.85967,02/06/2018,07:00:00
UKA00559,5.0812,02/06/2018,08:00:00
UKA00559,6.6777,02/06/2018,09:00:00
UKA00559,7.01667,02/06/2018,10:00:00
UKA00559,7.59582,02/06/2018,11:00:00
UKA00559,8.80907,02/06/2018,12:00:00
UKA00559,5.80213,02/06/2018,13:00:00
UKA00559,4.39597,02/06/2018,14:00:00
UKA00559,4.30059,02/06/2018,15:00:00
UKA00559,5.27025,02/06/2018,16:00:00
UKA00559,4.88958,02/06/2018,17:00:00
UKA00559,4.93941,02/06/2018,18:00:00
UKA00559,6.1995,02/06/2018,19:00:00
UKA00559,8.47951,02/06/2018,20:00:00
UKA00559,18.23666,02/06/2018,21:00:00
UKA00559,16.83008,02/06/2018,22:00:00
UKA00559,16.73298,02/06/2018,23:00:00
UKA00559,20.13001,02/06/2018,24:00:00
UKA00559,17.31333,03/06/2018,01:00:00
UKA00559,31.72851,03/06/2018,02:00:00
UKA00559,18.70371,03/06/2018,03:00:00
UKA00559,17.78462,03/06/2018,04:00:00
UKA00559,18.84391,03/06/2018,05:00:00
UKA00559,16.74244,03/06/2018,06:00:00
UKA00559,19.09496,03/06/2018,07:00:00
UKA00559,19.46462,03/06/2018,08:00:00
UKA00559,17.91461,03/06/2018,09:00:00
UKA00559,17.34971,03/06/2018,10:00:00
UKA00559,11.17086,03/06/2018,11:00:00
UKA00559,9.38078,03/06/2018,12:00:00
UKA00559,9.19167,03/06/2018,13:00:00
UKA00559,10.50529,03/06/2018,14:00:00
UKA00559,11.57233,03/06/2018,15:00:00
UKA00559,11.37424,03/06/2018,16:00:00
UKA00559,8.85338,03/06/2018,17:00:00
UKA00559,10.89249,03/06/2018,18:00:00
UKA00559,11.08609,03/06/2018,19:00:00
UKA00559,10.40951,03/06/2018,20:00:00
UKA00559,17.3045,03/06/2018,21:00:00
UKA00559,14.97642,03/06/2018,22:00:00
UKA00559,12.45311,03/06/2018,23:00:00
UKA00559,9.29764,03/06/2018,24:00:00
UKA00559,8.12564,04/06/2018,01:00:00
UKA00559,7.3524,04/06/2018,02:00:00
UKA00559,8.80544,04/06/2018,03:00:00
UKA00559,11.1794,04/06/2018,04:00:00
UKA00559,8.70737,04/06/2018,05:00:00
UKA00559,11.21894,04/06/2018,06:00:00
UKA00559,15.03457,04/06/2018,07:00:00
UKA00559,15.76025,04/06/2018,08:00:00
UKA00559,17.12167,04/06/2018,09:00:00
UKA00559,14.50078,04/06/2018,10:00:00
UKA00559,12.99942,04/06/2018,11:00:00
UKA00559,15.65869,04/06/2018,12:00:00
UKA00559,16.04595,04/06/2018,13:00:00
UKA00559,16.68247,04/06/2018,14:00:00
UKA00559,14.49458,04/06/2018,15:00:00
UKA00559,16.72666,04/06/2018,16:00:00
UKA00559,18.56605,04/06/2018,17:00:00
UKA00559,17.20463,04/06/2018,18:00:00
UKA00559,16.81582,04/06/2018,19:00:00
UKA00559,14.69306,04/06/2018,20:00:00
UKA00559,12.48268,04/06/2018,21:00:00
UKA00559,8.56471,04/06/2018,22:00:00
UKA00559,7.35602,04/06/2018,23:00:00
UKA00559,4.7894,04/06/2018,24:00:00
UKA00559,4.37893,05/06/2018,01:00:00
UKA00559,4.06011,05/06/2018,02:00:00
UKA00559,4.05399,05/06/2018,03:00:00
UKA00559,4.25351,05/06/2018,04:00:00
UKA00559,5.99408,05/06/2018,05:00:00
UKA00559,9.57351,05/06/2018,06:00:00
UKA00559,12.56725,05/06/2018,07:00:00
UKA00559,13.23104,05/06/2018,08:00:00
UKA00559,14.33641,05/06/2018,09:00:00
UKA00559,14.23298,05/06/2018,10:00:00
UKA00559,12.20341,05/06/2018,11:00:00
UKA00559,10.37263,05/06/2018,12:00:00
UKA00559,9.06995,05/06/2018,13:00:00
UKA00559,10.94988,05/06/2018,14:00:00
UKA00559,10.65722,05/06/2018,15:00:00
UKA00559,10.22556,05/06/2018,16:00:00
UKA00559,11.99986,05/06/2018,17:00:00
UKA00559,11.62579,05/06/2018,18:00:00
UKA00559,14.91146,05/06/2018,19:00:00
UKA00559,19.23283,05/06/2018,20:00:00
UKA00559,31.47553,05/06/2018,21:00:00
UKA00559,43.00235,05/06/2018,22:00:00
UKA00559,32.85195,05/06/2018,23:00:00
UKA00559,31.30428,05/06/2018,24:00:00
UKA00559,23.13813,06/06/2018,01:00:00
UKA00559,27.00176,06/06/2018,02:00:00
UKA00559,20.78403,06/06/2018,03:00:00
UKA00559,15.60691,06/06/2018,04:00:00
UKA00559,17.63407,06/06/2018,05:00:00
UKA00559,14.47891,06/06/2018,06:00:00
UKA00559,15.47515,06/06/2018,07:00:00
UKA00559,14.98734,06/06/2018,08:00:00
UKA00559,10.89264,06/06/2018,09:00:00
UKA00559,9.96851,06/06/2018,10:00:00
UKA00559,11.66474,06/06/2018,11:00:00
UKA00559,13.25315,06/06/2018,12:00:00
UKA00559,10.65463,06/06/2018,13:00:00
UKA00559,11.09061,06/06/2018,14:00:00
UKA00559,11.32861,06/06/2018,15:00:00
UKA00559,12.00746,06/06/2018,16:00:00
UKA00559,13.25662,06/06/2018,17:00:00
UKA00559,14.85751,06/06/2018,18:00:00
UKA00559,14.04016,06/06/2018,19:00:00
UKA00559,15.93298,06/06/2018,20:00:00
UKA00559,17.148,06/06/2018,21:00:00
UKA00559,19.9535,06/06/2018,22:00:00
UKA00559,18.65736,06/06/2018,23:00:00
UKA00559,23.68522,06/06/2018,24:00:00
UKA00559,26.01834,07/06/2018,01:00:00
UKA00559,28.59144,07/06/2018,02:00:00
UKA00559,29.2197,07/06/2018,03:00:00
UKA00559,24.00123,07/06/2018,04:00:00
UKA00559,20.99761,07/06/2018,05:00:00
UKA00559,24.68782,07/06/2018,06:00:00
UKA00559,24.88403,07/06/2018,07:00:00
UKA00559,23.36688,07/06/2018,08:00:00
UKA00559,15.22935,07/06/2018,09:00:00
UKA00559,18.69494,07/06/2018,10:00:00
UKA00559,17.57282,07/06/2018,11:00:00
UKA00559,13.66844,07/06/2018,12:00:00
UKA00559,12.03571,07/06/2018,13:00:00
UKA00559,9.58058,07/06/2018,14:00:00
UKA00559,11.27468,07/06/2018,15:00:00
UKA00559,14.90287,07/06/2018,16:00:00
UKA00559,18.08736,07/06/2018,17:00:00
UKA00559,19.05276,07/06/2018,18:00:00
UKA00559,20.1579,07/06/2018,19:00:00
UKA00559,19.3972,07/06/2018,20:00:00
UKA00559,19.59994,07/06/2018,21:00:00
UKA00559,28.72149,07/06/2018,22:00:00
UKA00559,17.67077,07/06/2018,23:00:00
UKA00559,11.58746,07/06/2018,24:00:00
UKA00559,10.48532,08/06/2018,01:00:00
UKA00559,11.70621,08/06/2018,02:00:00
UKA00559,7.13713,08/06/2018,03:00:00
UKA00559,7.42402,08/06/2018,04:00:00
UKA00559,5.97612,08/06/2018,05:00:00
UKA00559,8.82242,08/06/2018,06:00:00
UKA00559,14.16945,08/06/2018,07:00:00
UKA00559,17.76486,08/06/2018,08:00:00
UKA00559,17.77404,08/06/2018,09:00:00
UKA00559,13.92073,08/06/2018,10:00:00
UKA00559,13.86634,08/06/2018,11:00:00
UKA00559,13.81898,08/06/2018,12:00:00
UKA00559,12.99435,08/06/2018,13:00:00
UKA00559,14.24946,08/06/2018,14:00:00
UKA00559,14.00626,08/06/2018,15:00:00
UKA00559,14.40408,08/06/2018,16:00:00
UKA00559,18.2085,08/06/2018,17:00:00
UKA00559,19.20969,08/06/2018,18:00:00
UKA00559,20.19599,08/06/2018,19:00:00
UKA00559,24.49111,08/06/2018,20:00:00
UKA00559,30.38905,08/06/2018,21:00:00
UKA00559,35.6576,08/06/2018,22:00:00
UKA00559,44.34683,08/06/2018,23:00:00
UKA00559,43.95177,08/06/2018,24:00:00
UKA00559,39.97032,09/06/2018,01:00:00
UKA00559,19.98478,09/06/2018,02:00:00
UKA00559,16.19199,09/06/2018,03:00:00
UKA00559,8.67187,09/06/2018,04:00:00
UKA00559,9.97317,09/06/2018,05:00:00
UKA00559,9.67694,09/06/2018,06:00:00
UKA00559,14.15499,09/06/2018,07:00:00
UKA00559,14.90576,09/06/2018,08:00:00
UKA00559,13.79109,09/06/2018,09:00:00
UKA00559,15.12689,09/06/2018,10:00:00
UKA00559,12.1522,09/06/2018,11:00:00
UKA00559,8.9866,09/06/2018,12:00:00
UKA00559,9.27596,09/06/2018,13:00:00
UKA00559,9.56533,09/06/2018,14:00:00
UKA00559,11.44708,09/06/2018,15:00:00
UKA00559,9.9563,09/06/2018,16:00:00
UKA00559,11.83604,09/06/2018,17:00:00
UKA00559,12.947,09/06/2018,18:00:00
UKA00559,13.81768,09/06/2018,19:00:00
UKA00559,14.78824,09/06/2018,20:00:00
UKA00559,18.93927,09/06/2018,21:00:00
UKA00559,26.46339,09/06/2018,22:00:00
UKA00559,26.4591,09/06/2018,23:00:00
UKA00559,24.5317,09/06/2018,24:00:00
UKA00559,25.87931,10/06/2018,01:00:00
UKA00559,31.00459,10/06/2018,02:00:00
UKA00559,31.19767,10/06/2018,03:00:00
UKA00559,28.52189,10/06/2018,04:00:00
UKA00559,24.35006,10/06/2018,05:00:00
UKA00559,17.68938,10/06/2018,06:00:00
UKA00559,12.54529,10/06/2018,07:00:00
UKA00559,12.54901,10/06/2018,08:00:00
UKA00559,10.67309,10/06/2018,09:00:00
UKA00559,8.54909,10/06/2018,10:00:00
UKA00559,8.40507,10/06/2018,11:00:00
UKA00559,7.25268,10/06/2018,12:00:00
UKA00559,7.59235,10/06/2018,13:00:00
UKA00559,7.35569,10/06/2018,14:00:00
UKA00559,8.84296,10/06/2018,15:00:00
UKA00559,6.82595,10/06/2018,16:00:00
UKA00559,7.64478,10/06/2018,17:00:00
UKA00559,7.88755,10/06/2018,18:00:00
UKA00559,7.93865,10/06/2018,19:00:00
UKA00559,11.93406,10/06/2018,20:00:00
UKA00559,17.52586,10/06/2018,21:00:00
UKA00559,17.6217,10/06/2018,22:00:00
UKA00559,20.08111,10/06/2018,23:00:00
UKA00559,19.84073,10/06/2018,24:00:00
UKA00559,17.96054,11/06/2018,01:00:00
UKA00559,13.34303,11/06/2018,02:00:00
UKA00559,14.14309,11/06/2018,03:00:00
UKA00559,17.17129,11/06/2018,04:00:00
UKA00559,24.94097,11/06/2018,05:00:00
UKA00559,21.804,11/06/2018,06:00:00
UKA00559,21.48991,11/06/2018,07:00:00
UKA00559,24.50903,11/06/2018,08:00:00
UKA00559,17.74997,11/06/2018,09:00:00
UKA00559,16.4095,11/06/2018,10:00:00
UKA00559,11.66335,11/06/2018,11:00:00
UKA00559,10.65739,11/06/2018,12:00:00
UKA00559,9.02884,11/06/2018,13:00:00
UKA00559,9.99255,11/06/2018,14:00:00
UKA00559,10.66745,11/06/2018,15:00:00
UKA00559,20.48708,11/06/2018,16:00:00
UKA00559,15.96027,11/06/2018,17:00:00
UKA00559,15.67194,11/06/2018,18:00:00
UKA00559,16.97285,11/06/2018,19:00:00
UKA00559,19.57076,11/06/2018,20:00:00
UKA00559,19.86964,11/06/2018,21:00:00
UKA00559,22.27598,11/06/2018,22:00:00
UKA00559,26.75072,11/06/2018,23:00:00
UKA00559,30.55376,11/06/2018,24:00:00
UKA00559,35.18972,12/06/2018,01:00:00
UKA00559,13.65035,12/06/2018,02:00:00
UKA00559,12.78366,12/06/2018,03:00:00
UKA00559,12.87984,12/06/2018,04:00:00
UKA00559,15.85788,12/06/2018,05:00:00
UKA00559,21.27552,12/06/2018,06:00:00
UKA00559,18.63119,12/06/2018,07:00:00
UKA00559,16.8471,12/06/2018,08:00:00
UKA00559,15.21268,12/06/2018,09:00:00
UKA00559,16.2754,12/06/2018,10:00:00
UKA00559,12.71802,12/06/2018,11:00:00
UKA00559,15.84011,12/06/2018,12:00:00
UKA00559,9.78582,12/06/2018,13:00:00
UKA00559,7.81859,12/06/2018,14:00:00
UKA00559,8.44894,12/06/2018,15:00:00
UKA00559,9.40626,12/06/2018,16:00:00
UKA00559,14.30727,12/06/2018,17:00:00
UKA00559,16.22146,12/06/2018,18:00:00
UKA00559,15.35673,12/06/2018,19:00:00
UKA00559,18.06107,12/06/2018,20:00:00
UKA00559,38.34467,12/06/2018,21:00:00
UKA00559,39.95125,12/06/2018,22:00:00
UKA00559,30.76654,12/06/2018,23:00:00
UKA00559,20.81576,12/06/2018,24:00:00
UKA00559,19.21133,13/06/2018,01:00:00
UKA00559,18.44287,13/06/2018,02:00:00
UKA00559,17.2399,13/06/2018,03:00:00
UKA00559,13.062,13/06/2018,04:00:00
UKA00559,14.25781,13/06/2018,05:00:00
UKA00559,17.42246,13/06/2018,06:00:00
UKA00559,19.66893,13/06/2018,07:00:00
UKA00559,15.00587,13/06/2018,08:00:00
UKA00559,8.48889,13/06/2018,09:00:00
UKA00559,10.0247,13/06/2018,10:00:00
UKA00559,7.14669,13/06/2018,11:00:00
UKA00559,6.13978,13/06/2018,12:00:00
UKA00559,7.72671,13/06/2018,13:00:00
UKA00559,7.63082,13/06/2018,14:00:00
UKA00559,8.35048,13/06/2018,15:00:00
UKA00559,7.77701,13/06/2018,16:00:00
UKA00559,8.06282,13/06/2018,17:00:00
UKA00559,8.2086,13/06/2018,18:00:00
UKA00559,10.08278,13/06/2018,19:00:00
UKA00559,8.97609,13/06/2018,20:00:00
UKA00559,8.59357,13/06/2018,21:00:00
UKA00559,6.57812,13/06/2018,22:00:00
UKA00559,4.2701,13/06/2018,23:00:00
UKA00559,3.83688,13/06/2018,24:00:00
UKA00559,3.38682,14/06/2018,01:00:00
UKA00559,3.96061,14/06/2018,02:00:00
UKA00559,3.78553,14/06/2018,03:00:00
UKA00559,2.10701,14/06/2018,04:00:00
UKA00559,2.34683,14/06/2018,05:00:00
UKA00559,3.54295,14/06/2018,06:00:00
UKA00559,5.4166,14/06/2018,07:00:00
UKA00559,6.8038,14/06/2018,08:00:00
UKA00559,4.2635,14/06/2018,09:00:00
UKA00559,3.40042,14/06/2018,10:00:00
UKA00559,3.35077,14/06/2018,11:00:00
UKA00559,3.63508,14/06/2018,12:00:00
UKA00559,3.15729,14/06/2018,13:00:00
UKA00559,5.36307,14/06/2018,14:00:00
UKA00559,4.54873,14/06/2018,15:00:00
UKA00559,3.97347,14/06/2018,16:00:00
UKA00559,6.41464,14/06/2018,17:00:00
UKA00559,4.16879,14/06/2018,18:00:00
UKA00559,4.45494,14/06/2018,19:00:00
UKA00559,4.5046,14/06/2018,20:00:00
UKA00559,9.16242,14/06/2018,21:00:00
UKA00559,13.96258,14/06/2018,22:00:00
UKA00559,8.73171,14/06/2018,23:00:00
UKA00559,5.94699,14/06/2018,24:00:00
UKA00559,4.599,15/06/2018,01:00:00
UKA00559,5.23752,15/06/2018,02:00:00
UKA00559,7.52453,15/06/2018,03:00:00
UKA00559,8.96119,15/06/2018,04:00:00
UKA00559,11.16658,15/06/2018,05:00:00
UKA00559,14.94872,15/06/2018,06:00:00
UKA00559,11.73449,15/06/2018,07:00:00
UKA00559,9.14332,15/06/2018,08:00:00
UKA00559,11.00894,15/06/2018,09:00:00
UKA00559,6.31928,15/06/2018,10:00:00
UKA00559,3.53991,15/06/2018,11:00:00
UKA00559,3.68509,15/06/2018,12:00:00
UKA00559,3.9265,15/06/2018,13:00:00
UKA00559,5.07412,15/06/2018,14:00:00
UKA00559,5.84253,15/06/2018,15:00:00
UKA00559,3.97347,15/06/2018,16:00:00
UKA00559,3.8301,15/06/2018,17:00:00
UKA00559,3.97396,15/06/2018,18:00:00
UKA00559,5.07822,15/06/2018,19:00:00
UKA00559,5.17347,15/06/2018,20:00:00
UKA00559,9.82534,15/06/2018,21:00:00
UKA00559,15.62796,15/06/2018,22:00:00
UKA00559,10.44973,15/06/2018,23:00:00
UKA00559,5.75039,15/06/2018,24:00:00
UKA00559,4.46801,16/06/2018,01:00:00
UKA00559,4.46724,16/06/2018,02:00:00
UKA00559,3.68407,16/06/2018,03:00:00
UKA00559,4.78625,16/06/2018,04:00:00
UKA00559,6.46319,16/06/2018,05:00:00
UKA00559,9.76744,16/06/2018,06:00:00
UKA00559,10.81869,16/06/2018,07:00:00
UKA00559,8.85258,16/06/2018,08:00:00
UKA00559,6.36335,16/06/2018,09:00:00
UKA00559,6.12309,16/06/2018,10:00:00
UKA00559,5.45208,16/06/2018,11:00:00
UKA00559,4.11151,16/06/2018,12:00:00
UKA00559,4.16114,16/06/2018,13:00:00
UKA00559,4.83186,16/06/2018,14:00:00
UKA00559,7.37072,16/06/2018,15:00:00
UKA00559,4.92681,16/06/2018,16:00:00
UKA00559,4.92782,16/06/2018,17:00:00
UKA00559,3.44179,16/06/2018,18:00:00
UKA00559,2.5816,16/06/2018,19:00:00
UKA00559,4.25926,16/06/2018,20:00:00
UKA00559,8.95457,16/06/2018,21:00:00
UKA00559,16.18703,16/06/2018,22:00:00
UKA00559,8.13884,16/06/2018,23:00:00
UKA00559,4.83459,16/06/2018,24:00:00
UKA00559,5.29353,17/06/2018,01:00:00
UKA00559,3.56948,17/06/2018,02:00:00
UKA00559,3.05915,17/06/2018,03:00:00
UKA00559,3.29884,17/06/2018,04:00:00
UKA00559,2.96367,17/06/2018,05:00:00
UKA00559,1.57602,17/06/2018,06:00:00
UKA00559,1.48005,17/06/2018,07:00:00
UKA00559,1.52717,17/06/2018,08:00:00
UKA00559,1.43021,17/06/2018,09:00:00
UKA00559,1.38284,17/06/2018,10:00:00
UKA00559,2.77136,17/06/2018,11:00:00
UKA00559,4.1579,17/06/2018,12:00:00
UKA00559,4.06242,17/06/2018,13:00:00
UKA00559,3.9662,17/06/2018,14:00:00
UKA00559,3.48794,17/06/2018,15:00:00
UKA00559,5.25899,17/06/2018,16:00:00
UKA00559,6.79023,17/06/2018,17:00:00
UKA00559,7.0784,17/06/2018,18:00:00
UKA00559,6.93678,17/06/2018,19:00:00
UKA00559,8.13286,17/06/2018,20:00:00
UKA00559,7.36619,17/06/2018,21:00:00
UKA00559,7.08,17/06/2018,22:00:00
UKA00559,3.3013,17/06/2018,23:00:00
UKA00559,3.15549,17/06/2018,24:00:00
UKA00559,2.22872,18/06/2018,01:00:00
UKA00559,1.78229,18/06/2018,02:00:00
UKA00559,1.91052,18/06/2018,03:00:00
UKA00559,2.05356,18/06/2018,04:00:00
UKA00559,2.77072,18/06/2018,05:00:00
UKA00559,5.20878,18/06/2018,06:00:00
UKA00559,6.3532,18/06/2018,07:00:00
UKA00559,5.97004,18/06/2018,08:00:00
UKA00559,4.39259,18/06/2018,09:00:00
UKA00559,3.15047,18/06/2018,10:00:00
UKA00559,3.62844,18/06/2018,11:00:00
UKA00559,2.9119,18/06/2018,12:00:00
UKA00559,2.72136,18/06/2018,13:00:00
UKA00559,2.43424,18/06/2018,14:00:00
UKA00559,2.5778,18/06/2018,15:00:00
UKA00559,2.86398,18/06/2018,16:00:00
UKA00559,5.30431,18/06/2018,17:00:00
UKA00559,8.69737,18/06/2018,18:00:00
UKA00559,8.46025,18/06/2018,19:00:00
UKA00559,6.88145,18/06/2018,20:00:00
UKA00559,3.67914,18/06/2018,21:00:00
UKA00559,1.90939,18/06/2018,22:00:00
UKA00559,2.1964,18/06/2018,23:00:00
UKA00559,1.62321,18/06/2018,24:00:00
UKA00559,1.01681,19/06/2018,01:00:00
UKA00559,,19/06/2018,02:00:00
UKA00559,,19/06/2018,03:00:00
UKA00559,,19/06/2018,04:00:00
UKA00559,,19/06/2018,05:00:00
UKA00559,,19/06/2018,06:00:00
UKA00559,,19/06/2018,07:00:00
UKA00559,,19/06/2018,08:00:00
UKA00559,,19/06/2018,09:00:00
UKA00559,,19/06/2018,10:00:00
UKA00559,,19/06/2018,11:00:00
UKA00559,,19/06/2018,12:00:00
UKA00559,,19/06/2018,13:00:00
UKA00559,,19/06/2018,14:00:00
UKA00559,,19/06/2018,15:00:00
UKA00559,,19/06/2018,16:00:00
UKA00559,,19/06/2018,17:00:00
UKA00559,,19/06/2018,18:00:00
UKA00559,,19/06/2018,19:00:00
UKA00559,,19/06/2018,20:00:00
UKA00559,,19/06/2018,21:00:00
UKA00559,,19/06/2018,22:00:00
UKA00559,,19/06/2018,23:00:00
UKA00559,,19/06/2018,24:00:00
UKA00559,,20/06/2018,01:00:00
UKA00559,,20/06/2018,02:00:00
UKA00559,,20/06/2018,03:00:00
UKA00559,,20/06/2018,04:00:00
UKA00559,,20/06/2018,05:00:00
UKA00559,,20/06/2018,06:00:00
UKA00559,,20/06/2018,07:00:00
UKA00559,,20/06/2018,08:00:00
UKA00559,,20/06/2018,09:00:00
UKA00559,,20/06/2018,10:00:00
UKA00559,,20/06/2018,11:00:00
UKA00559,,20/06/2018,12:00:00
UKA00559,,20/06/2018,13:00:00
UKA00559,,20/06/2018,14:00:00
UKA00559,,20/06/2018,15:00:00
UKA00559,,20/06/2018,16:00:00
UKA00559,,20/06/2018,17:00:00
UKA00559,,20/06/2018,18:00:00
UKA00559,,20/06/2018,19:00:00
UKA00559,,20/06/2018,20:00:00
UKA00559,,20/06/2018,21:00:00
UKA00559,,20/06/2018,22:00:00
UKA00559,,20/06/2018,23:00:00
UKA00559,,20/06/2018,24:00:00
UKA00559,,21/06/2018,01:00:00
UKA00559,,21/06/2018,02:00:00
UKA00559,,21/06/2018,03:00:00
UKA00559,,21/06/2018,04:00:00
UKA00559,,21/06/2018,05:00:00
UKA00559,,21/06/2018,06:00:00
UKA00559,,21/06/2018,07:00:00
UKA00559,,21/06/2018,08:00:00
UKA00559,7.29033,21/06/2018,09:00:00
UKA00559,7.05028,21/06/2018,10:00:00
UKA00559,5.76506,21/06/2018,11:00:00
UKA00559,5.19328,21/06/2018,12:00:00
UKA00559,5.19281,21/06/2018,13:00:00
UKA00559,5.33577,21/06/2018,14:00:00
UKA00559,5.19323,21/06/2018,15:00:00
UKA00559,5.81342,21/06/2018,16:00:00
UKA00559,5.24146,21/06/2018,17:00:00
UKA00559,5.86169,21/06/2018,18:00:00
UKA00559,5.90924,21/06/2018,19:00:00
UKA00559,7.95912,21/06/2018,20:00:00
UKA00559,8.29427,21/06/2018,21:00:00
UKA00559,10.58331,21/06/2018,22:00:00
UKA00559,11.72793,21/06/2018,23:00:00
UKA00559,10.44043,21/06/2018,24:00:00
UKA00559,8.50998,22/06/2018,01:00:00
UKA00559,6.03282,22/06/2018,02:00:00
UKA00559,7.38261,22/06/2018,03:00:00
UKA00559,10.19326,22/06/2018,04:00:00
UKA00559,13.66991,22/06/2018,05:00:00
UKA00559,14.52594,22/06/2018,06:00:00
UKA00559,15.9052,22/06/2018,07:00:00
UKA00559,15.42763,22/06/2018,08:00:00
UKA00559,11.80855,22/06/2018,09:00:00
UKA00559,12.57099,22/06/2018,10:00:00
UKA00559,9.9997,22/06/2018,11:00:00
UKA00559,10.33356,22/06/2018,12:00:00
UKA00559,9.0955,22/06/2018,13:00:00
UKA00559,9.28636,22/06/2018,14:00:00
UKA00559,9.81045,22/06/2018,15:00:00
UKA00559,9.52499,22/06/2018,16:00:00
UKA00559,9.76334,22/06/2018,17:00:00
UKA00559,10.1923,22/06/2018,18:00:00
UKA00559,10.81181,22/06/2018,19:00:00
UKA00559,13.38432,22/06/2018,20:00:00
UKA00559,14.14668,22/06/2018,21:00:00
UKA00559,18.76744,22/06/2018,22:00:00
UKA00559,22.24473,22/06/2018,23:00:00
UKA00559,20.48211,22/06/2018,24:00:00
UKA00559,19.92391,23/06/2018,01:00:00
UKA00559,12.24619,23/06/2018,02:00:00
UKA00559,10.42195,23/06/2018,03:00:00
UKA00559,13.56283,23/06/2018,04:00:00
UKA00559,11.80202,23/06/2018,05:00:00
UKA00559,11.08814,23/06/2018,06:00:00
UKA00559,9.18455,23/06/2018,07:00:00
UKA00559,9.85078,23/06/2018,08:00:00
UKA00559,10.51697,23/06/2018,09:00:00
UKA00559,11.23076,23/06/2018,10:00:00
UKA00559,7.56648,23/06/2018,11:00:00
UKA00559,8.56585,23/06/2018,12:00:00
UKA00559,7.5665,23/06/2018,13:00:00
UKA00559,5.1871,23/06/2018,14:00:00
UKA00559,6.04373,23/06/2018,15:00:00
UKA00559,5.47267,23/06/2018,16:00:00
UKA00559,8.2804,23/06/2018,17:00:00
UKA00559,8.66112,23/06/2018,18:00:00
UKA00559,9.7081,23/06/2018,19:00:00
UKA00559,13.89595,23/06/2018,20:00:00
UKA00559,13.18212,23/06/2018,21:00:00
UKA00559,17.13202,23/06/2018,22:00:00
UKA00559,23.60412,23/06/2018,23:00:00
UKA00559,26.26911,23/06/2018,24:00:00
UKA00559,28.27307,24/06/2018,01:00:00
UKA00559,16.9893,24/06/2018,02:00:00
UKA00559,18.63748,24/06/2018,03:00:00
UKA00559,15.35691,24/06/2018,04:00:00
UKA00559,20.49227,24/06/2018,05:00:00
UKA00559,19.16235,24/06/2018,06:00:00
UKA00559,10.46162,24/06/2018,07:00:00
UKA00559,9.93911,24/06/2018,08:00:00
UKA00559,7.18114,24/06/2018,09:00:00
UKA00559,7.41886,24/06/2018,10:00:00
UKA00559,6.99073,24/06/2018,11:00:00
UKA00559,8.13205,24/06/2018,12:00:00
UKA00559,6.70507,24/06/2018,13:00:00
UKA00559,8.51159,24/06/2018,14:00:00
UKA00559,12.6958,24/06/2018,15:00:00
UKA00559,9.12939,24/06/2018,16:00:00
UKA00559,9.74751,24/06/2018,17:00:00
UKA00559,10.31798,24/06/2018,18:00:00
UKA00559,11.07854,24/06/2018,19:00:00
UKA00559,13.83589,24/06/2018,20:00:00
UKA00559,16.40297,24/06/2018,21:00:00
UKA00559,41.83903,24/06/2018,22:00:00
UKA00559,34.75496,24/06/2018,23:00:00
UKA00559,42.07665,24/06/2018,24:00:00
UKA00559,57.50745,25/06/2018,01:00:00
UKA00559,49.96931,25/06/2018,02:00:00
UKA00559,42.65506,25/06/2018,03:00:00
UKA00559,39.66297,25/06/2018,04:00:00
UKA00559,34.48903,25/06/2018,05:00:00
UKA00559,44.23448,25/06/2018,06:00:00
UKA00559,43.28566,25/06/2018,07:00:00
UKA00559,44.9984,25/06/2018,08:00:00
UKA00559,32.54803,25/06/2018,09:00:00
UKA00559,18.76836,25/06/2018,10:00:00
UKA00559,16.96219,25/06/2018,11:00:00
UKA00559,20.62038,25/06/2018,12:00:00
UKA00559,13.2554,25/06/2018,13:00:00
UKA00559,13.68226,25/06/2018,14:00:00
UKA00559,10.45237,25/06/2018,15:00:00
UKA00559,10.07207,25/06/2018,16:00:00
UKA00559,15.15504,25/06/2018,17:00:00
UKA00559,14.20477,25/06/2018,18:00:00
UKA00559,29.78765,25/06/2018,19:00:00
UKA00559,37.764,25/06/2018,20:00:00
UKA00559,36.24243,25/06/2018,21:00:00
UKA00559,22.94277,25/06/2018,22:00:00
UKA00559,13.82288,25/06/2018,23:00:00
UKA00559,14.0606,25/06/2018,24:00:00
UKA00559,20.75416,26/06/2018,01:00:00
UKA00559,25.37355,26/06/2018,02:00:00
UKA00559,20.97582,26/06/2018,03:00:00
UKA00559,21.92475,26/06/2018,04:00:00
UKA00559,35.5472,26/06/2018,05:00:00
UKA00559,39.78084,26/06/2018,06:00:00
UKA00559,36.26866,26/06/2018,07:00:00
UKA00559,36.5586,26/06/2018,08:00:00
UKA00559,26.58866,26/06/2018,09:00:00
UKA00559,17.56853,26/06/2018,10:00:00
UKA00559,11.67941,26/06/2018,11:00:00
UKA00559,9.21148,26/06/2018,12:00:00
UKA00559,8.21362,26/06/2018,13:00:00
UKA00559,9.11509,26/06/2018,14:00:00
UKA00559,7.50089,26/06/2018,15:00:00
UKA00559,10.11165,26/06/2018,16:00:00
UKA00559,19.32022,26/06/2018,17:00:00
UKA00559,15.09514,26/06/2018,18:00:00
UKA00559,13.90782,26/06/2018,19:00:00
UKA00559,16.70697,26/06/2018,20:00:00
UKA00559,31.79741,26/06/2018,21:00:00
UKA00559,21.64021,26/06/2018,22:00:00
UKA00559,10.06123,26/06/2018,23:00:00
UKA00559,19.93164,26/06/2018,24:00:00
UKA00559,19.91372,27/06/2018,01:00:00
UKA00559,16.50035,27/06/2018,02:00:00
UKA00559,13.51357,27/06/2018,03:00:00
UKA00559,18.11161,27/06/2018,04:00:00
UKA00559,23.23463,27/06/2018,05:00:00
UKA00559,15.74694,27/06/2018,06:00:00
UKA00559,16.88685,27/06/2018,07:00:00
UKA00559,14.04724,27/06/2018,08:00:00
UKA00559,11.53422,27/06/2018,09:00:00
UKA00559,15.18938,27/06/2018,10:00:00
UKA00559,12.2489,27/06/2018,11:00:00
UKA00559,,27/06/2018,12:00:00
UKA00559,8.68329,27/06/2018,13:00:00
UKA00559,8.39933,27/06/2018,14:00:00
UKA00559,8.68201,27/06/2018,15:00:00
UKA00559,9.01386,27/06/2018,16:00:00
UKA00559,13.42713,27/06/2018,17:00:00
UKA00559,12.14564,27/06/2018,18:00:00
UKA00559,11.71723,27/06/2018,19:00:00
UKA00559,11.81252,27/06/2018,20:00:00
UKA00559,24.56352,27/06/2018,21:00:00
UKA00559,27.35876,27/06/2018,22:00:00
UKA00559,10.43167,27/06/2018,23:00:00
UKA00559,6.11784,27/06/2018,24:00:00
UKA00559,6.31927,28/06/2018,01:00:00
UKA00559,7.20411,28/06/2018,02:00:00
UKA00559,5.30853,28/06/2018,03:00:00
UKA00559,4.69241,28/06/2018,04:00:00
UKA00559,3.88672,28/06/2018,05:00:00
UKA00559,6.96804,28/06/2018,06:00:00
UKA00559,8.6748,28/06/2018,07:00:00
UKA00559,12.65719,28/06/2018,08:00:00
UKA00559,15.2174,28/06/2018,09:00:00
UKA00559,10.42944,28/06/2018,10:00:00
UKA00559,11.94529,28/06/2018,11:00:00
UKA00559,10.38084,28/06/2018,12:00:00
UKA00559,6.68344,28/06/2018,13:00:00
UKA00559,6.39896,28/06/2018,14:00:00
UKA00559,7.48913,28/06/2018,15:00:00
UKA00559,6.63635,28/06/2018,16:00:00
UKA00559,6.82552,28/06/2018,17:00:00
UKA00559,5.92503,28/06/2018,18:00:00
UKA00559,5.68794,28/06/2018,19:00:00
UKA00559,7.01532,28/06/2018,20:00:00
UKA00559,13.08075,28/06/2018,21:00:00
UKA00559,23.64895,28/06/2018,22:00:00
UKA00559,19.33594,28/06/2018,23:00:00
UKA00559,17.53522,28/06/2018,24:00:00
UKA00559,10.35817,29/06/2018,01:00:00
UKA00559,7.89461,29/06/2018,02:00:00
UKA00559,9.23727,29/06/2018,03:00:00
UKA00559,10.04271,29/06/2018,04:00:00
UKA00559,8.90519,29/06/2018,05:00:00
UKA00559,9.28326,29/06/2018,06:00:00
UKA00559,11.41366,29/06/2018,07:00:00
UKA00559,10.27532,29/06/2018,08:00:00
UKA00559,7.86031,29/06/2018,09:00:00
UKA00559,6.96019,29/06/2018,10:00:00
UKA00559,6.15608,29/06/2018,11:00:00
UKA00559,7.10327,29/06/2018,12:00:00
UKA00559,6.34594,29/06/2018,13:00:00
UKA00559,6.10894,29/06/2018,14:00:00
UKA00559,6.15658,29/06/2018,15:00:00
UKA00559,6.96221,29/06/2018,16:00:00
UKA00559,6.81978,29/06/2018,17:00:00
UKA00559,7.48319,29/06/2018,18:00:00
UKA00559,6.82015,29/06/2018,19:00:00
UKA00559,7.24692,29/06/2018,20:00:00
UKA00559,11.74717,29/06/2018,21:00:00
UKA00559,9.90039,29/06/2018,22:00:00
UKA00559,7.43688,29/06/2018,23:00:00
UKA00559,4.87878,29/06/2018,24:00:00
UKA00559,4.79637,30/06/2018,01:00:00
UKA00559,8.0805,30/06/2018,02:00:00
UKA00559,4.07105,30/06/2018,03:00:00
UKA00559,2.79183,30/06/2018,04:00:00
UKA00559,2.17617,30/06/2018,05:00:00
UKA00559,3.54921,30/06/2018,06:00:00
UKA00559,6.24525,30/06/2018,07:00:00
UKA00559,4.96665,30/06/2018,08:00:00
UKA00559,6.00649,30/06/2018,09:00:00
UKA00559,6.57532,30/06/2018,10:00:00
UKA00559,6.85903,30/06/2018,11:00:00
UKA00559,6.14892,30/06/2018,12:00:00
UKA00559,5.72368,30/06/2018,13:00:00
UKA00559,4.68295,30/06/2018,14:00:00
UKA00559,5.06209,30/06/2018,15:00:00
UKA00559,4.63649,30/06/2018,16:00:00
UKA00559,4.40032,30/06/2018,17:00:00
UKA00559,4.40005,30/06/2018,18:00:00
UKA00559,5.39485,30/06/2018,19:00:00
UKA00559,6.72124,30/06/2018,20:00:00
UKA00559,8.23761,30/06/2018,21:00:00
UKA00559,9.5162,30/06/2018,22:00:00
UKA00559,11.50544,30/06/2018,23:00:00
UKA00559,11.74304,30/06/2018,24:00:00
UKA00559,10.28483,01/07/2018,01:00:00
UKA00559,8.39113,01/07/2018,02:00:00
UKA00559,8.70694,01/07/2018,03:00:00
UKA00559,7.38106,01/07/2018,04:00:00
UKA00559,8.89602,01/07/2018,05:00:00
UKA00559,8.70519,01/07/2018,06:00:00
UKA00559,8.22696,01/07/2018,07:00:00
UKA00559,7.3257,01/07/2018,08:00:00
UKA00559,7.56343,01/07/2018,09:00:00
UKA00559,8.6038,01/07/2018,10:00:00
UKA00559,9.2178,01/07/2018,11:00:00
UKA00559,9.36201,01/07/2018,12:00:00
UKA00559,7.99199,01/07/2018,13:00:00
UKA00559,7.4252,01/07/2018,14:00:00
UKA00559,5.95801,01/07/2018,15:00:00
UKA00559,6.05328,01/07/2018,16:00:00
UKA00559,6.71462,01/07/2018,17:00:00
UKA00559,6.24309,01/07/2018,18:00:00
UKA00559,7.80612,01/07/2018,19:00:00
UKA00559,7.61602,01/07/2018,20:00:00
UKA00559,9.228,01/07/2018,21:00:00
UKA00559,10.22219,01/07/2018,22:00:00
UKA00559,9.13303,01/07/2018,23:00:00
UKA00559,10.03297,01/07/2018,24:00:00
UKA00559,12.80486,02/07/2018,01:00:00
UKA00559,8.07194,02/07/2018,02:00:00
UKA00559,7.51986,02/07/2018,03:00:00
UKA00559,10.21646,02/07/2018,04:00:00
UKA00559,18.02332,02/07/2018,05:00:00
UKA00559,20.47439,02/07/2018,06:00:00
UKA00559,21.69093,02/07/2018,07:00:00
UKA00559,19.51067,02/07/2018,08:00:00
UKA00559,22.32802,02/07/2018,09:00:00
UKA00559,15.49176,02/07/2018,10:00:00
UKA00559,9.16234,02/07/2018,11:00:00
UKA00559,7.32247,02/07/2018,12:00:00
UKA00559,9.49363,02/07/2018,13:00:00
UKA00559,5.90288,02/07/2018,14:00:00
UKA00559,7.08058,02/07/2018,15:00:00
UKA00559,11.00605,02/07/2018,16:00:00
UKA00559,10.91544,02/07/2018,17:00:00
UKA00559,12.37974,02/07/2018,18:00:00
UKA00559,9.21351,02/07/2018,19:00:00
UKA00559,7.5589,02/07/2018,20:00:00
UKA00559,6.61783,02/07/2018,21:00:00
UKA00559,7.80261,02/07/2018,22:00:00
UKA00559,6.76264,02/07/2018,23:00:00
UKA00559,6.57313,02/07/2018,24:00:00
UKA00559,5.48078,03/07/2018,01:00:00
UKA00559,7.31081,03/07/2018,02:00:00
UKA00559,9.45564,03/07/2018,03:00:00
UKA00559,9.88247,03/07/2018,04:00:00
UKA00559,14.6554,03/07/2018,05:00:00
UKA00559,18.28848,03/07/2018,06:00:00
UKA00559,14.91884,03/07/2018,07:00:00
UKA00559,14.86481,03/07/2018,08:00:00
UKA00559,11.41114,03/07/2018,09:00:00
UKA00559,9.28941,03/07/2018,10:00:00
UKA00559,5.37401,03/07/2018,11:00:00
UKA00559,5.42287,03/07/2018,12:00:00
UKA00559,4.85773,03/07/2018,13:00:00
UKA00559,5.70777,03/07/2018,14:00:00
UKA00559,6.98127,03/07/2018,15:00:00
UKA00559,8.06631,03/07/2018,16:00:00
UKA00559,9.48485,03/07/2018,17:00:00
UKA00559,30.11921,03/07/2018,18:00:00
UKA00559,26.07972,03/07/2018,19:00:00
UKA00559,15.17142,03/07/2018,20:00:00
UKA00559,14.88937,03/07/2018,21:00:00
UKA00559,12.90646,03/07/2018,22:00:00
UKA00559,14.23167,03/07/2018,23:00:00
UKA00559,7.9417,03/07/2018,24:00:00
UKA00559,6.67589,04/07/2018,01:00:00
UKA00559,7.61968,04/07/2018,02:00:00
UKA00559,11.15269,04/07/2018,03:00:00
UKA00559,11.43834,04/07/2018,04:00:00
UKA00559,13.1832,04/07/2018,05:00:00
UKA00559,19.16913,04/07/2018,06:00:00
UKA00559,18.25448,04/07/2018,07:00:00
UKA00559,14.88838,04/07/2018,08:00:00
UKA00559,14.84266,04/07/2018,09:00:00
UKA00559,13.85829,04/07/2018,10:00:00
UKA00559,11.17384,04/07/2018,11:00:00
UKA00559,8.67668,04/07/2018,12:00:00
UKA00559,9.20196,04/07/2018,13:00:00
UKA00559,8.77788,04/07/2018,14:00:00
UKA00559,8.58744,04/07/2018,15:00:00
UKA00559,7.50723,04/07/2018,16:00:00
UKA00559,8.83022,04/07/2018,17:00:00
UKA00559,9.8666,04/07/2018,18:00:00
UKA00559,11.10193,04/07/2018,19:00:00
UKA00559,14.03702,04/07/2018,20:00:00
UKA00559,11.6723,04/07/2018,21:00:00
UKA00559,13.70753,04/07/2018,22:00:00
UKA00559,17.72725,04/07/2018,23:00:00
UKA00559,17.44191,04/07/2018,24:00:00
UKA00559,17.45064,05/07/2018,01:00:00
UKA00559,13.7309,05/07/2018,02:00:00
UKA00559,15.92172,05/07/2018,03:00:00
UKA00559,22.73131,05/07/2018,04:00:00
UKA00559,30.57583,05/07/2018,05:00:00
UKA00559,41.22809,05/07/2018,06:00:00
UKA00559,41.90237,05/07/2018,07:00:00
UKA00559,41.42142,05/07/2018,08:00:00
UKA00559,28.49792,05/07/2018,09:00:00
UKA00559,17.64466,05/07/2018,10:00:00
UKA00559,11.51071,05/07/2018,11:00:00
UKA00559,7.49909,05/07/2018,12:00:00
UKA00559,6.83719,05/07/2018,13:00:00
UKA00559,8.16025,05/07/2018,14:00:00
UKA00559,9.34295,05/07/2018,15:00:00
UKA00559,8.68328,05/07/2018,16:00:00
UKA00559,9.57786,05/07/2018,17:00:00
UKA00559,12.31556,05/07/2018,18:00:00
UKA00559,15.29633,05/07/2018,19:00:00
UKA00559,24.41997,05/07/2018,20:00:00
UKA00559,23.90213,05/07/2018,21:00:00
UKA00559,22.96213,05/07/2018,22:00:00
UKA00559,20.13359,05/07/2018,23:00:00
UKA00559,19.56179,05/07/2018,24:00:00
UKA00559,17.56911,06/07/2018,01:00:00
UKA00559,15.68545,06/07/2018,02:00:00
UKA00559,17.38105,06/07/2018,03:00:00
UKA00559,21.15949,06/07/2018,04:00:00
UKA00559,22.23754,06/07/2018,05:00:00
UKA00559,32.52388,06/07/2018,06:00:00
UKA00559,28.43321,06/07/2018,07:00:00
UKA00559,17.89047,06/07/2018,08:00:00
UKA00559,15.48992,06/07/2018,09:00:00
UKA00559,18.35496,06/07/2018,10:00:00
UKA00559,17.69457,06/07/2018,11:00:00
UKA00559,17.10069,06/07/2018,12:00:00
UKA00559,10.89497,06/07/2018,13:00:00
UKA00559,5.37424,06/07/2018,14:00:00
UKA00559,4.37873,06/07/2018,15:00:00
UKA00559,5.46919,06/07/2018,16:00:00
UKA00559,4.05431,06/07/2018,17:00:00
UKA00559,4.61761,06/07/2018,18:00:00
UKA00559,6.9369,06/07/2018,19:00:00
UKA00559,9.67598,06/07/2018,20:00:00
UKA00559,11.56691,06/07/2018,21:00:00
UKA00559,11.47196,06/07/2018,22:00:00
UKA00559,17.23755,06/07/2018,23:00:00
UKA00559,19.93066,06/07/2018,24:00:00
UKA00559,21.08794,07/07/2018,01:00:00
UKA00559,18.25251,07/07/2018,02:00:00
UKA00559,15.63036,07/07/2018,03:00:00
UKA00559,15.90948,07/07/2018,04:00:00
UKA00559,30.349,07/07/2018,05:00:00
UKA00559,23.90218,07/07/2018,06:00:00
UKA00559,16.94339,07/07/2018,07:00:00
UKA00559,13.55133,07/07/2018,08:00:00
UKA00559,13.49101,07/07/2018,09:00:00
UKA00559,13.06192,07/07/2018,10:00:00
UKA00559,10.57141,07/07/2018,11:00:00
UKA00559,8.03946,07/07/2018,12:00:00
UKA00559,7.512,07/07/2018,13:00:00
UKA00559,4.18509,07/07/2018,14:00:00
UKA00559,4.60789,07/07/2018,15:00:00
UKA00559,4.98441,07/07/2018,16:00:00
UKA00559,4.04723,07/07/2018,17:00:00
UKA00559,4.80123,07/07/2018,18:00:00
UKA00559,5.79873,07/07/2018,19:00:00
UKA00559,6.60289,07/07/2018,20:00:00
UKA00559,11.79952,07/07/2018,21:00:00
UKA00559,22.1436,07/07/2018,22:00:00
UKA00559,21.38959,07/07/2018,23:00:00
UKA00559,14.68446,07/07/2018,24:00:00
UKA00559,21.58278,08/07/2018,01:00:00
UKA00559,36.62636,08/07/2018,02:00:00
UKA00559,35.30355,08/07/2018,03:00:00
UKA00559,28.83729,08/07/2018,04:00:00
UKA00559,19.48241,08/07/2018,05:00:00
UKA00559,16.68176,08/07/2018,06:00:00
UKA00559,15.3204,08/07/2018,07:00:00
UKA00559,9.42415,08/07/2018,08:00:00
UKA00559,6.32478,08/07/2018,09:00:00
UKA00559,5.94693,08/07/2018,10:00:00
UKA00559,4.12115,08/07/2018,11:00:00
UKA00559,3.60703,08/07/2018,12:00:00
UKA00559,3.61081,08/07/2018,13:00:00
UKA00559,3.37465,08/07/2018,14:00:00
UKA00559,2.86106,08/07/2018,15:00:00
UKA00559,3.33283,08/07/2018,16:00:00
UKA00559,4.88117,08/07/2018,17:00:00
UKA00559,5.64334,08/07/2018,18:00:00
UKA00559,7.34364,08/07/2018,19:00:00
UKA00559,7.01302,08/07/2018,20:00:00
UKA00559,13.1117,08/07/2018,21:00:00
UKA00559,22.08982,08/07/2018,22:00:00
UKA00559,11.36958,08/07/2018,23:00:00
UKA00559,8.25128,08/07/2018,24:00:00
UKA00559,11.32034,09/07/2018,01:00:00
UKA00559,17.2897,09/07/2018,02:00:00
UKA00559,19.24202,09/07/2018,03:00:00
UKA00559,17.55126,09/07/2018,04:00:00
UKA00559,16.7319,09/07/2018,05:00:00
UKA00559,21.84545,09/07/2018,06:00:00
UKA00559,19.8954,09/07/2018,07:00:00
UKA00559,21.84327,09/07/2018,08:00:00
UKA00559,20.64613,09/07/2018,09:00:00
UKA00559,15.4339,09/07/2018,10:00:00
UKA00559,12.24241,09/07/2018,11:00:00
UKA00559,7.91599,09/07/2018,12:00:00
UKA00559,7.09298,09/07/2018,13:00:00
UKA00559,7.33025,09/07/2018,14:00:00
UKA00559,9.78063,09/07/2018,15:00:00
UKA00559,9.49555,09/07/2018,16:00:00
UKA00559,12.26987,09/07/2018,17:00:00
UKA00559,11.93877,09/07/2018,18:00:00
UKA00559,12.31051,09/07/2018,19:00:00
UKA00559,12.87828,09/07/2018,20:00:00
UKA00559,9.92346,09/07/2018,21:00:00
UKA00559,10.8785,09/07/2018,22:00:00
UKA00559,10.3167,09/07/2018,23:00:00
UKA00559,6.40207,09/07/2018,24:00:00
UKA00559,6.14898,10/07/2018,01:00:00
UKA00559,4.88948,10/07/2018,02:00:00
UKA00559,5.50589,10/07/2018,03:00:00
UKA00559,3.52552,10/07/2018,04:00:00
UKA00559,5.92741,10/07/2018,05:00:00
UKA00559,8.64664,10/07/2018,06:00:00
UKA00559,13.4341,10/07/2018,07:00:00
UKA00559,11.89958,10/07/2018,08:00:00
UKA00559,8.90844,10/07/2018,09:00:00
UKA00559,10.69741,10/07/2018,10:00:00
UKA00559,7.32851,10/07/2018,11:00:00
UKA00559,5.09565,10/07/2018,12:00:00
UKA00559,4.44271,10/07/2018,13:00:00
UKA00559,5.19853,10/07/2018,14:00:00
UKA00559,6.18252,10/07/2018,15:00:00
UKA00559,8.29731,10/07/2018,16:00:00
UKA00559,11.06895,10/07/2018,17:00:00
UKA00559,9.9958,10/07/2018,18:00:00
UKA00559,10.50714,10/07/2018,19:00:00
UKA00559,9.95709,10/07/2018,20:00:00
UKA00559,18.55766,10/07/2018,21:00:00
UKA00559,28.05697,10/07/2018,22:00:00
UKA00559,16.12163,10/07/2018,23:00:00
UKA00559,8.05069,10/07/2018,24:00:00
UKA00559,13.12832,11/07/2018,01:00:00
UKA00559,8.15654,11/07/2018,02:00:00
UKA00559,8.18634,11/07/2018,03:00:00
UKA00559,11.30251,11/07/2018,04:00:00
UKA00559,14.97565,11/07/2018,05:00:00
UKA00559,14.89511,11/07/2018,06:00:00
UKA00559,16.89167,11/07/2018,07:00:00
UKA00559,15.39921,11/07/2018,08:00:00
UKA00559,15.21545,11/07/2018,09:00:00
UKA00559,16.24708,11/07/2018,10:00:00
UKA00559,13.84823,11/07/2018,11:00:00
UKA00559,9.64154,11/07/2018,12:00:00
UKA00559,8.3332,11/07/2018,13:00:00
UKA00559,8.29595,11/07/2018,14:00:00
UKA00559,8.44601,11/07/2018,15:00:00
UKA00559,11.45434,11/07/2018,16:00:00
UKA00559,15.74724,11/07/2018,17:00:00
UKA00559,15.42689,11/07/2018,18:00:00
UKA00559,11.85876,11/07/2018,19:00:00
UKA00559,11.29399,11/07/2018,20:00:00
UKA00559,10.58768,11/07/2018,21:00:00
UKA00559,11.77079,11/07/2018,22:00:00
UKA00559,10.2166,11/07/2018,23:00:00
UKA00559,8.99128,11/07/2018,24:00:00
UKA00559,14.38209,12/07/2018,01:00:00
UKA00559,11.48002,12/07/2018,02:00:00
UKA00559,9.83558,12/07/2018,03:00:00
UKA00559,8.93865,12/07/2018,04:00:00
UKA00559,10.86788,12/07/2018,05:00:00
UKA00559,11.04429,12/07/2018,06:00:00
UKA00559,16.21926,12/07/2018,07:00:00
UKA00559,20.26836,12/07/2018,08:00:00
UKA00559,20.94752,12/07/2018,09:00:00
UKA00559,18.61677,12/07/2018,10:00:00
UKA00559,12.73475,12/07/2018,11:00:00
UKA00559,11.95207,12/07/2018,12:00:00
UKA00559,12.70903,12/07/2018,13:00:00
UKA00559,9.21673,12/07/2018,14:00:00
UKA00559,7.25872,12/07/2018,15:00:00
UKA00559,10.27431,12/07/2018,16:00:00
UKA00559,10.62637,12/07/2018,17:00:00
UKA00559,16.59079,12/07/2018,18:00:00
UKA00559,17.91298,12/07/2018,19:00:00
UKA00559,19.31189,12/07/2018,20:00:00
UKA00559,18.95294,12/07/2018,21:00:00
UKA00559,21.68553,12/07/2018,22:00:00
UKA00559,15.82113,12/07/2018,23:00:00
UKA00559,14.12696,12/07/2018,24:00:00
UKA00559,13.61808,13/07/2018,01:00:00
UKA00559,5.26112,13/07/2018,02:00:00
UKA00559,4.79208,13/07/2018,03:00:00
UKA00559,9.02986,13/07/2018,04:00:00
UKA00559,12.37344,13/07/2018,05:00:00
UKA00559,17.85633,13/07/2018,06:00:00
UKA00559,18.99973,13/07/2018,07:00:00
UKA00559,21.62317,13/07/2018,08:00:00
UKA00559,15.82749,13/07/2018,09:00:00
UKA00559,11.77584,13/07/2018,10:00:00
UKA00559,11.30351,13/07/2018,11:00:00
UKA00559,9.67792,13/07/2018,12:00:00
UKA00559,7.01419,13/07/2018,13:00:00
UKA00559,6.46154,13/07/2018,14:00:00
UKA00559,11.06008,13/07/2018,15:00:00
UKA00559,14.08018,13/07/2018,16:00:00
UKA00559,13.82112,13/07/2018,17:00:00
UKA00559,13.16595,13/07/2018,18:00:00
UKA00559,18.77932,13/07/2018,19:00:00
UKA00559,19.49316,13/07/2018,20:00:00
UKA00559,22.13523,13/07/2018,21:00:00
UKA00559,24.10897,13/07/2018,22:00:00
UKA00559,31.41976,13/07/2018,23:00:00
UKA00559,42.34715,13/07/2018,24:00:00
UKA00559,45.20925,14/07/2018,01:00:00
UKA00559,47.69966,14/07/2018,02:00:00
UKA00559,43.11366,14/07/2018,03:00:00
UKA00559,40.2768,14/07/2018,04:00:00
UKA00559,32.6296,14/07/2018,05:00:00
UKA00559,26.52729,14/07/2018,06:00:00
UKA00559,24.94988,14/07/2018,07:00:00
UKA00559,29.51778,14/07/2018,08:00:00
UKA00559,21.69465,14/07/2018,09:00:00
UKA00559,15.54056,14/07/2018,10:00:00
UKA00559,8.14428,14/07/2018,11:00:00
UKA00559,6.21704,14/07/2018,12:00:00
UKA00559,4.20256,14/07/2018,13:00:00
UKA00559,3.36381,14/07/2018,14:00:00
UKA00559,2.79819,14/07/2018,15:00:00
UKA00559,2.75721,14/07/2018,16:00:00
UKA00559,3.1378,14/07/2018,17:00:00
UKA00559,4.50206,14/07/2018,18:00:00
UKA00559,4.73861,14/07/2018,19:00:00
UKA00559,5.73195,14/07/2018,20:00:00
UKA00559,12.79861,14/07/2018,21:00:00
UKA00559,14.63158,14/07/2018,22:00:00
UKA00559,17.08521,14/07/2018,23:00:00
UKA00559,18.54374,14/07/2018,24:00:00
UKA00559,20.26492,15/07/2018,01:00:00
UKA00559,13.34673,15/07/2018,02:00:00
UKA00559,17.4944,15/07/2018,03:00:00
UKA00559,13.49027,15/07/2018,04:00:00
UKA00559,15.13381,15/07/2018,05:00:00
UKA00559,10.21853,15/07/2018,06:00:00
UKA00559,3.67935,15/07/2018,07:00:00
UKA00559,0.9577,15/07/2018,08:00:00
UKA00559,2.72763,15/07/2018,09:00:00
UKA00559,1.47413,15/07/2018,10:00:00
UKA00559,1.71159,15/07/2018,11:00:00
UKA00559,1.34399,15/07/2018,12:00:00
UKA00559,2.04329,15/07/2018,13:00:00
UKA00559,1.62671,15/07/2018,14:00:00
UKA00559,1.43917,15/07/2018,15:00:00
UKA00559,1.66915,15/07/2018,16:00:00
UKA00559,1.99524,15/07/2018,17:00:00
UKA00559,2.08854,15/07/2018,18:00:00
UKA00559,2.94135,15/07/2018,19:00:00
UKA00559,4.12211,15/07/2018,20:00:00
UKA00559,8.54564,15/07/2018,21:00:00
UKA00559,12.60343,15/07/2018,22:00:00
UKA00559,12.92859,15/07/2018,23:00:00
UKA00559,16.17602,15/07/2018,24:00:00
UKA00559,16.42141,16/07/2018,01:00:00
UKA00559,19.05121,16/07/2018,02:00:00
UKA00559,13.01665,16/07/2018,03:00:00
UKA00559,13.00971,16/07/2018,04:00:00
UKA00559,11.0904,16/07/2018,05:00:00
UKA00559,15.26368,16/07/2018,06:00:00
UKA00559,18.98925,16/07/2018,07:00:00
UKA00559,8.9713,16/07/2018,08:00:00
UKA00559,5.88137,16/07/2018,09:00:00
UKA00559,4.23973,16/07/2018,10:00:00
UKA00559,5.53083,16/07/2018,11:00:00
UKA00559,3.81779,16/07/2018,12:00:00
UKA00559,2.41661,16/07/2018,13:00:00
UKA00559,2.75128,16/07/2018,14:00:00
UKA00559,3.78159,16/07/2018,15:00:00
UKA00559,3.78357,16/07/2018,16:00:00
UKA00559,4.11527,16/07/2018,17:00:00
UKA00559,4.93635,16/07/2018,18:00:00
UKA00559,4.11032,16/07/2018,19:00:00
UKA00559,10.32883,16/07/2018,20:00:00
UKA00559,12.07063,16/07/2018,21:00:00
UKA00559,8.33764,16/07/2018,22:00:00
UKA00559,7.08769,16/07/2018,23:00:00
UKA00559,4.96708,16/07/2018,24:00:00
UKA00559,5.05181,17/07/2018,01:00:00
UKA00559,2.61589,17/07/2018,02:00:00
UKA00559,4.35075,17/07/2018,03:00:00
UKA00559,5.7602,17/07/2018,04:00:00
UKA00559,9.00707,17/07/2018,05:00:00
UKA00559,9.41932,17/07/2018,06:00:00
UKA00559,10.88941,17/07/2018,07:00:00
UKA00559,11.55589,17/07/2018,08:00:00
UKA00559,7.52532,17/07/2018,09:00:00
UKA00559,5.20767,17/07/2018,10:00:00
UKA00559,4.13621,17/07/2018,11:00:00
UKA00559,4.28794,17/07/2018,12:00:00
UKA00559,9.45174,17/07/2018,13:00:00
UKA00559,4.90734,17/07/2018,14:00:00
UKA00559,4.75567,17/07/2018,15:00:00
UKA00559,4.08912,17/07/2018,16:00:00
UKA00559,3.72605,17/07/2018,17:00:00
UKA00559,5.00158,17/07/2018,18:00:00
UKA00559,4.43968,17/07/2018,19:00:00
UKA00559,3.82651,17/07/2018,20:00:00
UKA00559,6.37861,17/07/2018,21:00:00
UKA00559,10.76394,17/07/2018,22:00:00
UKA00559,11.74227,17/07/2018,23:00:00
UKA00559,19.78462,17/07/2018,24:00:00
UKA00559,20.86689,18/07/2018,01:00:00
UKA00559,11.88918,18/07/2018,02:00:00
UKA00559,8.39469,18/07/2018,03:00:00
UKA00559,6.7954,18/07/2018,04:00:00
UKA00559,11.91173,18/07/2018,05:00:00
UKA00559,12.22797,18/07/2018,06:00:00
UKA00559,16.65108,18/07/2018,07:00:00
UKA00559,16.91142,18/07/2018,08:00:00
UKA00559,12.31839,18/07/2018,09:00:00
UKA00559,7.75517,18/07/2018,10:00:00
UKA00559,8.23651,18/07/2018,11:00:00
UKA00559,5.51747,18/07/2018,12:00:00
UKA00559,3.76854,18/07/2018,13:00:00
UKA00559,4.62022,18/07/2018,14:00:00
UKA00559,3.39308,18/07/2018,15:00:00
UKA00559,6.91563,18/07/2018,16:00:00
UKA00559,5.69622,18/07/2018,17:00:00
UKA00559,5.56053,18/07/2018,18:00:00
UKA00559,5.37777,18/07/2018,19:00:00
UKA00559,8.90253,18/07/2018,20:00:00
UKA00559,18.41628,18/07/2018,21:00:00
UKA00559,48.11028,18/07/2018,22:00:00
UKA00559,37.17972,18/07/2018,23:00:00
UKA00559,29.37707,18/07/2018,24:00:00
UKA00559,26.87955,19/07/2018,01:00:00
UKA00559,25.98882,19/07/2018,02:00:00
UKA00559,25.94039,19/07/2018,03:00:00
UKA00559,24.66064,19/07/2018,04:00:00
UKA00559,23.89384,19/07/2018,05:00:00
UKA00559,31.47382,19/07/2018,06:00:00
UKA00559,34.75265,19/07/2018,07:00:00
UKA00559,36.65075,19/07/2018,08:00:00
UKA00559,35.16442,19/07/2018,09:00:00
UKA00559,21.48794,19/07/2018,10:00:00
UKA00559,13.92189,19/07/2018,11:00:00
UKA00559,11.55112,19/07/2018,12:00:00
UKA00559,5.45431,19/07/2018,13:00:00
UKA00559,5.76744,19/07/2018,14:00:00
UKA00559,4.23901,19/07/2018,15:00:00
UKA00559,4.43071,19/07/2018,16:00:00
UKA00559,5.79181,19/07/2018,17:00:00
UKA00559,5.60475,19/07/2018,18:00:00
UKA00559,5.42582,19/07/2018,19:00:00
UKA00559,8.34087,19/07/2018,20:00:00
UKA00559,21.47022,19/07/2018,21:00:00
UKA00559,29.41082,19/07/2018,22:00:00
UKA00559,22.40435,19/07/2018,23:00:00
UKA00559,31.81639,19/07/2018,24:00:00
UKA00559,31.19458,20/07/2018,01:00:00
UKA00559,14.3267,20/07/2018,02:00:00
UKA00559,17.70307,20/07/2018,03:00:00
UKA00559,54.90597,20/07/2018,04:00:00
UKA00559,61.65661,20/07/2018,05:00:00
UKA00559,63.57455,20/07/2018,06:00:00
UKA00559,44.87732,20/07/2018,07:00:00
UKA00559,41.08181,20/07/2018,08:00:00
UKA00559,28.65562,20/07/2018,09:00:00
UKA00559,35.95266,20/07/2018,10:00:00
UKA00559,32.546,20/07/2018,11:00:00
UKA00559,20.42881,20/07/2018,12:00:00
UKA00559,15.75947,20/07/2018,13:00:00
UKA00559,7.32662,20/07/2018,14:00:00
UKA00559,12.34026,20/07/2018,15:00:00
UKA00559,18.77357,20/07/2018,16:00:00
UKA00559,19.34169,20/07/2018,17:00:00
UKA00559,23.67287,20/07/2018,18:00:00
UKA00559,20.70337,20/07/2018,19:00:00
UKA00559,24.46888,20/07/2018,20:00:00
UKA00559,25.01873,20/07/2018,21:00:00
UKA00559,15.33411,20/07/2018,22:00:00
UKA00559,19.84493,20/07/2018,23:00:00
UKA00559,20.98724,20/07/2018,24:00:00
UKA00559,16.69075,21/07/2018,01:00:00
UKA00559,19.36293,21/07/2018,02:00:00
UKA00559,28.19936,21/07/2018,03:00:00
UKA00559,26.78614,21/07/2018,04:00:00
UKA00559,29.97212,21/07/2018,05:00:00
UKA00559,31.35432,21/07/2018,06:00:00
UKA00559,34.98206,21/07/2018,07:00:00
UKA00559,30.58014,21/07/2018,08:00:00
UKA00559,18.07654,21/07/2018,09:00:00
UKA00559,11.91423,21/07/2018,10:00:00
UKA00559,8.13215,21/07/2018,11:00:00
UKA00559,7.39889,21/07/2018,12:00:00
UKA00559,5.07579,21/07/2018,13:00:00
UKA00559,5.07579,21/07/2018,14:00:00
UKA00559,6.33648,21/07/2018,15:00:00
UKA00559,6.10519,21/07/2018,16:00:00
UKA00559,6.24243,21/07/2018,17:00:00
UKA00559,11.50003,21/07/2018,18:00:00
UKA00559,12.3337,21/07/2018,19:00:00
UKA00559,14.3443,21/07/2018,20:00:00
UKA00559,27.04417,21/07/2018,21:00:00
UKA00559,32.34879,21/07/2018,22:00:00
UKA00559,32.72115,21/07/2018,23:00:00
UKA00559,23.55687,21/07/2018,24:00:00
UKA00559,18.76179,22/07/2018,01:00:00
UKA00559,12.18089,22/07/2018,02:00:00
UKA00559,13.64031,22/07/2018,03:00:00
UKA00559,7.43679,22/07/2018,04:00:00
UKA00559,7.15475,22/07/2018,05:00:00
UKA00559,6.15299,22/07/2018,06:00:00
UKA00559,6.94545,22/07/2018,07:00:00
UKA00559,6.28337,22/07/2018,08:00:00
UKA00559,5.59736,22/07/2018,09:00:00
UKA00559,5.6701,22/07/2018,10:00:00
UKA00559,5.86391,22/07/2018,11:00:00
UKA00559,4.28384,22/07/2018,12:00:00
UKA00559,3.03328,22/07/2018,13:00:00
UKA00559,2.51754,22/07/2018,14:00:00
UKA00559,2.66787,22/07/2018,15:00:00
UKA00559,3.27629,22/07/2018,16:00:00
UKA00559,5.05589,22/07/2018,17:00:00
UKA00559,5.53127,22/07/2018,18:00:00
UKA00559,6.42971,22/07/2018,19:00:00
UKA00559,7.93259,22/07/2018,20:00:00
UKA00559,10.85363,22/07/2018,21:00:00
UKA00559,16.98175,22/07/2018,22:00:00
UKA00559,18.10991,22/07/2018,23:00:00
UKA00559,18.33297,22/07/2018,24:00:00
UKA00559,17.49319,23/07/2018,01:00:00
UKA00559,32.73639,23/07/2018,02:00:00
UKA00559,42.01041,23/07/2018,03:00:00
UKA00559,38.45966,23/07/2018,04:00:00
UKA00559,32.48038,23/07/2018,05:00:00
UKA00559,26.34113,23/07/2018,06:00:00
UKA00559,23.07385,23/07/2018,07:00:00
UKA00559,15.6761,23/07/2018,08:00:00
UKA00559,7.93959,23/07/2018,09:00:00
UKA00559,4.15429,23/07/2018,10:00:00
UKA00559,3.72445,23/07/2018,11:00:00
UKA00559,3.04315,23/07/2018,12:00:00
UKA00559,1.96653,23/07/2018,13:00:00
UKA00559,2.53596,23/07/2018,14:00:00
UKA00559,3.66373,23/07/2018,15:00:00
UKA00559,4.45009,23/07/2018,16:00:00
UKA00559,3.99405,23/07/2018,17:00:00
UKA00559,3.80193,23/07/2018,18:00:00
UKA00559,4.00514,23/07/2018,19:00:00
UKA00559,4.2387,23/07/2018,20:00:00
UKA00559,6.35466,23/07/2018,21:00:00
UKA00559,5.78662,23/07/2018,22:00:00
UKA00559,4.05629,23/07/2018,23:00:00
UKA00559,5.73824,23/07/2018,24:00:00
UKA00559,6.09953,24/07/2018,01:00:00
UKA00559,5.70834,24/07/2018,02:00:00
UKA00559,2.4507,24/07/2018,03:00:00
UKA00559,0.30141,24/07/2018,04:00:00
UKA00559,0.47922,24/07/2018,05:00:00
UKA00559,3.06281,24/07/2018,06:00:00
UKA00559,4.1086,24/07/2018,07:00:00
UKA00559,3.57746,24/07/2018,08:00:00
UKA00559,3.43654,24/07/2018,09:00:00
UKA00559,1.67314,24/07/2018,10:00:00
UKA00559,1.86104,24/07/2018,11:00:00
UKA00559,1.35731,24/07/2018,12:00:00
UKA00559,1.25614,24/07/2018,13:00:00
UKA00559,1.20484,24/07/2018,14:00:00
UKA00559,2.25559,24/07/2018,15:00:00
UKA00559,7.42648,24/07/2018,16:00:00
UKA00559,7.48004,24/07/2018,17:00:00
UKA00559,8.34721,24/07/2018,18:00:00
UKA00559,5.6501,24/07/2018,19:00:00
UKA00559,8.18528,24/07/2018,20:00:00
UKA00559,10.03747,24/07/2018,21:00:00
UKA00559,20.13265,24/07/2018,22:00:00
UKA00559,15.65051,24/07/2018,23:00:00
UKA00559,12.49601,24/07/2018,24:00:00
UKA00559,19.35752,25/07/2018,01:00:00
UKA00559,19.34952,25/07/2018,02:00:00
UKA00559,28.19102,25/07/2018,03:00:00
UKA00559,32.88436,25/07/2018,04:00:00
UKA00559,36.61404,25/07/2018,05:00:00
UKA00559,26.88217,25/07/2018,06:00:00
UKA00559,22.93167,25/07/2018,07:00:00
UKA00559,13.39462,25/07/2018,08:00:00
UKA00559,14.1934,25/07/2018,09:00:00
UKA00559,17.42904,25/07/2018,10:00:00
UKA00559,18.70007,25/07/2018,11:00:00
UKA00559,14.5764,25/07/2018,12:00:00
UKA00559,6.98431,25/07/2018,13:00:00
UKA00559,3.31356,25/07/2018,14:00:00
UKA00559,4.68285,25/07/2018,15:00:00
UKA00559,3.6133,25/07/2018,16:00:00
UKA00559,5.09798,25/07/2018,17:00:00
UKA00559,5.38722,25/07/2018,18:00:00
UKA00559,6.13556,25/07/2018,19:00:00
UKA00559,6.91088,25/07/2018,20:00:00
UKA00559,26.01096,25/07/2018,21:00:00
UKA00559,55.33948,25/07/2018,22:00:00
UKA00559,64.62475,25/07/2018,23:00:00
UKA00559,42.91448,25/07/2018,24:00:00
UKA00559,30.49264,26/07/2018,01:00:00
UKA00559,11.59612,26/07/2018,02:00:00
UKA00559,12.94678,26/07/2018,03:00:00
UKA00559,17.34018,26/07/2018,04:00:00
UKA00559,25.43631,26/07/2018,05:00:00
UKA00559,31.49895,26/07/2018,06:00:00
UKA00559,28.06143,26/07/2018,07:00:00
UKA00559,23.0921,26/07/2018,08:00:00
UKA00559,28.00976,26/07/2018,09:00:00
UKA00559,18.37374,26/07/2018,10:00:00
UKA00559,12.35686,26/07/2018,11:00:00
UKA00559,7.83486,26/07/2018,12:00:00
UKA00559,10.61791,26/07/2018,13:00:00
UKA00559,8.73354,26/07/2018,14:00:00
UKA00559,11.76241,26/07/2018,15:00:00
UKA00559,8.64003,26/07/2018,16:00:00
UKA00559,7.74821,26/07/2018,17:00:00
UKA00559,4.85274,26/07/2018,18:00:00
UKA00559,4.5722,26/07/2018,19:00:00
UKA00559,6.46136,26/07/2018,20:00:00
UKA00559,8.32132,26/07/2018,21:00:00
UKA00559,11.54409,26/07/2018,22:00:00
UKA00559,10.01486,26/07/2018,23:00:00
UKA00559,9.77249,26/07/2018,24:00:00
UKA00559,10.18521,27/07/2018,01:00:00
UKA00559,10.98182,27/07/2018,02:00:00
UKA00559,9.81729,27/07/2018,03:00:00
UKA00559,8.41484,27/07/2018,04:00:00
UKA00559,12.18771,27/07/2018,05:00:00
UKA00559,18.37179,27/07/2018,06:00:00
UKA00559,19.78018,27/07/2018,07:00:00
UKA00559,11.893,27/07/2018,08:00:00
UKA00559,8.70785,27/07/2018,09:00:00
UKA00559,3.676,27/07/2018,10:00:00
UKA00559,3.84672,27/07/2018,11:00:00
UKA00559,3.6217,27/07/2018,12:00:00
UKA00559,3.97664,27/07/2018,13:00:00
UKA00559,5.72441,27/07/2018,14:00:00
UKA00559,4.50236,27/07/2018,15:00:00
UKA00559,5.62743,27/07/2018,16:00:00
UKA00559,6.06386,27/07/2018,17:00:00
UKA00559,4.54111,27/07/2018,18:00:00
UKA00559,4.62641,27/07/2018,19:00:00
UKA00559,7.12099,27/07/2018,20:00:00
UKA00559,7.42556,27/07/2018,21:00:00
UKA00559,5.67199,27/07/2018,22:00:00
UKA00559,4.41694,27/07/2018,23:00:00
UKA00559,4.03869,27/07/2018,24:00:00
UKA00559,3.33307,28/07/2018,01:00:00
UKA00559,2.71504,28/07/2018,02:00:00
UKA00559,2.67012,28/07/2018,03:00:00
UKA00559,2.81349,28/07/2018,04:00:00
UKA00559,2.59251,28/07/2018,05:00:00
UKA00559,1.55334,28/07/2018,06:00:00
UKA00559,0.95938,28/07/2018,07:00:00
UKA00559,0.85589,28/07/2018,08:00:00
UKA00559,1.17389,28/07/2018,09:00:00
UKA00559,1.40134,28/07/2018,10:00:00
UKA00559,1.7064,28/07/2018,11:00:00
UKA00559,1.07687,28/07/2018,12:00:00
UKA00559,1.62664,28/07/2018,13:00:00
UKA00559,2.77683,28/07/2018,14:00:00
UKA00559,5.93636,28/07/2018,15:00:00
UKA00559,6.60471,28/07/2018,16:00:00
UKA00559,7.42397,28/07/2018,17:00:00
UKA00559,7.62016,28/07/2018,18:00:00
UKA00559,11.76604,28/07/2018,19:00:00
UKA00559,7.46925,28/07/2018,20:00:00
UKA00559,5.44267,28/07/2018,21:00:00
UKA00559,6.53357,28/07/2018,22:00:00
UKA00559,7.13616,28/07/2018,23:00:00
UKA00559,5.44914,28/07/2018,24:00:00
UKA00559,4.10516,29/07/2018,01:00:00
UKA00559,2.56046,29/07/2018,02:00:00
UKA00559,2.55696,29/07/2018,03:00:00
UKA00559,3.10602,29/07/2018,04:00:00
UKA00559,4.29169,29/07/2018,05:00:00
UKA00559,2.55696,29/07/2018,06:00:00
UKA00559,2.00315,29/07/2018,07:00:00
UKA00559,2.78296,29/07/2018,08:00:00
UKA00559,2.92718,29/07/2018,09:00:00
UKA00559,4.3436,29/07/2018,10:00:00
UKA00559,4.47017,29/07/2018,11:00:00
UKA00559,5.25474,29/07/2018,12:00:00
UKA00559,4.68192,29/07/2018,13:00:00
UKA00559,4.23942,29/07/2018,14:00:00
UKA00559,5.03587,29/07/2018,15:00:00
UKA00559,3.42058,29/07/2018,16:00:00
UKA00559,4.13999,29/07/2018,17:00:00
UKA00559,3.57905,29/07/2018,18:00:00
UKA00559,3.18983,29/07/2018,19:00:00
UKA00559,2.78635,29/07/2018,20:00:00
UKA00559,1.98414,29/07/2018,21:00:00
UKA00559,3.53088,29/07/2018,22:00:00
UKA00559,7.10452,29/07/2018,23:00:00
UKA00559,5.94125,29/07/2018,24:00:00
UKA00559,5.22284,30/07/2018,01:00:00
UKA00559,6.3419,30/07/2018,02:00:00
UKA00559,6.53028,30/07/2018,03:00:00
UKA00559,7.2992,30/07/2018,04:00:00
UKA00559,9.51178,30/07/2018,05:00:00
UKA00559,13.22879,30/07/2018,06:00:00
UKA00559,13.78384,30/07/2018,07:00:00
UKA00559,10.11645,30/07/2018,08:00:00
UKA00559,5.16249,30/07/2018,09:00:00
UKA00559,4.65262,30/07/2018,10:00:00
UKA00559,4.62225,30/07/2018,11:00:00
UKA00559,3.00181,30/07/2018,12:00:00
UKA00559,,30/07/2018,13:00:00
UKA00559,,30/07/2018,14:00:00
UKA00559,,30/07/2018,15:00:00
UKA00559,,30/07/2018,16:00:00
UKA00559,7.42514,30/07/2018,17:00:00
UKA00559,5.73617,30/07/2018,18:00:00
UKA00559,5.91813,30/07/2018,19:00:00
UKA00559,7.43705,30/07/2018,20:00:00
UKA00559,7.35553,30/07/2018,21:00:00
UKA00559,6.11231,30/07/2018,22:00:00
UKA00559,8.213,30/07/2018,23:00:00
UKA00559,9.22907,30/07/2018,24:00:00
UKA00559,12.13901,31/07/2018,01:00:00
UKA00559,12.79781,31/07/2018,02:00:00
UKA00559,12.36495,31/07/2018,03:00:00
UKA00559,11.46889,31/07/2018,04:00:00
UKA00559,10.45539,31/07/2018,05:00:00
UKA00559,9.96437,31/07/2018,06:00:00
UKA00559,16.03178,31/07/2018,07:00:00
UKA00559,12.88202,31/07/2018,08:00:00
UKA00559,5.57837,31/07/2018,09:00:00
UKA00559,5.76011,31/07/2018,10:00:00
UKA00559,4.44438,31/07/2018,11:00:00
UKA00559,5.54747,31/07/2018,12:00:00
UKA00559,3.40758,31/07/2018,13:00:00
UKA00559,3.32809,31/07/2018,14:00:00
UKA00559,4.62304,31/07/2018,15:00:00
UKA00559,5.10395,31/07/2018,16:00:00
UKA00559,5.2371,31/07/2018,17:00:00
UKA00559,5.95142,31/07/2018,18:00:00
UKA00559,6.11744,31/07/2018,19:00:00
UKA00559,7.72728,31/07/2018,20:00:00
UKA00559,11.00568,31/07/2018,21:00:00
UKA00559,7.93431,31/07/2018,22:00:00
UKA00559,7.39975,31/07/2018,23:00:00
UKA00559,14.17171,31/07/2018,24:00:00
UKA00559,9.29147,01/08/2018,01:00:00
UKA00559,8.37431,01/08/2018,02:00:00
UKA00559,9.28777,01/08/2018,03:00:00
UKA00559,9.13443,01/08/2018,04:00:00
UKA00559,7.9459,01/08/2018,05:00:00
UKA00559,9.66897,01/08/2018,06:00:00
UKA00559,11.52321,01/08/2018,07:00:00
UKA00559,11.13341,01/08/2018,08:00:00
UKA00559,7.57028,01/08/2018,09:00:00
UKA00559,7.47977,01/08/2018,10:00:00
UKA00559,6.34913,01/08/2018,11:00:00
UKA00559,5.40691,01/08/2018,12:00:00
UKA00559,3.68877,01/08/2018,13:00:00
UKA00559,3.5773,01/08/2018,14:00:00
UKA00559,3.43874,01/08/2018,15:00:00
UKA00559,3.96157,01/08/2018,16:00:00
UKA00559,5.5122,01/08/2018,17:00:00
UKA00559,6.28752,01/08/2018,18:00:00
UKA00559,5.12608,01/08/2018,19:00:00
UKA00559,8.87702,01/08/2018,20:00:00
UKA00559,10.88951,01/08/2018,21:00:00
UKA00559,8.36651,01/08/2018,22:00:00
UKA00559,6.98338,01/08/2018,23:00:00
UKA00559,6.09599,01/08/2018,24:00:00
UKA00559,4.88487,02/08/2018,01:00:00
UKA00559,3.40311,02/08/2018,02:00:00
UKA00559,3.30519,02/08/2018,03:00:00
UKA00559,7.26345,02/08/2018,04:00:00
UKA00559,8.6989,02/08/2018,05:00:00
UKA00559,13.91527,02/08/2018,06:00:00
UKA00559,8.60305,02/08/2018,07:00:00
UKA00559,10.66357,02/08/2018,08:00:00
UKA00559,7.8406,02/08/2018,09:00:00
UKA00559,5.22519,02/08/2018,10:00:00
UKA00559,4.77891,02/08/2018,11:00:00
UKA00559,4.38853,02/08/2018,12:00:00
UKA00559,5.36572,02/08/2018,13:00:00
UKA00559,5.60683,02/08/2018,14:00:00
UKA00559,5.65793,02/08/2018,15:00:00
UKA00559,5.65314,02/08/2018,16:00:00
UKA00559,4.83403,02/08/2018,17:00:00
UKA00559,5.28509,02/08/2018,18:00:00
UKA00559,8.01948,02/08/2018,19:00:00
UKA00559,8.81864,02/08/2018,20:00:00
UKA00559,14.57243,02/08/2018,21:00:00
UKA00559,12.95415,02/08/2018,22:00:00
UKA00559,11.01175,02/08/2018,23:00:00
UKA00559,9.49327,02/08/2018,24:00:00
UKA00559,9.77342,03/08/2018,01:00:00
UKA00559,10.20957,03/08/2018,02:00:00
UKA00559,7.81276,03/08/2018,03:00:00
UKA00559,8.00992,03/08/2018,04:00:00
UKA00559,10.64369,03/08/2018,05:00:00
UKA00559,13.27441,03/08/2018,06:00:00
UKA00559,11.65067,03/08/2018,07:00:00
UKA00559,7.67761,03/08/2018,08:00:00
UKA00559,5.35411,03/08/2018,09:00:00
UKA00559,4.53229,03/08/2018,10:00:00
UKA00559,4.05909,03/08/2018,11:00:00
UKA00559,2.85925,03/08/2018,12:00:00
UKA00559,3.53015,03/08/2018,13:00:00
UKA00559,4.71404,03/08/2018,14:00:00
UKA00559,7.51755,03/08/2018,15:00:00
UKA00559,4.43281,03/08/2018,16:00:00
UKA00559,6.01121,03/08/2018,17:00:00
UKA00559,7.40391,03/08/2018,18:00:00
UKA00559,10.40279,03/08/2018,19:00:00
UKA00559,11.62629,03/08/2018,20:00:00
UKA00559,17.03453,03/08/2018,21:00:00
UKA00559,18.53388,03/08/2018,22:00:00
UKA00559,18.09528,03/08/2018,23:00:00
UKA00559,14.89708,03/08/2018,24:00:00
UKA00559,16.99597,04/08/2018,01:00:00
UKA00559,16.89468,04/08/2018,02:00:00
UKA00559,9.47772,04/08/2018,03:00:00
UKA00559,5.96543,04/08/2018,04:00:00
UKA00559,10.46642,04/08/2018,05:00:00
UKA00559,10.57888,04/08/2018,06:00:00
UKA00559,10.61989,04/08/2018,07:00:00
UKA00559,11.74749,04/08/2018,08:00:00
UKA00559,10.5047,04/08/2018,09:00:00
UKA00559,9.68053,04/08/2018,10:00:00
UKA00559,7.16247,04/08/2018,11:00:00
UKA00559,7.87997,04/08/2018,12:00:00
UKA00559,6.75944,04/08/2018,13:00:00
UKA00559,5.15863,04/08/2018,14:00:00
UKA00559,4.8429,04/08/2018,15:00:00
UKA00559,4.80314,04/08/2018,16:00:00
UKA00559,6.19714,04/08/2018,17:00:00
UKA00559,6.25048,04/08/2018,18:00:00
UKA00559,9.3313,04/08/2018,19:00:00
UKA00559,14.13418,04/08/2018,20:00:00
UKA00559,12.89566,04/08/2018,21:00:00
UKA00559,17.68269,04/08/2018,22:00:00
UKA00559,31.68052,04/08/2018,23:00:00
UKA00559,31.39221,04/08/2018,24:00:00
UKA00559,32.52692,05/08/2018,01:00:00
UKA00559,24.81238,05/08/2018,02:00:00
UKA00559,31.0122,05/08/2018,03:00:00
UKA00559,28.64841,05/08/2018,04:00:00
UKA00559,27.2447,05/08/2018,05:00:00
UKA00559,26.1022,05/08/2018,06:00:00
UKA00559,24.59419,05/08/2018,07:00:00
UKA00559,17.32225,05/08/2018,08:00:00
UKA00559,12.10623,05/08/2018,09:00:00
UKA00559,9.65858,05/08/2018,10:00:00
UKA00559,8.03374,05/08/2018,11:00:00
UKA00559,5.91102,05/08/2018,12:00:00
UKA00559,5.24458,05/08/2018,13:00:00
UKA00559,4.48432,05/08/2018,14:00:00
UKA00559,5.15075,05/08/2018,15:00:00
UKA00559,4.48432,05/08/2018,16:00:00
UKA00559,4.15989,05/08/2018,17:00:00
UKA00559,4.29768,05/08/2018,18:00:00
UKA00559,6.73282,05/08/2018,19:00:00
UKA00559,9.07244,05/08/2018,20:00:00
UKA00559,23.9154,05/08/2018,21:00:00
UKA00559,43.90641,05/08/2018,22:00:00
UKA00559,22.53097,05/08/2018,23:00:00
UKA00559,12.87443,05/08/2018,24:00:00
UKA00559,13.42976,06/08/2018,01:00:00
UKA00559,14.46167,06/08/2018,02:00:00
UKA00559,15.2031,06/08/2018,03:00:00
UKA00559,13.98898,06/08/2018,04:00:00
UKA00559,13.51053,06/08/2018,05:00:00
UKA00559,14.89259,06/08/2018,06:00:00
UKA00559,19.58307,06/08/2018,07:00:00
UKA00559,13.62293,06/08/2018,08:00:00
UKA00559,10.41862,06/08/2018,09:00:00
UKA00559,7.94654,06/08/2018,10:00:00
UKA00559,5.63459,06/08/2018,11:00:00
UKA00559,4.6161,06/08/2018,12:00:00
UKA00559,3.27017,06/08/2018,13:00:00
UKA00559,3.96333,06/08/2018,14:00:00
UKA00559,4.0994,06/08/2018,15:00:00
UKA00559,6.02576,06/08/2018,16:00:00
UKA00559,5.19024,06/08/2018,17:00:00
UKA00559,6.53831,06/08/2018,18:00:00
UKA00559,6.51284,06/08/2018,19:00:00
UKA00559,12.86841,06/08/2018,20:00:00
UKA00559,17.22313,06/08/2018,21:00:00
UKA00559,21.74792,06/08/2018,22:00:00
UKA00559,32.33066,06/08/2018,23:00:00
UKA00559,32.70916,06/08/2018,24:00:00
UKA00559,28.27389,07/08/2018,01:00:00
UKA00559,39.34645,07/08/2018,02:00:00
UKA00559,43.33519,07/08/2018,03:00:00
UKA00559,30.80645,07/08/2018,04:00:00
UKA00559,24.72421,07/08/2018,05:00:00
UKA00559,24.55073,07/08/2018,06:00:00
UKA00559,26.59376,07/08/2018,07:00:00
UKA00559,21.22625,07/08/2018,08:00:00
UKA00559,13.55456,07/08/2018,09:00:00
UKA00559,10.72477,07/08/2018,10:00:00
UKA00559,7.67556,07/08/2018,11:00:00
UKA00559,5.69407,07/08/2018,12:00:00
UKA00559,3.78159,07/08/2018,13:00:00
UKA00559,3.55949,07/08/2018,14:00:00
UKA00559,2.98846,07/08/2018,15:00:00
UKA00559,3.02916,07/08/2018,16:00:00
UKA00559,3.71198,07/08/2018,17:00:00
UKA00559,9.95849,07/08/2018,18:00:00
UKA00559,14.38133,07/08/2018,19:00:00
UKA00559,17.64825,07/08/2018,20:00:00
UKA00559,13.43632,07/08/2018,21:00:00
UKA00559,12.31904,07/08/2018,22:00:00
UKA00559,10.50861,07/08/2018,23:00:00
UKA00559,8.35958,07/08/2018,24:00:00
UKA00559,5.65666,08/08/2018,01:00:00
UKA00559,2.7263,08/08/2018,02:00:00
UKA00559,2.37984,08/08/2018,03:00:00
UKA00559,2.79099,08/08/2018,04:00:00
UKA00559,5.23184,08/08/2018,05:00:00
UKA00559,9.15522,08/08/2018,06:00:00
UKA00559,11.55609,08/08/2018,07:00:00
UKA00559,9.61947,08/08/2018,08:00:00
UKA00559,4.67572,08/08/2018,09:00:00
UKA00559,2.46492,08/08/2018,10:00:00
UKA00559,2.24383,08/08/2018,11:00:00
UKA00559,1.91272,08/08/2018,12:00:00
UKA00559,2.38488,08/08/2018,13:00:00
UKA00559,4.08546,08/08/2018,14:00:00
UKA00559,8.30997,08/08/2018,15:00:00
UKA00559,5.05385,08/08/2018,16:00:00
UKA00559,8.42199,08/08/2018,17:00:00
UKA00559,7.89881,08/08/2018,18:00:00
UKA00559,12.59045,08/08/2018,19:00:00
UKA00559,21.29349,08/08/2018,20:00:00
UKA00559,27.20954,08/08/2018,21:00:00
UKA00559,19.70789,08/08/2018,22:00:00
UKA00559,12.8695,08/08/2018,23:00:00
UKA00559,16.02959,08/08/2018,24:00:00
UKA00559,15.52407,09/08/2018,01:00:00
UKA00559,4.79794,09/08/2018,02:00:00
UKA00559,5.9888,09/08/2018,03:00:00
UKA00559,7.79153,09/08/2018,04:00:00
UKA00559,9.1113,09/08/2018,05:00:00
UKA00559,16.21201,09/08/2018,06:00:00
UKA00559,26.43167,09/08/2018,07:00:00
UKA00559,37.59316,09/08/2018,08:00:00
UKA00559,31.39113,09/08/2018,09:00:00
UKA00559,20.07115,09/08/2018,10:00:00
UKA00559,20.77463,09/08/2018,11:00:00
UKA00559,15.74828,09/08/2018,12:00:00
UKA00559,13.02144,09/08/2018,13:00:00
UKA00559,11.79132,09/08/2018,14:00:00
UKA00559,11.2941,09/08/2018,15:00:00
UKA00559,10.2363,09/08/2018,16:00:00
UKA00559,9.44779,09/08/2018,17:00:00
UKA00559,10.68758,09/08/2018,18:00:00
UKA00559,11.5928,09/08/2018,19:00:00
UKA00559,9.06491,09/08/2018,20:00:00
UKA00559,8.53795,09/08/2018,21:00:00
UKA00559,8.89377,09/08/2018,22:00:00
UKA00559,11.49778,09/08/2018,23:00:00
UKA00559,11.07937,09/08/2018,24:00:00
UKA00559,9.35034,10/08/2018,01:00:00
UKA00559,7.63678,10/08/2018,02:00:00
UKA00559,5.16241,10/08/2018,03:00:00
UKA00559,5.82956,10/08/2018,04:00:00
UKA00559,8.37564,10/08/2018,05:00:00
UKA00559,10.92045,10/08/2018,06:00:00
UKA00559,10.9515,10/08/2018,07:00:00
UKA00559,9.23112,10/08/2018,08:00:00
UKA00559,10.41059,10/08/2018,09:00:00
UKA00559,9.42819,10/08/2018,10:00:00
UKA00559,8.0989,10/08/2018,11:00:00
UKA00559,8.36877,10/08/2018,12:00:00
UKA00559,6.81186,10/08/2018,13:00:00
UKA00559,18.89921,10/08/2018,14:00:00
UKA00559,16.04986,10/08/2018,15:00:00
UKA00559,14.55514,10/08/2018,16:00:00
UKA00559,12.21427,10/08/2018,17:00:00
UKA00559,10.50883,10/08/2018,18:00:00
UKA00559,10.83341,10/08/2018,19:00:00
UKA00559,15.12914,10/08/2018,20:00:00
UKA00559,25.97316,10/08/2018,21:00:00
UKA00559,24.60281,10/08/2018,22:00:00
UKA00559,20.3668,10/08/2018,23:00:00
UKA00559,18.05139,10/08/2018,24:00:00
UKA00559,13.59992,11/08/2018,01:00:00
UKA00559,10.2499,11/08/2018,02:00:00
UKA00559,9.34544,11/08/2018,03:00:00
UKA00559,9.48216,11/08/2018,04:00:00
UKA00559,14.55152,11/08/2018,05:00:00
UKA00559,15.62421,11/08/2018,06:00:00
UKA00559,10.11353,11/08/2018,07:00:00
UKA00559,6.89763,11/08/2018,08:00:00
UKA00559,6.85263,11/08/2018,09:00:00
UKA00559,4.89181,11/08/2018,10:00:00
UKA00559,4.13509,11/08/2018,11:00:00
UKA00559,3.94561,11/08/2018,12:00:00
UKA00559,4.28801,11/08/2018,13:00:00
UKA00559,4.75273,11/08/2018,14:00:00
UKA00559,4.60285,11/08/2018,15:00:00
UKA00559,4.82351,11/08/2018,16:00:00
UKA00559,5.33559,11/08/2018,17:00:00
UKA00559,10.36119,11/08/2018,18:00:00
UKA00559,10.03319,11/08/2018,19:00:00
UKA00559,6.23926,11/08/2018,20:00:00
UKA00559,6.62184,11/08/2018,21:00:00
UKA00559,5.24625,11/08/2018,22:00:00
UKA00559,3.88867,11/08/2018,23:00:00
UKA00559,3.37478,11/08/2018,24:00:00
UKA00559,3.07497,12/08/2018,01:00:00
UKA00559,2.48428,12/08/2018,02:00:00
UKA00559,2.15509,12/08/2018,03:00:00
UKA00559,2.82169,12/08/2018,04:00:00
UKA00559,3.05221,12/08/2018,05:00:00
UKA00559,2.85704,12/08/2018,06:00:00
UKA00559,3.2387,12/08/2018,07:00:00
UKA00559,3.51671,12/08/2018,08:00:00
UKA00559,4.25575,12/08/2018,09:00:00
UKA00559,4.91714,12/08/2018,10:00:00
UKA00559,5.84441,12/08/2018,11:00:00
UKA00559,5.94286,12/08/2018,12:00:00
UKA00559,5.58789,12/08/2018,13:00:00
UKA00559,4.84018,12/08/2018,14:00:00
UKA00559,6.02397,12/08/2018,15:00:00
UKA00559,8.04526,12/08/2018,16:00:00
UKA00559,7.71109,12/08/2018,17:00:00
UKA00559,6.91415,12/08/2018,18:00:00
UKA00559,7.64559,12/08/2018,19:00:00
UKA00559,9.24466,12/08/2018,20:00:00
UKA00559,11.44136,12/08/2018,21:00:00
UKA00559,13.02068,12/08/2018,22:00:00
UKA00559,11.63826,12/08/2018,23:00:00
UKA00559,10.27144,12/08/2018,24:00:00
UKA00559,8.30804,13/08/2018,01:00:00
UKA00559,7.30795,13/08/2018,02:00:00
UKA00559,8.30582,13/08/2018,03:00:00
UKA00559,10.23853,13/08/2018,04:00:00
UKA00559,13.23791,13/08/2018,05:00:00
UKA00559,18.03066,13/08/2018,06:00:00
UKA00559,20.01948,13/08/2018,07:00:00
UKA00559,22.71925,13/08/2018,08:00:00
UKA00559,19.06185,13/08/2018,09:00:00
UKA00559,12.12486,13/08/2018,10:00:00
UKA00559,11.43999,13/08/2018,11:00:00
UKA00559,7.3688,13/08/2018,12:00:00
UKA00559,6.42238,13/08/2018,13:00:00
UKA00559,10.36484,13/08/2018,14:00:00
UKA00559,7.70707,13/08/2018,15:00:00
UKA00559,9.47361,13/08/2018,16:00:00
UKA00559,8.83559,13/08/2018,17:00:00
UKA00559,9.90042,13/08/2018,18:00:00
UKA00559,9.60385,13/08/2018,19:00:00
UKA00559,14.12504,13/08/2018,20:00:00
UKA00559,13.64137,13/08/2018,21:00:00
UKA00559,13.92703,13/08/2018,22:00:00
UKA00559,10.99861,13/08/2018,23:00:00
UKA00559,8.68077,13/08/2018,24:00:00
UKA00559,7.16748,14/08/2018,01:00:00
UKA00559,10.00338,14/08/2018,02:00:00
UKA00559,9.12207,14/08/2018,03:00:00
UKA00559,6.84075,14/08/2018,04:00:00
UKA00559,7.22097,14/08/2018,05:00:00
UKA00559,10.68908,14/08/2018,06:00:00
UKA00559,14.09472,14/08/2018,07:00:00
UKA00559,12.1869,14/08/2018,08:00:00
UKA00559,13.46145,14/08/2018,09:00:00
UKA00559,8.48656,14/08/2018,10:00:00
UKA00559,4.3682,14/08/2018,11:00:00
UKA00559,4.47007,14/08/2018,12:00:00
UKA00559,4.16769,14/08/2018,13:00:00
UKA00559,5.2257,14/08/2018,14:00:00
UKA00559,4.75163,14/08/2018,15:00:00
UKA00559,5.42462,14/08/2018,16:00:00
UKA00559,7.09189,14/08/2018,17:00:00
UKA00559,7.34173,14/08/2018,18:00:00
UKA00559,7.15723,14/08/2018,19:00:00
UKA00559,7.73156,14/08/2018,20:00:00
UKA00559,8.18033,14/08/2018,21:00:00
UKA00559,11.98413,14/08/2018,22:00:00
UKA00559,12.60299,14/08/2018,23:00:00
UKA00559,6.50506,14/08/2018,24:00:00
UKA00559,5.84662,15/08/2018,01:00:00
UKA00559,2.72681,15/08/2018,02:00:00
UKA00559,2.51129,15/08/2018,03:00:00
UKA00559,2.22574,15/08/2018,04:00:00
UKA00559,2.89559,15/08/2018,05:00:00
UKA00559,6.51502,15/08/2018,06:00:00
UKA00559,9.12967,15/08/2018,07:00:00
UKA00559,7.39518,15/08/2018,08:00:00
UKA00559,5.13694,15/08/2018,09:00:00
UKA00559,5.28355,15/08/2018,10:00:00
UKA00559,2.48211,15/08/2018,11:00:00
UKA00559,3.77243,15/08/2018,12:00:00
UKA00559,3.90522,15/08/2018,13:00:00
UKA00559,4.38829,15/08/2018,14:00:00
UKA00559,3.34488,15/08/2018,15:00:00
UKA00559,3.24919,15/08/2018,16:00:00
UKA00559,4.48091,15/08/2018,17:00:00
UKA00559,4.11349,15/08/2018,18:00:00
UKA00559,5.47622,15/08/2018,19:00:00
UKA00559,5.46393,15/08/2018,20:00:00
UKA00559,3.26147,15/08/2018,21:00:00
UKA00559,2.74591,15/08/2018,22:00:00
UKA00559,2.74591,15/08/2018,23:00:00
UKA00559,2.66097,15/08/2018,24:00:00
UKA00559,2.3408,16/08/2018,01:00:00
UKA00559,4.30767,16/08/2018,02:00:00
UKA00559,4.86156,16/08/2018,03:00:00
UKA00559,3.36209,16/08/2018,04:00:00
UKA00559,3.90079,16/08/2018,05:00:00
UKA00559,6.82371,16/08/2018,06:00:00
UKA00559,7.76537,16/08/2018,07:00:00
UKA00559,12.39445,16/08/2018,08:00:00
UKA00559,11.32894,16/08/2018,09:00:00
UKA00559,7.20838,16/08/2018,10:00:00
UKA00559,5.46696,16/08/2018,11:00:00
UKA00559,2.8524,16/08/2018,12:00:00
UKA00559,2.1388,16/08/2018,13:00:00
UKA00559,2.51518,16/08/2018,14:00:00
UKA00559,2.56902,16/08/2018,15:00:00
UKA00559,3.43826,16/08/2018,16:00:00
UKA00559,3.72899,16/08/2018,17:00:00
UKA00559,2.92975,16/08/2018,18:00:00
UKA00559,3.32522,16/08/2018,19:00:00
UKA00559,8.50835,16/08/2018,20:00:00
UKA00559,14.39627,16/08/2018,21:00:00
UKA00559,13.11444,16/08/2018,22:00:00
UKA00559,11.76555,16/08/2018,23:00:00
UKA00559,10.33248,16/08/2018,24:00:00
UKA00559,9.19834,17/08/2018,01:00:00
UKA00559,7.90676,17/08/2018,02:00:00
UKA00559,8.04434,17/08/2018,03:00:00
UKA00559,7.56631,17/08/2018,04:00:00
UKA00559,8.79683,17/08/2018,05:00:00
UKA00559,13.06823,17/08/2018,06:00:00
UKA00559,15.52725,17/08/2018,07:00:00
UKA00559,7.77664,17/08/2018,08:00:00
UKA00559,5.20679,17/08/2018,09:00:00
UKA00559,2.99878,17/08/2018,10:00:00
UKA00559,3.49364,17/08/2018,11:00:00
UKA00559,3.02683,17/08/2018,12:00:00
UKA00559,2.98436,17/08/2018,13:00:00
UKA00559,3.32095,17/08/2018,14:00:00
UKA00559,3.94743,17/08/2018,15:00:00
UKA00559,4.09028,17/08/2018,16:00:00
UKA00559,4.13836,17/08/2018,17:00:00
UKA00559,6.07151,17/08/2018,18:00:00
UKA00559,7.13496,17/08/2018,19:00:00
UKA00559,5.89181,17/08/2018,20:00:00
UKA00559,5.98797,17/08/2018,21:00:00
UKA00559,4.34893,17/08/2018,22:00:00
UKA00559,5.16214,17/08/2018,23:00:00
UKA00559,5.02771,17/08/2018,24:00:00
UKA00559,3.64018,18/08/2018,01:00:00
UKA00559,2.79933,18/08/2018,02:00:00
UKA00559,1.08592,18/08/2018,03:00:00
UKA00559,2.3365,18/08/2018,04:00:00
UKA00559,3.24699,18/08/2018,05:00:00
UKA00559,3.58574,18/08/2018,06:00:00
UKA00559,3.45717,18/08/2018,07:00:00
UKA00559,3.53085,18/08/2018,08:00:00
UKA00559,2.70875,18/08/2018,09:00:00
UKA00559,2.75161,18/08/2018,10:00:00
UKA00559,3.86292,18/08/2018,11:00:00
UKA00559,4.24587,18/08/2018,12:00:00
UKA00559,3.7585,18/08/2018,13:00:00
UKA00559,2.65253,18/08/2018,14:00:00
UKA00559,2.8922,18/08/2018,15:00:00
UKA00559,6.50467,18/08/2018,16:00:00
UKA00559,9.44632,18/08/2018,17:00:00
UKA00559,7.47005,18/08/2018,18:00:00
UKA00559,8.33902,18/08/2018,19:00:00
UKA00559,9.89351,18/08/2018,20:00:00
UKA00559,7.29328,18/08/2018,21:00:00
UKA00559,7.67488,18/08/2018,22:00:00
UKA00559,6.3386,18/08/2018,23:00:00
UKA00559,5.70796,18/08/2018,24:00:00
UKA00559,3.97925,19/08/2018,01:00:00
UKA00559,1.89894,19/08/2018,02:00:00
UKA00559,2.15029,19/08/2018,03:00:00
UKA00559,2.77464,19/08/2018,04:00:00
UKA00559,2.05111,19/08/2018,05:00:00
UKA00559,2.0066,19/08/2018,06:00:00
UKA00559,2.14902,19/08/2018,07:00:00
UKA00559,2.18844,19/08/2018,08:00:00
UKA00559,3.15358,19/08/2018,09:00:00
UKA00559,4.48496,19/08/2018,10:00:00
UKA00559,2.26984,19/08/2018,11:00:00
UKA00559,3.9102,19/08/2018,12:00:00
UKA00559,3.37105,19/08/2018,13:00:00
UKA00559,1.63278,19/08/2018,14:00:00
UKA00559,1.68237,19/08/2018,15:00:00
UKA00559,1.29581,19/08/2018,16:00:00
UKA00559,2.12234,19/08/2018,17:00:00
UKA00559,4.10094,19/08/2018,18:00:00
UKA00559,5.90404,19/08/2018,19:00:00
UKA00559,6.30077,19/08/2018,20:00:00
UKA00559,6.40503,19/08/2018,21:00:00
UKA00559,6.64155,19/08/2018,22:00:00
UKA00559,12.33447,19/08/2018,23:00:00
UKA00559,8.95585,19/08/2018,24:00:00
UKA00559,6.43285,20/08/2018,01:00:00
UKA00559,5.52063,20/08/2018,02:00:00
UKA00559,5.24373,20/08/2018,03:00:00
UKA00559,6.35783,20/08/2018,04:00:00
UKA00559,9.10922,20/08/2018,05:00:00
UKA00559,10.79135,20/08/2018,06:00:00
UKA00559,13.14346,20/08/2018,07:00:00
UKA00559,10.55572,20/08/2018,08:00:00
UKA00559,8.99845,20/08/2018,09:00:00
UKA00559,7.65994,20/08/2018,10:00:00
UKA00559,6.09276,20/08/2018,11:00:00
UKA00559,6.62198,20/08/2018,12:00:00
UKA00559,5.85177,20/08/2018,13:00:00
UKA00559,6.07229,20/08/2018,14:00:00
UKA00559,5.88817,20/08/2018,15:00:00
UKA00559,7.03866,20/08/2018,16:00:00
UKA00559,9.63965,20/08/2018,17:00:00
UKA00559,9.30418,20/08/2018,18:00:00
UKA00559,9.75218,20/08/2018,19:00:00
UKA00559,14.58886,20/08/2018,20:00:00
UKA00559,16.91995,20/08/2018,21:00:00
UKA00559,9.50757,20/08/2018,22:00:00
UKA00559,12.77346,20/08/2018,23:00:00
UKA00559,16.67414,20/08/2018,24:00:00
UKA00559,18.67294,21/08/2018,01:00:00
UKA00559,11.73477,21/08/2018,02:00:00
UKA00559,9.2821,21/08/2018,03:00:00
UKA00559,8.7051,21/08/2018,04:00:00
UKA00559,10.88791,21/08/2018,05:00:00
UKA00559,14.40304,21/08/2018,06:00:00
UKA00559,15.26874,21/08/2018,07:00:00
UKA00559,13.07531,21/08/2018,08:00:00
UKA00559,8.55982,21/08/2018,09:00:00
UKA00559,5.97298,21/08/2018,10:00:00
UKA00559,4.60009,21/08/2018,11:00:00
UKA00559,4.23325,21/08/2018,12:00:00
UKA00559,6.34816,21/08/2018,13:00:00
UKA00559,6.19907,21/08/2018,14:00:00
UKA00559,4.6126,21/08/2018,15:00:00
UKA00559,3.95214,21/08/2018,16:00:00
UKA00559,4.62171,21/08/2018,17:00:00
UKA00559,5.21805,21/08/2018,18:00:00
UKA00559,7.65162,21/08/2018,19:00:00
UKA00559,13.71677,21/08/2018,20:00:00
UKA00559,11.8162,21/08/2018,21:00:00
UKA00559,15.11584,21/08/2018,22:00:00
UKA00559,19.13702,21/08/2018,23:00:00
UKA00559,19.86652,21/08/2018,24:00:00
UKA00559,18.72655,22/08/2018,01:00:00
UKA00559,11.71004,22/08/2018,02:00:00
UKA00559,9.70201,22/08/2018,03:00:00
UKA00559,7.36449,22/08/2018,04:00:00
UKA00559,8.14331,22/08/2018,05:00:00
UKA00559,8.23637,22/08/2018,06:00:00
UKA00559,11.90361,22/08/2018,07:00:00
UKA00559,15.51146,22/08/2018,08:00:00
UKA00559,10.84391,22/08/2018,09:00:00
UKA00559,7.96835,22/08/2018,10:00:00
UKA00559,4.23421,22/08/2018,11:00:00
UKA00559,3.40993,22/08/2018,12:00:00
UKA00559,2.05557,22/08/2018,13:00:00
UKA00559,2.73597,22/08/2018,14:00:00
UKA00559,3.32437,22/08/2018,15:00:00
UKA00559,4.09568,22/08/2018,16:00:00
UKA00559,6.63006,22/08/2018,17:00:00
UKA00559,8.19413,22/08/2018,18:00:00
UKA00559,7.26285,22/08/2018,19:00:00
UKA00559,5.18263,22/08/2018,20:00:00
UKA00559,5.42708,22/08/2018,21:00:00
UKA00559,13.78438,22/08/2018,22:00:00
UKA00559,22.73866,22/08/2018,23:00:00
UKA00559,27.96032,22/08/2018,24:00:00
UKA00559,19.15775,23/08/2018,01:00:00
UKA00559,6.02374,23/08/2018,02:00:00
UKA00559,5.65114,23/08/2018,03:00:00
UKA00559,7.3489,23/08/2018,04:00:00
UKA00559,7.83886,23/08/2018,05:00:00
UKA00559,23.12723,23/08/2018,06:00:00
UKA00559,29.80917,23/08/2018,07:00:00
UKA00559,22.33204,23/08/2018,08:00:00
UKA00559,13.37338,23/08/2018,09:00:00
UKA00559,7.96467,23/08/2018,10:00:00
UKA00559,5.44444,23/08/2018,11:00:00
UKA00559,3.80753,23/08/2018,12:00:00
UKA00559,3.18929,23/08/2018,13:00:00
UKA00559,3.78186,23/08/2018,14:00:00
UKA00559,3.96498,23/08/2018,15:00:00
UKA00559,4.70293,23/08/2018,16:00:00
UKA00559,5.13907,23/08/2018,17:00:00
UKA00559,6.36094,23/08/2018,18:00:00
UKA00559,9.62416,23/08/2018,19:00:00
UKA00559,9.14225,23/08/2018,20:00:00
UKA00559,8.36555,23/08/2018,21:00:00
UKA00559,9.05672,23/08/2018,22:00:00
UKA00559,9.82738,23/08/2018,23:00:00
UKA00559,6.95453,23/08/2018,24:00:00
UKA00559,5.78309,24/08/2018,01:00:00
UKA00559,4.53895,24/08/2018,02:00:00
UKA00559,4.23198,24/08/2018,03:00:00
UKA00559,3.54532,24/08/2018,04:00:00
UKA00559,4.67032,24/08/2018,05:00:00
UKA00559,13.69487,24/08/2018,06:00:00
UKA00559,8.54488,24/08/2018,07:00:00
UKA00559,6.66364,24/08/2018,08:00:00
UKA00559,3.75513,24/08/2018,09:00:00
UKA00559,2.99412,24/08/2018,10:00:00
UKA00559,3.0788,24/08/2018,11:00:00
UKA00559,3.47856,24/08/2018,12:00:00
UKA00559,3.13523,24/08/2018,13:00:00
UKA00559,4.43992,24/08/2018,14:00:00
UKA00559,3.13898,24/08/2018,15:00:00
UKA00559,5.10209,24/08/2018,16:00:00
UKA00559,10.37533,24/08/2018,17:00:00
UKA00559,7.63713,24/08/2018,18:00:00
UKA00559,13.56973,24/08/2018,19:00:00
UKA00559,11.17579,24/08/2018,20:00:00
UKA00559,13.6177,24/08/2018,21:00:00
UKA00559,14.54518,24/08/2018,22:00:00
UKA00559,14.40501,24/08/2018,23:00:00
UKA00559,11.32535,24/08/2018,24:00:00
UKA00559,6.32749,25/08/2018,01:00:00
UKA00559,3.77551,25/08/2018,02:00:00
UKA00559,3.11709,25/08/2018,03:00:00
UKA00559,3.61177,25/08/2018,04:00:00
UKA00559,4.78505,25/08/2018,05:00:00
UKA00559,7.37588,25/08/2018,06:00:00
UKA00559,9.79431,25/08/2018,07:00:00
UKA00559,6.65103,25/08/2018,08:00:00
UKA00559,6.75972,25/08/2018,09:00:00
UKA00559,6.86738,25/08/2018,10:00:00
UKA00559,5.92166,25/08/2018,11:00:00
UKA00559,4.95237,25/08/2018,12:00:00
UKA00559,10.3066,25/08/2018,13:00:00
UKA00559,6.11168,25/08/2018,14:00:00
UKA00559,4.17397,25/08/2018,15:00:00
UKA00559,4.80615,25/08/2018,16:00:00
UKA00559,8.53606,25/08/2018,17:00:00
UKA00559,9.82049,25/08/2018,18:00:00
UKA00559,15.31119,25/08/2018,19:00:00
UKA00559,31.04693,25/08/2018,20:00:00
UKA00559,44.53361,25/08/2018,21:00:00
UKA00559,48.47464,25/08/2018,22:00:00
UKA00559,47.21396,25/08/2018,23:00:00
UKA00559,41.55826,25/08/2018,24:00:00
UKA00559,38.82253,26/08/2018,01:00:00
UKA00559,28.4889,26/08/2018,02:00:00
UKA00559,23.3335,26/08/2018,03:00:00
UKA00559,14.57025,26/08/2018,04:00:00
UKA00559,12.25615,26/08/2018,05:00:00
UKA00559,11.13053,26/08/2018,06:00:00
UKA00559,7.24119,26/08/2018,07:00:00
UKA00559,5.22925,26/08/2018,08:00:00
UKA00559,7.51835,26/08/2018,09:00:00
UKA00559,8.80191,26/08/2018,10:00:00
UKA00559,8.88569,26/08/2018,11:00:00
UKA00559,7.31933,26/08/2018,12:00:00
UKA00559,7.32417,26/08/2018,13:00:00
UKA00559,8.84299,26/08/2018,14:00:00
UKA00559,8.01711,26/08/2018,15:00:00
UKA00559,7.97442,26/08/2018,16:00:00
UKA00559,7.48291,26/08/2018,17:00:00
UKA00559,5.67161,26/08/2018,18:00:00
UKA00559,5.53464,26/08/2018,19:00:00
UKA00559,5.04636,26/08/2018,20:00:00
UKA00559,2.93612,26/08/2018,21:00:00
UKA00559,5.04959,26/08/2018,22:00:00
UKA00559,3.52028,26/08/2018,23:00:00
UKA00559,2.39143,26/08/2018,24:00:00
UKA00559,2.48248,27/08/2018,01:00:00
UKA00559,1.03429,27/08/2018,02:00:00
UKA00559,0.62865,27/08/2018,03:00:00
UKA00559,0.62717,27/08/2018,04:00:00
UKA00559,0.82351,27/08/2018,05:00:00
UKA00559,1.71257,27/08/2018,06:00:00
UKA00559,2.30084,27/08/2018,07:00:00
UKA00559,2.35159,27/08/2018,08:00:00
UKA00559,2.58831,27/08/2018,09:00:00
UKA00559,1.94781,27/08/2018,10:00:00
UKA00559,2.88096,27/08/2018,11:00:00
UKA00559,3.27659,27/08/2018,12:00:00
UKA00559,2.09784,27/08/2018,13:00:00
UKA00559,2.29269,27/08/2018,14:00:00
UKA00559,3.03173,27/08/2018,15:00:00
UKA00559,3.37439,27/08/2018,16:00:00
UKA00559,3.52738,27/08/2018,17:00:00
UKA00559,4.51498,27/08/2018,18:00:00
UKA00559,7.56966,27/08/2018,19:00:00
UKA00559,11.66047,27/08/2018,20:00:00
UKA00559,10.2287,27/08/2018,21:00:00
UKA00559,8.80286,27/08/2018,22:00:00
UKA00559,11.16185,27/08/2018,23:00:00
UKA00559,8.75285,27/08/2018,24:00:00
UKA00559,6.30813,28/08/2018,01:00:00
UKA00559,5.84358,28/08/2018,02:00:00
UKA00559,5.07209,28/08/2018,03:00:00
UKA00559,7.43797,28/08/2018,04:00:00
UKA00559,8.96697,28/08/2018,05:00:00
UKA00559,12.41061,28/08/2018,06:00:00
UKA00559,17.39084,28/08/2018,07:00:00
UKA00559,12.30662,28/08/2018,08:00:00
UKA00559,10.10373,28/08/2018,09:00:00
UKA00559,8.63828,28/08/2018,10:00:00
UKA00559,6.04838,28/08/2018,11:00:00
UKA00559,6.78245,28/08/2018,12:00:00
UKA00559,8.94539,28/08/2018,13:00:00
UKA00559,7.3156,28/08/2018,14:00:00
UKA00559,8.7979,28/08/2018,15:00:00
UKA00559,10.97163,28/08/2018,16:00:00
UKA00559,16.29537,28/08/2018,17:00:00
UKA00559,14.88403,28/08/2018,18:00:00
UKA00559,14.20474,28/08/2018,19:00:00
UKA00559,20.67451,28/08/2018,20:00:00
UKA00559,23.32661,28/08/2018,21:00:00
UKA00559,35.53428,28/08/2018,22:00:00
UKA00559,43.62525,28/08/2018,23:00:00
UKA00559,37.51315,28/08/2018,24:00:00
UKA00559,22.48285,29/08/2018,01:00:00
UKA00559,19.43837,29/08/2018,02:00:00
UKA00559,18.73972,29/08/2018,03:00:00
UKA00559,18.89189,29/08/2018,04:00:00
UKA00559,14.24014,29/08/2018,05:00:00
UKA00559,13.79397,29/08/2018,06:00:00
UKA00559,20.06423,29/08/2018,07:00:00
UKA00559,25.2107,29/08/2018,08:00:00
UKA00559,24.88509,29/08/2018,09:00:00
UKA00559,15.24781,29/08/2018,10:00:00
UKA00559,11.41551,29/08/2018,11:00:00
UKA00559,10.57391,29/08/2018,12:00:00
UKA00559,10.13322,29/08/2018,13:00:00
UKA00559,10.22797,29/08/2018,14:00:00
UKA00559,10.72425,29/08/2018,15:00:00
UKA00559,7.47569,29/08/2018,16:00:00
UKA00559,10.48645,29/08/2018,17:00:00
UKA00559,11.09207,29/08/2018,18:00:00
UKA00559,11.99777,29/08/2018,19:00:00
UKA00559,18.53562,29/08/2018,20:00:00
UKA00559,24.37734,29/08/2018,21:00:00
UKA00559,22.45451,29/08/2018,22:00:00
UKA00559,19.54337,29/08/2018,23:00:00
UKA00559,18.80382,29/08/2018,24:00:00
UKA00559,15.27141,30/08/2018,01:00:00
UKA00559,15.80001,30/08/2018,02:00:00
UKA00559,14.23308,30/08/2018,03:00:00
UKA00559,21.42379,30/08/2018,04:00:00
UKA00559,28.9272,30/08/2018,05:00:00
UKA00559,40.19787,30/08/2018,06:00:00
UKA00559,46.8447,30/08/2018,07:00:00
UKA00559,38.00542,30/08/2018,08:00:00
UKA00559,,30/08/2018,09:00:00
UKA00559,,30/08/2018,10:00:00
UKA00559,,30/08/2018,11:00:00
UKA00559,,30/08/2018,12:00:00
UKA00559,,30/08/2018,13:00:00
UKA00559,,30/08/2018,14:00:00
UKA00559,,30/08/2018,15:00:00
UKA00559,,30/08/2018,16:00:00
UKA00559,,30/08/2018,17:00:00
UKA00559,,30/08/2018,18:00:00
UKA00559,,30/08/2018,19:00:00
UKA00559,,30/08/2018,20:00:00
UKA00559,,30/08/2018,21:00:00
UKA00559,,30/08/2018,22:00:00
UKA00559,,30/08/2018,23:00:00
UKA00559,,30/08/2018,24:00:00
UKA00559,,31/08/2018,01:00:00
UKA00559,,31/08/2018,02:00:00
UKA00559,,31/08/2018,03:00:00
UKA00559,,31/08/2018,04:00:00
UKA00559,,31/08/2018,05:00:00
UKA00559,,31/08/2018,06:00:00
UKA00559,,31/08/2018,07:00:00
UKA00559,,31/08/2018,08:00:00
UKA00559,,31/08/2018,09:00:00
UKA00559,,31/08/2018,10:00:00
UKA00559,,31/08/2018,11:00:00
UKA00559,,31/08/2018,12:00:00
UKA00559,,31/08/2018,13:00:00
UKA00559,,31/08/2018,14:00:00
UKA00559,,31/08/2018,15:00:00
UKA00559,,31/08/2018,16:00:00
UKA00559,10.32214,31/08/2018,17:00:00
UKA00559,15.89109,31/08/2018,18:00:00
UKA00559,27.69606,31/08/2018,19:00:00
UKA00559,64.08993,31/08/2018,20:00:00
UKA00559,76.0269,31/08/2018,21:00:00
UKA00559,62.26028,31/08/2018,22:00:00
UKA00559,44.01332,31/08/2018,23:00:00
UKA00559,43.72443,31/08/2018,24:00:00
UKA00559,39.29551,01/09/2018,01:00:00
UKA00559,23.92226,01/09/2018,02:00:00
UKA00559,16.267,01/09/2018,03:00:00
UKA00559,11.67393,01/09/2018,04:00:00
UKA00559,6.93761,01/09/2018,05:00:00
UKA00559,7.27233,01/09/2018,06:00:00
UKA00559,11.43509,01/09/2018,07:00:00
UKA00559,14.06687,01/09/2018,08:00:00
UKA00559,12.39282,01/09/2018,09:00:00
UKA00559,9.18682,01/09/2018,10:00:00
UKA00559,8.61252,01/09/2018,11:00:00
UKA00559,8.08631,01/09/2018,12:00:00
UKA00559,7.46444,01/09/2018,13:00:00
UKA00559,7.60776,01/09/2018,14:00:00
UKA00559,8.13392,01/09/2018,15:00:00
UKA00559,8.08622,01/09/2018,16:00:00
UKA00559,8.42109,01/09/2018,17:00:00
UKA00559,9.7129,01/09/2018,18:00:00
UKA00559,13.58796,01/09/2018,19:00:00
UKA00559,24.25707,01/09/2018,20:00:00
UKA00559,24.97504,01/09/2018,21:00:00
UKA00559,20.04706,01/09/2018,22:00:00
UKA00559,18.46824,01/09/2018,23:00:00
UKA00559,10.43062,01/09/2018,24:00:00
UKA00559,8.71253,02/09/2018,01:00:00
UKA00559,7.56313,02/09/2018,02:00:00
UKA00559,8.72534,02/09/2018,03:00:00
UKA00559,8.10446,02/09/2018,04:00:00
UKA00559,12.58899,02/09/2018,05:00:00
UKA00559,16.16605,02/09/2018,06:00:00
UKA00559,14.58874,02/09/2018,07:00:00
UKA00559,12.10384,02/09/2018,08:00:00
UKA00559,8.57778,02/09/2018,09:00:00
UKA00559,6.67102,02/09/2018,10:00:00
UKA00559,6.90939,02/09/2018,11:00:00
UKA00559,9.62873,02/09/2018,12:00:00
UKA00559,14.15282,02/09/2018,13:00:00
UKA00559,6.76718,02/09/2018,14:00:00
UKA00559,7.00556,02/09/2018,15:00:00
UKA00559,6.95862,02/09/2018,16:00:00
UKA00559,6.76832,02/09/2018,17:00:00
UKA00559,9.34341,02/09/2018,18:00:00
UKA00559,14.92455,02/09/2018,19:00:00
UKA00559,22.93882,02/09/2018,20:00:00
UKA00559,21.84017,02/09/2018,21:00:00
UKA00559,28.27904,02/09/2018,22:00:00
UKA00559,38.77465,02/09/2018,23:00:00
UKA00559,43.30383,02/09/2018,24:00:00
UKA00559,36.71269,03/09/2018,01:00:00
UKA00559,26.24762,03/09/2018,02:00:00
UKA00559,18.68862,03/09/2018,03:00:00
UKA00559,20.30398,03/09/2018,04:00:00
UKA00559,25.9129,03/09/2018,05:00:00
UKA00559,38.02482,03/09/2018,06:00:00
UKA00559,46.39682,03/09/2018,07:00:00
UKA00559,48.99801,03/09/2018,08:00:00
UKA00559,56.54065,03/09/2018,09:00:00
UKA00559,37.56569,03/09/2018,10:00:00
UKA00559,26.35909,03/09/2018,11:00:00
UKA00559,24.35809,03/09/2018,12:00:00
UKA00559,17.00766,03/09/2018,13:00:00
UKA00559,15.77223,03/09/2018,14:00:00
UKA00559,14.56129,03/09/2018,15:00:00
UKA00559,16.32967,03/09/2018,16:00:00
UKA00559,18.8019,03/09/2018,17:00:00
UKA00559,22.2283,03/09/2018,18:00:00
UKA00559,27.03688,03/09/2018,19:00:00
UKA00559,29.93796,03/09/2018,20:00:00
UKA00559,19.19979,03/09/2018,21:00:00
UKA00559,17.87169,03/09/2018,22:00:00
UKA00559,17.87822,03/09/2018,23:00:00
UKA00559,20.15804,03/09/2018,24:00:00
UKA00559,15.79984,04/09/2018,01:00:00
UKA00559,19.84046,04/09/2018,02:00:00
UKA00559,8.7225,04/09/2018,03:00:00
UKA00559,10.80714,04/09/2018,04:00:00
UKA00559,11.42439,04/09/2018,05:00:00
UKA00559,17.38047,04/09/2018,06:00:00
UKA00559,22.86532,04/09/2018,07:00:00
UKA00559,28.70195,04/09/2018,08:00:00
UKA00559,26.19348,04/09/2018,09:00:00
UKA00559,24.21645,04/09/2018,10:00:00
UKA00559,22.92051,04/09/2018,11:00:00
UKA00559,20.9307,04/09/2018,12:00:00
UKA00559,19.39961,04/09/2018,13:00:00
UKA00559,19.65839,04/09/2018,14:00:00
UKA00559,16.21035,04/09/2018,15:00:00
UKA00559,18.52958,04/09/2018,16:00:00
UKA00559,22.50712,04/09/2018,17:00:00
UKA00559,26.58324,04/09/2018,18:00:00
UKA00559,35.53406,04/09/2018,19:00:00
UKA00559,37.63664,04/09/2018,20:00:00
UKA00559,36.23878,04/09/2018,21:00:00
UKA00559,37.3776,04/09/2018,22:00:00
UKA00559,36.02423,04/09/2018,23:00:00
UKA00559,32.11148,04/09/2018,24:00:00
UKA00559,20.48009,05/09/2018,01:00:00
UKA00559,16.75671,05/09/2018,02:00:00
UKA00559,14.97738,05/09/2018,03:00:00
UKA00559,18.80375,05/09/2018,04:00:00
UKA00559,32.85818,05/09/2018,05:00:00
UKA00559,38.36054,05/09/2018,06:00:00
UKA00559,43.01332,05/09/2018,07:00:00
UKA00559,41.88399,05/09/2018,08:00:00
UKA00559,,05/09/2018,09:00:00
UKA00559,23.08497,05/09/2018,10:00:00
UKA00559,9.58594,05/09/2018,11:00:00
UKA00559,9.77785,05/09/2018,12:00:00
UKA00559,14.02125,05/09/2018,13:00:00
UKA00559,11.96257,05/09/2018,14:00:00
UKA00559,15.68371,05/09/2018,15:00:00
UKA00559,17.76095,05/09/2018,16:00:00
UKA00559,20.07005,05/09/2018,17:00:00
UKA00559,21.46968,05/09/2018,18:00:00
UKA00559,22.75563,05/09/2018,19:00:00
UKA00559,23.18672,05/09/2018,20:00:00
UKA00559,28.67217,05/09/2018,21:00:00
UKA00559,31.79,05/09/2018,22:00:00
UKA00559,31.66055,05/09/2018,23:00:00
UKA00559,27.3091,05/09/2018,24:00:00
UKA00559,25.7912,06/09/2018,01:00:00
UKA00559,23.82476,06/09/2018,02:00:00
UKA00559,24.51587,06/09/2018,03:00:00
UKA00559,19.0497,06/09/2018,04:00:00
UKA00559,19.24198,06/09/2018,05:00:00
UKA00559,27.21302,06/09/2018,06:00:00
UKA00559,37.1633,06/09/2018,07:00:00
UKA00559,33.13444,06/09/2018,08:00:00
UKA00559,19.08295,06/09/2018,09:00:00
UKA00559,20.50865,06/09/2018,10:00:00
UKA00559,13.59672,06/09/2018,11:00:00
UKA00559,11.37392,06/09/2018,12:00:00
UKA00559,9.38829,06/09/2018,13:00:00
UKA00559,11.46742,06/09/2018,14:00:00
UKA00559,18.38304,06/09/2018,15:00:00
UKA00559,25.14548,06/09/2018,16:00:00
UKA00559,20.36973,06/09/2018,17:00:00
UKA00559,20.33804,06/09/2018,18:00:00
UKA00559,22.01625,06/09/2018,19:00:00
UKA00559,25.96269,06/09/2018,20:00:00
UKA00559,29.01694,06/09/2018,21:00:00
UKA00559,17.18133,06/09/2018,22:00:00
UKA00559,11.72732,06/09/2018,23:00:00
UKA00559,8.68733,06/09/2018,24:00:00
UKA00559,6.24101,07/09/2018,01:00:00
UKA00559,4.45485,07/09/2018,02:00:00
UKA00559,3.91138,07/09/2018,03:00:00
UKA00559,3.72262,07/09/2018,04:00:00
UKA00559,4.86804,07/09/2018,05:00:00
UKA00559,10.55376,07/09/2018,06:00:00
UKA00559,21.44398,07/09/2018,07:00:00
UKA00559,13.10951,07/09/2018,08:00:00
UKA00559,8.07052,07/09/2018,09:00:00
UKA00559,4.89012,07/09/2018,10:00:00
UKA00559,4.42045,07/09/2018,11:00:00
UKA00559,4.61514,07/09/2018,12:00:00
UKA00559,4.90447,07/09/2018,13:00:00
UKA00559,6.47571,07/09/2018,14:00:00
UKA00559,7.05188,07/09/2018,15:00:00
UKA00559,6.95528,07/09/2018,16:00:00
UKA00559,7.67586,07/09/2018,17:00:00
UKA00559,9.88247,07/09/2018,18:00:00
UKA00559,11.41085,07/09/2018,19:00:00
UKA00559,12.80124,07/09/2018,20:00:00
UKA00559,11.12845,07/09/2018,21:00:00
UKA00559,14.28577,07/09/2018,22:00:00
UKA00559,12.85103,07/09/2018,23:00:00
UKA00559,8.07119,07/09/2018,24:00:00
UKA00559,7.74697,08/09/2018,01:00:00
UKA00559,4.79833,08/09/2018,02:00:00
UKA00559,5.85968,08/09/2018,03:00:00
UKA00559,6.7232,08/09/2018,04:00:00
UKA00559,6.96404,08/09/2018,05:00:00
UKA00559,7.9704,08/09/2018,06:00:00
UKA00559,11.8599,08/09/2018,07:00:00
UKA00559,13.81533,08/09/2018,08:00:00
UKA00559,11.64963,08/09/2018,09:00:00
UKA00559,10.88088,08/09/2018,10:00:00
UKA00559,9.9226,08/09/2018,11:00:00
UKA00559,8.14749,08/09/2018,12:00:00
UKA00559,6.84991,08/09/2018,13:00:00
UKA00559,6.56653,08/09/2018,14:00:00
UKA00559,9.54721,08/09/2018,15:00:00
UKA00559,7.67088,08/09/2018,16:00:00
UKA00559,8.68277,08/09/2018,17:00:00
UKA00559,7.39119,08/09/2018,18:00:00
UKA00559,8.16454,08/09/2018,19:00:00
UKA00559,14.84427,08/09/2018,20:00:00
UKA00559,16.90783,08/09/2018,21:00:00
UKA00559,11.38191,08/09/2018,22:00:00
UKA00559,6.57528,08/09/2018,23:00:00
UKA00559,6.09453,08/09/2018,24:00:00
UKA00559,5.08356,09/09/2018,01:00:00
UKA00559,4.24676,09/09/2018,02:00:00
UKA00559,4.92199,09/09/2018,03:00:00
UKA00559,3.13459,09/09/2018,04:00:00
UKA00559,3.08497,09/09/2018,05:00:00
UKA00559,2.84496,09/09/2018,06:00:00
UKA00559,3.81139,09/09/2018,07:00:00
UKA00559,4.38894,09/09/2018,08:00:00
UKA00559,3.90338,09/09/2018,09:00:00
UKA00559,2.20882,09/09/2018,10:00:00
UKA00559,2.45438,09/09/2018,11:00:00
UKA00559,2.25887,09/09/2018,12:00:00
UKA00559,2.40561,09/09/2018,13:00:00
UKA00559,2.40603,09/09/2018,14:00:00
UKA00559,3.13288,09/09/2018,15:00:00
UKA00559,4.38723,09/09/2018,16:00:00
UKA00559,6.03217,09/09/2018,17:00:00
UKA00559,7.23817,09/09/2018,18:00:00
UKA00559,6.3727,09/09/2018,19:00:00
UKA00559,7.14704,09/09/2018,20:00:00
UKA00559,6.71366,09/09/2018,21:00:00
UKA00559,7.77379,09/09/2018,22:00:00
UKA00559,4.87749,09/09/2018,23:00:00
UKA00559,4.0022,09/09/2018,24:00:00
UKA00559,3.6222,10/09/2018,01:00:00
UKA00559,2.8413,10/09/2018,02:00:00
UKA00559,2.66529,10/09/2018,03:00:00
UKA00559,3.58809,10/09/2018,04:00:00
UKA00559,5.2428,10/09/2018,05:00:00
UKA00559,8.44555,10/09/2018,06:00:00
UKA00559,16.89306,10/09/2018,07:00:00
UKA00559,15.51036,10/09/2018,08:00:00
UKA00559,7.26554,10/09/2018,09:00:00
UKA00559,3.62766,10/09/2018,10:00:00
UKA00559,3.68453,10/09/2018,11:00:00
UKA00559,3.1451,10/09/2018,12:00:00
UKA00559,3.19607,10/09/2018,13:00:00
UKA00559,4.84723,10/09/2018,14:00:00
UKA00559,5.33491,10/09/2018,15:00:00
UKA00559,6.4059,10/09/2018,16:00:00
UKA00559,7.81559,10/09/2018,17:00:00
UKA00559,8.30208,10/09/2018,18:00:00
UKA00559,6.94179,10/09/2018,19:00:00
UKA00559,6.26203,10/09/2018,20:00:00
UKA00559,5.29101,10/09/2018,21:00:00
UKA00559,3.10396,10/09/2018,22:00:00
UKA00559,2.08354,10/09/2018,23:00:00
UKA00559,1.35439,10/09/2018,24:00:00
UKA00559,0.97275,11/09/2018,01:00:00
UKA00559,1.03457,11/09/2018,02:00:00
UKA00559,1.06919,11/09/2018,03:00:00
UKA00559,1.06919,11/09/2018,04:00:00
UKA00559,2.04529,11/09/2018,05:00:00
UKA00559,4.14701,11/09/2018,06:00:00
UKA00559,7.50013,11/09/2018,07:00:00
UKA00559,9.95621,11/09/2018,08:00:00
UKA00559,9.94543,11/09/2018,09:00:00
UKA00559,26.29376,11/09/2018,10:00:00
UKA00559,19.63137,11/09/2018,11:00:00
UKA00559,10.48056,11/09/2018,12:00:00
UKA00559,10.0899,11/09/2018,13:00:00
UKA00559,9.16555,11/09/2018,14:00:00
UKA00559,8.18621,11/09/2018,15:00:00
UKA00559,9.1731,11/09/2018,16:00:00
UKA00559,11.7546,11/09/2018,17:00:00
UKA00559,11.07859,11/09/2018,18:00:00
UKA00559,10.34938,11/09/2018,19:00:00
UKA00559,7.76392,11/09/2018,20:00:00
UKA00559,7.17668,11/09/2018,21:00:00
UKA00559,7.07785,11/09/2018,22:00:00
UKA00559,6.10461,11/09/2018,23:00:00
UKA00559,6.44316,11/09/2018,24:00:00
UKA00559,6.3534,12/09/2018,01:00:00
UKA00559,3.7289,12/09/2018,02:00:00
UKA00559,7.17183,12/09/2018,03:00:00
UKA00559,8.54624,12/09/2018,04:00:00
UKA00559,12.28317,12/09/2018,05:00:00
UKA00559,18.66575,12/09/2018,06:00:00
UKA00559,33.91905,12/09/2018,07:00:00
UKA00559,36.43387,12/09/2018,08:00:00
UKA00559,36.89797,12/09/2018,09:00:00
UKA00559,24.89438,12/09/2018,10:00:00
UKA00559,15.97159,12/09/2018,11:00:00
UKA00559,11.51605,12/09/2018,12:00:00
UKA00559,10.1348,12/09/2018,13:00:00
UKA00559,13.55082,12/09/2018,14:00:00
UKA00559,12.30171,12/09/2018,15:00:00
UKA00559,10.78898,12/09/2018,16:00:00
UKA00559,8.43526,12/09/2018,17:00:00
UKA00559,10.70404,12/09/2018,18:00:00
UKA00559,14.98188,12/09/2018,19:00:00
UKA00559,17.83225,12/09/2018,20:00:00
UKA00559,16.50731,12/09/2018,21:00:00
UKA00559,36.43681,12/09/2018,22:00:00
UKA00559,40.2629,12/09/2018,23:00:00
UKA00559,45.32605,12/09/2018,24:00:00
UKA00559,43.61413,13/09/2018,01:00:00
UKA00559,32.8503,13/09/2018,02:00:00
UKA00559,21.13679,13/09/2018,03:00:00
UKA00559,9.28267,13/09/2018,04:00:00
UKA00559,17.01842,13/09/2018,05:00:00
UKA00559,30.58962,13/09/2018,06:00:00
UKA00559,33.15162,13/09/2018,07:00:00
UKA00559,27.69738,13/09/2018,08:00:00
UKA00559,14.18037,13/09/2018,09:00:00
UKA00559,8.91112,13/09/2018,10:00:00
UKA00559,4.96753,13/09/2018,11:00:00
UKA00559,4.28277,13/09/2018,12:00:00
UKA00559,4.73185,13/09/2018,13:00:00
UKA00559,4.24181,13/09/2018,14:00:00
UKA00559,7.19922,13/09/2018,15:00:00
UKA00559,7.30387,13/09/2018,16:00:00
UKA00559,7.94652,13/09/2018,17:00:00
UKA00559,10.66532,13/09/2018,18:00:00
UKA00559,8.83972,13/09/2018,19:00:00
UKA00559,11.90236,13/09/2018,20:00:00
UKA00559,16.69587,13/09/2018,21:00:00
UKA00559,18.32558,13/09/2018,22:00:00
UKA00559,16.30029,13/09/2018,23:00:00
UKA00559,8.14796,13/09/2018,24:00:00
UKA00559,4.16855,14/09/2018,01:00:00
UKA00559,3.04215,14/09/2018,02:00:00
UKA00559,2.97583,14/09/2018,03:00:00
UKA00559,3.7223,14/09/2018,04:00:00
UKA00559,6.20366,14/09/2018,05:00:00
UKA00559,10.12726,14/09/2018,06:00:00
UKA00559,13.99602,14/09/2018,07:00:00
UKA00559,16.26912,14/09/2018,08:00:00
UKA00559,11.30666,14/09/2018,09:00:00
UKA00559,6.84304,14/09/2018,10:00:00
UKA00559,5.65075,14/09/2018,11:00:00
UKA00559,5.50403,14/09/2018,12:00:00
UKA00559,4.4631,14/09/2018,13:00:00
UKA00559,4.6613,14/09/2018,14:00:00
UKA00559,5.10892,14/09/2018,15:00:00
UKA00559,7.69429,14/09/2018,16:00:00
UKA00559,6.35476,14/09/2018,17:00:00
UKA00559,7.99416,14/09/2018,18:00:00
UKA00559,7.99546,14/09/2018,19:00:00
UKA00559,8.69044,14/09/2018,20:00:00
UKA00559,10.23023,14/09/2018,21:00:00
UKA00559,10.82586,14/09/2018,22:00:00
UKA00559,5.36248,14/09/2018,23:00:00
UKA00559,5.75939,14/09/2018,24:00:00
UKA00559,5.99054,15/09/2018,01:00:00
UKA00559,7.65331,15/09/2018,02:00:00
UKA00559,5.34019,15/09/2018,03:00:00
UKA00559,3.49354,15/09/2018,04:00:00
UKA00559,5.73976,15/09/2018,05:00:00
UKA00559,8.88457,15/09/2018,06:00:00
UKA00559,8.38264,15/09/2018,07:00:00
UKA00559,9.57172,15/09/2018,08:00:00
UKA00559,8.07154,15/09/2018,09:00:00
UKA00559,5.57984,15/09/2018,10:00:00
UKA00559,4.43848,15/09/2018,11:00:00
UKA00559,3.39006,15/09/2018,12:00:00
UKA00559,2.74076,15/09/2018,13:00:00
UKA00559,3.39051,15/09/2018,14:00:00
UKA00559,4.03958,15/09/2018,15:00:00
UKA00559,4.73995,15/09/2018,16:00:00
UKA00559,6.03787,15/09/2018,17:00:00
UKA00559,7.43748,15/09/2018,18:00:00
UKA00559,16.927,15/09/2018,19:00:00
UKA00559,19.42184,15/09/2018,20:00:00
UKA00559,20.77039,15/09/2018,21:00:00
UKA00559,14.42858,15/09/2018,22:00:00
UKA00559,18.77299,15/09/2018,23:00:00
UKA00559,9.735,15/09/2018,24:00:00
UKA00559,6.15645,16/09/2018,01:00:00
UKA00559,4.01376,16/09/2018,02:00:00
UKA00559,3.26177,16/09/2018,03:00:00
UKA00559,3.41184,16/09/2018,04:00:00
UKA00559,4.01421,16/09/2018,05:00:00
UKA00559,4.46594,16/09/2018,06:00:00
UKA00559,4.41706,16/09/2018,07:00:00
UKA00559,4.31549,16/09/2018,08:00:00
UKA00559,5.16721,16/09/2018,09:00:00
UKA00559,5.91794,16/09/2018,10:00:00
UKA00559,7.62195,16/09/2018,11:00:00
UKA00559,7.22272,16/09/2018,12:00:00
UKA00559,7.52362,16/09/2018,13:00:00
UKA00559,5.91794,16/09/2018,14:00:00
UKA00559,7.62671,16/09/2018,15:00:00
UKA00559,6.47237,16/09/2018,16:00:00
UKA00559,7.22443,16/09/2018,17:00:00
UKA00559,8.58171,16/09/2018,18:00:00
UKA00559,8.73273,16/09/2018,19:00:00
UKA00559,8.93511,16/09/2018,20:00:00
UKA00559,7.72809,16/09/2018,21:00:00
UKA00559,6.77499,16/09/2018,22:00:00
UKA00559,6.17243,16/09/2018,23:00:00
UKA00559,4.61525,16/09/2018,24:00:00
UKA00559,3.49685,17/09/2018,01:00:00
UKA00559,3.56249,17/09/2018,02:00:00
UKA00559,3.32812,17/09/2018,03:00:00
UKA00559,3.32858,17/09/2018,04:00:00
UKA00559,3.68195,17/09/2018,05:00:00
UKA00559,5.39766,17/09/2018,06:00:00
UKA00559,9.43313,17/09/2018,07:00:00
UKA00559,13.41404,17/09/2018,08:00:00
UKA00559,9.7782,17/09/2018,09:00:00
UKA00559,7.05241,17/09/2018,10:00:00
UKA00559,8.31724,17/09/2018,11:00:00
UKA00559,7.25965,17/09/2018,12:00:00
UKA00559,6.60325,17/09/2018,13:00:00
UKA00559,6.8072,17/09/2018,14:00:00
UKA00559,7.4611,17/09/2018,15:00:00
UKA00559,7.1601,17/09/2018,16:00:00
UKA00559,9.53284,17/09/2018,17:00:00
UKA00559,10.54417,17/09/2018,18:00:00
UKA00559,16.59744,17/09/2018,19:00:00
UKA00559,17.30886,17/09/2018,20:00:00
UKA00559,15.39045,17/09/2018,21:00:00
UKA00559,11.6066,17/09/2018,22:00:00
UKA00559,9.18463,17/09/2018,23:00:00
UKA00559,7.82275,17/09/2018,24:00:00
UKA00559,7.44136,18/09/2018,01:00:00
UKA00559,5.07297,18/09/2018,02:00:00
UKA00559,3.34714,18/09/2018,03:00:00
UKA00559,1.82557,18/09/2018,04:00:00
UKA00559,1.36847,18/09/2018,05:00:00
UKA00559,2.58482,18/09/2018,06:00:00
UKA00559,5.12221,18/09/2018,07:00:00
UKA00559,6.49129,18/09/2018,08:00:00
UKA00559,5.2237,18/09/2018,09:00:00
UKA00559,4.4099,18/09/2018,10:00:00
UKA00559,3.85278,18/09/2018,11:00:00
UKA00559,3.90439,18/09/2018,12:00:00
UKA00559,4.31061,18/09/2018,13:00:00
UKA00559,5.27408,18/09/2018,14:00:00
UKA00559,5.98357,18/09/2018,15:00:00
UKA00559,7.40414,18/09/2018,16:00:00
UKA00559,7.20164,18/09/2018,17:00:00
UKA00559,8.11583,18/09/2018,18:00:00
UKA00559,7.86295,18/09/2018,19:00:00
UKA00559,9.48602,18/09/2018,20:00:00
UKA00559,5.88502,18/09/2018,21:00:00
UKA00559,4.3621,18/09/2018,22:00:00
UKA00559,3.34727,18/09/2018,23:00:00
UKA00559,2.78892,18/09/2018,24:00:00
UKA00559,2.10684,19/09/2018,01:00:00
UKA00559,2.31055,19/09/2018,02:00:00
UKA00559,2.39601,19/09/2018,03:00:00
UKA00559,2.70228,19/09/2018,04:00:00
UKA00559,3.26389,19/09/2018,05:00:00
UKA00559,4.89557,19/09/2018,06:00:00
UKA00559,7.44587,19/09/2018,07:00:00
UKA00559,7.5975,19/09/2018,08:00:00
UKA00559,6.88302,19/09/2018,09:00:00
UKA00559,4.07738,19/09/2018,10:00:00
UKA00559,2.6502,19/09/2018,11:00:00
UKA00559,,19/09/2018,12:00:00
UKA00559,4.13026,19/09/2018,13:00:00
UKA00559,4.43679,19/09/2018,14:00:00
UKA00559,6.47668,19/09/2018,15:00:00
UKA00559,5.91516,19/09/2018,16:00:00
UKA00559,5.35364,19/09/2018,17:00:00
UKA00559,7.03802,19/09/2018,18:00:00
UKA00559,6.52849,19/09/2018,19:00:00
UKA00559,6.0698,19/09/2018,20:00:00
UKA00559,6.06891,19/09/2018,21:00:00
UKA00559,8.16008,19/09/2018,22:00:00
UKA00559,5.76318,19/09/2018,23:00:00
UKA00559,6.73211,19/09/2018,24:00:00
UKA00559,5.6557,20/09/2018,01:00:00
UKA00559,6.1328,20/09/2018,02:00:00
UKA00559,5.56997,20/09/2018,03:00:00
UKA00559,5.826,20/09/2018,04:00:00
UKA00559,7.51291,20/09/2018,05:00:00
UKA00559,13.89937,20/09/2018,06:00:00
UKA00559,27.84315,20/09/2018,07:00:00
UKA00559,30.85481,20/09/2018,08:00:00
UKA00559,24.9294,20/09/2018,09:00:00
UKA00559,20.176,20/09/2018,10:00:00
UKA00559,22.98689,20/09/2018,11:00:00
UKA00559,23.7022,20/09/2018,12:00:00
UKA00559,21.25081,20/09/2018,13:00:00
UKA00559,8.63522,20/09/2018,14:00:00
UKA00559,8.12395,20/09/2018,15:00:00
UKA00559,8.02277,20/09/2018,16:00:00
UKA00559,8.53361,20/09/2018,17:00:00
UKA00559,8.53413,20/09/2018,18:00:00
UKA00559,6.54087,20/09/2018,19:00:00
UKA00559,5.87624,20/09/2018,20:00:00
UKA00559,4.03615,20/09/2018,21:00:00
UKA00559,3.21835,20/09/2018,22:00:00
UKA00559,2.70796,20/09/2018,23:00:00
UKA00559,1.88997,20/09/2018,24:00:00
UKA00559,1.50076,21/09/2018,01:00:00
UKA00559,1.2961,21/09/2018,02:00:00
UKA00559,1.68892,21/09/2018,03:00:00
UKA00559,1.79145,21/09/2018,04:00:00
UKA00559,2.61083,21/09/2018,05:00:00
UKA00559,5.7352,21/09/2018,06:00:00
UKA00559,10.2415,21/09/2018,07:00:00
UKA00559,9.98276,21/09/2018,08:00:00
UKA00559,5.9885,21/09/2018,09:00:00
UKA00559,4.35089,21/09/2018,10:00:00
UKA00559,6.80937,21/09/2018,11:00:00
UKA00559,4.3501,21/09/2018,12:00:00
UKA00559,4.65568,21/09/2018,13:00:00
UKA00559,5.01651,21/09/2018,14:00:00
UKA00559,6.04051,21/09/2018,15:00:00
UKA00559,4.70874,21/09/2018,16:00:00
UKA00559,6.50125,21/09/2018,17:00:00
UKA00559,8.551,21/09/2018,18:00:00
UKA00559,10.447,21/09/2018,19:00:00
UKA00559,8.85974,21/09/2018,20:00:00
UKA00559,11.11298,21/09/2018,21:00:00
UKA00559,8.14175,21/09/2018,22:00:00
UKA00559,6.964,21/09/2018,23:00:00
UKA00559,7.27159,21/09/2018,24:00:00
UKA00559,5.81445,22/09/2018,01:00:00
UKA00559,6.56723,22/09/2018,02:00:00
UKA00559,5.38796,22/09/2018,03:00:00
UKA00559,4.97648,22/09/2018,04:00:00
UKA00559,7.69673,22/09/2018,05:00:00
UKA00559,10.82724,22/09/2018,06:00:00
UKA00559,11.13493,22/09/2018,07:00:00
UKA00559,13.39108,22/09/2018,08:00:00
UKA00559,14.98051,22/09/2018,09:00:00
UKA00559,13.74853,22/09/2018,10:00:00
UKA00559,11.49116,22/09/2018,11:00:00
UKA00559,12.00389,22/09/2018,12:00:00
UKA00559,12.26192,22/09/2018,13:00:00
UKA00559,13.44127,22/09/2018,14:00:00
UKA00559,15.08194,22/09/2018,15:00:00
UKA00559,14.46726,22/09/2018,16:00:00
UKA00559,16.26339,22/09/2018,17:00:00
UKA00559,18.67751,22/09/2018,18:00:00
UKA00559,23.80858,22/09/2018,19:00:00
UKA00559,22.62975,22/09/2018,20:00:00
UKA00559,28.32854,22/09/2018,21:00:00
UKA00559,24.94175,22/09/2018,22:00:00
UKA00559,24.47991,22/09/2018,23:00:00
UKA00559,22.37591,22/09/2018,24:00:00
UKA00559,21.32394,23/09/2018,01:00:00
UKA00559,17.14081,23/09/2018,02:00:00
UKA00559,17.02153,23/09/2018,03:00:00
UKA00559,10.85005,23/09/2018,04:00:00
UKA00559,12.08383,23/09/2018,05:00:00
UKA00559,15.22091,23/09/2018,06:00:00
UKA00559,17.89306,23/09/2018,07:00:00
UKA00559,26.42655,23/09/2018,08:00:00
UKA00559,29.30355,23/09/2018,09:00:00
UKA00559,20.34988,23/09/2018,10:00:00
UKA00559,12.99674,23/09/2018,11:00:00
UKA00559,10.27551,23/09/2018,12:00:00
UKA00559,7.91323,23/09/2018,13:00:00
UKA00559,9.76355,23/09/2018,14:00:00
UKA00559,7.34898,23/09/2018,15:00:00
UKA00559,12.74738,23/09/2018,16:00:00
UKA00559,9.50805,23/09/2018,17:00:00
UKA00559,10.17974,23/09/2018,18:00:00
UKA00559,16.19711,23/09/2018,19:00:00
UKA00559,16.96889,23/09/2018,20:00:00
UKA00559,20.56901,23/09/2018,21:00:00
UKA00559,20.4149,23/09/2018,22:00:00
UKA00559,20.00355,23/09/2018,23:00:00
UKA00559,17.68898,23/09/2018,24:00:00
UKA00559,13.67181,24/09/2018,01:00:00
UKA00559,10.16691,24/09/2018,02:00:00
UKA00559,9.12006,24/09/2018,03:00:00
UKA00559,7.1613,24/09/2018,04:00:00
UKA00559,13.49972,24/09/2018,05:00:00
UKA00559,23.70187,24/09/2018,06:00:00
UKA00559,43.14892,24/09/2018,07:00:00
UKA00559,48.14984,24/09/2018,08:00:00
UKA00559,34.7425,24/09/2018,09:00:00
UKA00559,22.6511,24/09/2018,10:00:00
UKA00559,12.97433,24/09/2018,11:00:00
UKA00559,10.65812,24/09/2018,12:00:00
UKA00559,9.26812,24/09/2018,13:00:00
UKA00559,10.91535,24/09/2018,14:00:00
UKA00559,13.69931,24/09/2018,15:00:00
UKA00559,16.0699,24/09/2018,16:00:00
UKA00559,16.12177,24/09/2018,17:00:00
UKA00559,21.99597,24/09/2018,18:00:00
UKA00559,41.00691,24/09/2018,19:00:00
UKA00559,75.64764,24/09/2018,20:00:00
UKA00559,74.10573,24/09/2018,21:00:00
UKA00559,72.59604,24/09/2018,22:00:00
UKA00559,63.42216,24/09/2018,23:00:00
UKA00559,50.99465,24/09/2018,24:00:00
UKA00559,44.48541,25/09/2018,01:00:00
UKA00559,36.32734,25/09/2018,02:00:00
UKA00559,36.79296,25/09/2018,03:00:00
UKA00559,28.95522,25/09/2018,04:00:00
UKA00559,30.14721,25/09/2018,05:00:00
UKA00559,38.21827,25/09/2018,06:00:00
UKA00559,42.21564,25/09/2018,07:00:00
UKA00559,52.65364,25/09/2018,08:00:00
UKA00559,33.11669,25/09/2018,09:00:00
UKA00559,15.42833,25/09/2018,10:00:00
UKA00559,11.50673,25/09/2018,11:00:00
UKA00559,11.71353,25/09/2018,12:00:00
UKA00559,12.59176,25/09/2018,13:00:00
UKA00559,11.97256,25/09/2018,14:00:00
UKA00559,11.56041,25/09/2018,15:00:00
UKA00559,13.11043,25/09/2018,16:00:00
UKA00559,16.98331,25/09/2018,17:00:00
UKA00559,22.50965,25/09/2018,18:00:00
UKA00559,32.32024,25/09/2018,19:00:00
UKA00559,27.20853,25/09/2018,20:00:00
UKA00559,19.61897,25/09/2018,21:00:00
UKA00559,17.19216,25/09/2018,22:00:00
UKA00559,11.71968,25/09/2018,23:00:00
UKA00559,10.9966,25/09/2018,24:00:00
UKA00559,8.34574,26/09/2018,01:00:00
UKA00559,5.86156,26/09/2018,02:00:00
UKA00559,6.36269,26/09/2018,03:00:00
UKA00559,6.15565,26/09/2018,04:00:00
UKA00559,7.29392,26/09/2018,05:00:00
UKA00559,9.88099,26/09/2018,06:00:00
UKA00559,19.19216,26/09/2018,07:00:00
UKA00559,22.13614,26/09/2018,08:00:00
UKA00559,18.56432,26/09/2018,09:00:00
UKA00559,9.82483,26/09/2018,10:00:00
UKA00559,9.41092,26/09/2018,11:00:00
UKA00559,8.89318,26/09/2018,12:00:00
UKA00559,8.79115,26/09/2018,13:00:00
UKA00559,7.03293,26/09/2018,14:00:00
UKA00559,7.8606,26/09/2018,15:00:00
UKA00559,8.63678,26/09/2018,16:00:00
UKA00559,12.05269,26/09/2018,17:00:00
UKA00559,20.33094,26/09/2018,18:00:00
UKA00559,31.76522,26/09/2018,19:00:00
UKA00559,32.48762,26/09/2018,20:00:00
UKA00559,42.0602,26/09/2018,21:00:00
UKA00559,36.26597,26/09/2018,22:00:00
UKA00559,29.90242,26/09/2018,23:00:00
UKA00559,18.10656,26/09/2018,24:00:00
UKA00559,15.96532,27/09/2018,01:00:00
UKA00559,14.85944,27/09/2018,02:00:00
UKA00559,14.77318,27/09/2018,03:00:00
UKA00559,14.77242,27/09/2018,04:00:00
UKA00559,16.06866,27/09/2018,05:00:00
UKA00559,19.43846,27/09/2018,06:00:00
UKA00559,31.50846,27/09/2018,07:00:00
UKA00559,29.73484,27/09/2018,08:00:00
UKA00559,19.89519,27/09/2018,09:00:00
UKA00559,12.84942,27/09/2018,10:00:00
UKA00559,10.88022,27/09/2018,11:00:00
UKA00559,12.12378,27/09/2018,12:00:00
UKA00559,8.60106,27/09/2018,13:00:00
UKA00559,6.68405,27/09/2018,14:00:00
UKA00559,7.82485,27/09/2018,15:00:00
UKA00559,10.67378,27/09/2018,16:00:00
UKA00559,19.22755,27/09/2018,17:00:00
UKA00559,30.01092,27/09/2018,18:00:00
UKA00559,27.10956,27/09/2018,19:00:00
UKA00559,27.83443,27/09/2018,20:00:00
UKA00559,23.32611,27/09/2018,21:00:00
UKA00559,30.73824,27/09/2018,22:00:00
UKA00559,21.97869,27/09/2018,23:00:00
UKA00559,17.98694,27/09/2018,24:00:00
UKA00559,15.51249,28/09/2018,01:00:00
UKA00559,5.81668,28/09/2018,02:00:00
UKA00559,6.18106,28/09/2018,03:00:00
UKA00559,8.46579,28/09/2018,04:00:00
UKA00559,13.45258,28/09/2018,05:00:00
UKA00559,21.24315,28/09/2018,06:00:00
UKA00559,31.62276,28/09/2018,07:00:00
UKA00559,27.14589,28/09/2018,08:00:00
UKA00559,23.60263,28/09/2018,09:00:00
UKA00559,17.63773,28/09/2018,10:00:00
UKA00559,15.87606,28/09/2018,11:00:00
UKA00559,10.79267,28/09/2018,12:00:00
UKA00559,8.51054,28/09/2018,13:00:00
UKA00559,11.20874,28/09/2018,14:00:00
UKA00559,13.23156,28/09/2018,15:00:00
UKA00559,14.12002,28/09/2018,16:00:00
UKA00559,19.26198,28/09/2018,17:00:00
UKA00559,31.20618,28/09/2018,18:00:00
UKA00559,58.03184,28/09/2018,19:00:00
UKA00559,61.24083,28/09/2018,20:00:00
UKA00559,58.08986,28/09/2018,21:00:00
UKA00559,59.7472,28/09/2018,22:00:00
UKA00559,49.62964,28/09/2018,23:00:00
UKA00559,46.16229,28/09/2018,24:00:00
UKA00559,46.93944,29/09/2018,01:00:00
UKA00559,34.9549,29/09/2018,02:00:00
UKA00559,34.63498,29/09/2018,03:00:00
UKA00559,32.30396,29/09/2018,04:00:00
UKA00559,30.09659,29/09/2018,05:00:00
UKA00559,34.31806,29/09/2018,06:00:00
UKA00559,37.57026,29/09/2018,07:00:00
UKA00559,32.39953,29/09/2018,08:00:00
UKA00559,22.78107,29/09/2018,09:00:00
UKA00559,10.0909,29/09/2018,10:00:00
UKA00559,8.1145,29/09/2018,11:00:00
UKA00559,7.33433,29/09/2018,12:00:00
UKA00559,8.53123,29/09/2018,13:00:00
UKA00559,7.33491,29/09/2018,14:00:00
UKA00559,6.86771,29/09/2018,15:00:00
UKA00559,6.45131,29/09/2018,16:00:00
UKA00559,9.10661,29/09/2018,17:00:00
UKA00559,19.20359,29/09/2018,18:00:00
UKA00559,40.54348,29/09/2018,19:00:00
UKA00559,47.15277,29/09/2018,20:00:00
UKA00559,62.93566,29/09/2018,21:00:00
UKA00559,59.65142,29/09/2018,22:00:00
UKA00559,52.60905,29/09/2018,23:00:00
UKA00559,35.65027,29/09/2018,24:00:00
UKA00559,32.12137,30/09/2018,01:00:00
UKA00559,10.01152,30/09/2018,02:00:00
UKA00559,8.49956,30/09/2018,03:00:00
UKA00559,7.87314,30/09/2018,04:00:00
UKA00559,6.8828,30/09/2018,05:00:00
UKA00559,9.33352,30/09/2018,06:00:00
UKA00559,13.71377,30/09/2018,07:00:00
UKA00559,13.92057,30/09/2018,08:00:00
UKA00559,14.2334,30/09/2018,09:00:00
UKA00559,10.21799,30/09/2018,10:00:00
UKA00559,9.43419,30/09/2018,11:00:00
UKA00559,11.20601,30/09/2018,12:00:00
UKA00559,9.07036,30/09/2018,13:00:00
UKA00559,8.44385,30/09/2018,14:00:00
UKA00559,8.91249,30/09/2018,15:00:00
UKA00559,7.87182,30/09/2018,16:00:00
UKA00559,8.9153,30/09/2018,17:00:00
UKA00559,12.87931,30/09/2018,18:00:00
UKA00559,14.13092,30/09/2018,19:00:00
UKA00559,15.17407,30/09/2018,20:00:00
UKA00559,14.96604,30/09/2018,21:00:00
UKA00559,9.95945,30/09/2018,22:00:00
UKA00559,8.75959,30/09/2018,23:00:00
UKA00559,7.61237,30/09/2018,24:00:00
UKA00559,6.61738,01/10/2018,01:00:00
UKA00559,8.84615,01/10/2018,02:00:00
UKA00559,10.45004,01/10/2018,03:00:00
UKA00559,11.96476,01/10/2018,04:00:00
UKA00559,22.67642,01/10/2018,05:00:00
UKA00559,36.83549,01/10/2018,06:00:00
UKA00559,50.40614,01/10/2018,07:00:00
UKA00559,47.74349,01/10/2018,08:00:00
UKA00559,34.22538,01/10/2018,09:00:00
UKA00559,21.61296,01/10/2018,10:00:00
UKA00559,12.16435,01/10/2018,11:00:00
UKA00559,10.33822,01/10/2018,12:00:00
UKA00559,9.13877,01/10/2018,13:00:00
UKA00559,10.02722,01/10/2018,14:00:00
UKA00559,8.82531,01/10/2018,15:00:00
UKA00559,9.40276,01/10/2018,16:00:00
UKA00559,10.70878,01/10/2018,17:00:00
UKA00559,12.90515,01/10/2018,18:00:00
UKA00559,10.2406,01/10/2018,19:00:00
UKA00559,8.30709,01/10/2018,20:00:00
UKA00559,7.78468,01/10/2018,21:00:00
UKA00559,5.59012,01/10/2018,22:00:00
UKA00559,4.02257,01/10/2018,23:00:00
UKA00559,3.39524,01/10/2018,24:00:00
UKA00559,2.79094,02/10/2018,01:00:00
UKA00559,2.30257,02/10/2018,02:00:00
UKA00559,2.82601,02/10/2018,03:00:00
UKA00559,2.66877,02/10/2018,04:00:00
UKA00559,4.81588,02/10/2018,05:00:00
UKA00559,9.00433,02/10/2018,06:00:00
UKA00559,13.97689,02/10/2018,07:00:00
UKA00559,16.80143,02/10/2018,08:00:00
UKA00559,14.02712,02/10/2018,09:00:00
UKA00559,11.35771,02/10/2018,10:00:00
UKA00559,8.94928,02/10/2018,11:00:00
UKA00559,8.79285,02/10/2018,12:00:00
UKA00559,12.61428,02/10/2018,13:00:00
UKA00559,45.67551,02/10/2018,14:00:00
UKA00559,38.15824,02/10/2018,15:00:00
UKA00559,15.7547,02/10/2018,16:00:00
UKA00559,12.71688,02/10/2018,17:00:00
UKA00559,17.84831,02/10/2018,18:00:00
UKA00559,20.78182,02/10/2018,19:00:00
UKA00559,21.51438,02/10/2018,20:00:00
UKA00559,20.62613,02/10/2018,21:00:00
UKA00559,10.10333,02/10/2018,22:00:00
UKA00559,7.43302,02/10/2018,23:00:00
UKA00559,3.87298,02/10/2018,24:00:00
UKA00559,4.26623,03/10/2018,01:00:00
UKA00559,4.33499,03/10/2018,02:00:00
UKA00559,4.71927,03/10/2018,03:00:00
UKA00559,4.40473,03/10/2018,04:00:00
UKA00559,6.87063,03/10/2018,05:00:00
UKA00559,14.58255,03/10/2018,06:00:00
UKA00559,27.16951,03/10/2018,07:00:00
UKA00559,31.35571,03/10/2018,08:00:00
UKA00559,24.75032,03/10/2018,09:00:00
UKA00559,14.78576,03/10/2018,10:00:00
UKA00559,7.91546,03/10/2018,11:00:00
UKA00559,6.60612,03/10/2018,12:00:00
UKA00559,4.19317,03/10/2018,13:00:00
UKA00559,5.24318,03/10/2018,14:00:00
UKA00559,5.50388,03/10/2018,15:00:00
UKA00559,7.18371,03/10/2018,16:00:00
UKA00559,11.11902,03/10/2018,17:00:00
UKA00559,21.29692,03/10/2018,18:00:00
UKA00559,16.99614,03/10/2018,19:00:00
UKA00559,12.53668,03/10/2018,20:00:00
UKA00559,15.9467,03/10/2018,21:00:00
UKA00559,13.95346,03/10/2018,22:00:00
UKA00559,8.81213,03/10/2018,23:00:00
UKA00559,7.60569,03/10/2018,24:00:00
UKA00559,4.34399,04/10/2018,01:00:00
UKA00559,3.08162,04/10/2018,02:00:00
UKA00559,2.469,04/10/2018,03:00:00
UKA00559,2.99499,04/10/2018,04:00:00
UKA00559,3.88792,04/10/2018,05:00:00
UKA00559,11.45591,04/10/2018,06:00:00
UKA00559,26.42589,04/10/2018,07:00:00
UKA00559,23.37817,04/10/2018,08:00:00
UKA00559,10.98143,04/10/2018,09:00:00
UKA00559,7.56549,04/10/2018,10:00:00
UKA00559,8.71957,04/10/2018,11:00:00
UKA00559,6.98331,04/10/2018,12:00:00
UKA00559,8.24509,04/10/2018,13:00:00
UKA00559,8.8751,04/10/2018,14:00:00
UKA00559,10.34684,04/10/2018,15:00:00
UKA00559,10.76963,04/10/2018,16:00:00
UKA00559,11.19267,04/10/2018,17:00:00
UKA00559,18.07848,04/10/2018,18:00:00
UKA00559,18.9727,04/10/2018,19:00:00
UKA00559,18.86796,04/10/2018,20:00:00
UKA00559,16.3456,04/10/2018,21:00:00
UKA00559,11.77236,04/10/2018,22:00:00
UKA00559,9.3024,04/10/2018,23:00:00
UKA00559,5.72796,04/10/2018,24:00:00
UKA00559,4.56303,05/10/2018,01:00:00
UKA00559,4.00131,05/10/2018,02:00:00
UKA00559,4.00134,05/10/2018,03:00:00
UKA00559,4.47538,05/10/2018,04:00:00
UKA00559,4.68583,05/10/2018,05:00:00
UKA00559,7.00368,05/10/2018,06:00:00
UKA00559,13.69062,05/10/2018,07:00:00
UKA00559,17.74207,05/10/2018,08:00:00
UKA00559,14.58467,05/10/2018,09:00:00
UKA00559,11.84688,05/10/2018,10:00:00
UKA00559,9.63413,05/10/2018,11:00:00
UKA00559,11.47699,05/10/2018,12:00:00
UKA00559,8.84374,05/10/2018,13:00:00
UKA00559,10.2132,05/10/2018,14:00:00
UKA00559,10.74047,05/10/2018,15:00:00
UKA00559,12.58468,05/10/2018,16:00:00
UKA00559,19.11448,05/10/2018,17:00:00
UKA00559,35.75461,05/10/2018,18:00:00
UKA00559,41.07521,05/10/2018,19:00:00
UKA00559,29.64682,05/10/2018,20:00:00
UKA00559,30.3337,05/10/2018,21:00:00
UKA00559,29.91082,05/10/2018,22:00:00
UKA00559,26.12128,05/10/2018,23:00:00
UKA00559,23.33034,05/10/2018,24:00:00
UKA00559,22.3035,06/10/2018,01:00:00
UKA00559,11.60834,06/10/2018,02:00:00
UKA00559,9.33947,06/10/2018,03:00:00
UKA00559,7.70345,06/10/2018,04:00:00
UKA00559,7.49283,06/10/2018,05:00:00
UKA00559,7.96733,06/10/2018,06:00:00
UKA00559,10.9747,06/10/2018,07:00:00
UKA00559,14.7729,06/10/2018,08:00:00
UKA00559,17.14475,06/10/2018,09:00:00
UKA00559,19.46248,06/10/2018,10:00:00
UKA00559,16.8262,06/10/2018,11:00:00
UKA00559,15.45381,06/10/2018,12:00:00
UKA00559,15.40144,06/10/2018,13:00:00
UKA00559,13.50368,06/10/2018,14:00:00
UKA00559,11.02367,06/10/2018,15:00:00
UKA00559,13.5594,06/10/2018,16:00:00
UKA00559,14.29816,06/10/2018,17:00:00
UKA00559,15.35469,06/10/2018,18:00:00
UKA00559,17.04428,06/10/2018,19:00:00
UKA00559,21.89924,06/10/2018,20:00:00
UKA00559,30.92294,06/10/2018,21:00:00
UKA00559,32.6107,06/10/2018,22:00:00
UKA00559,36.72634,06/10/2018,23:00:00
UKA00559,41.89026,06/10/2018,24:00:00
UKA00559,41.87091,07/10/2018,01:00:00
UKA00559,42.92207,07/10/2018,02:00:00
UKA00559,39.65181,07/10/2018,03:00:00
UKA00559,39.15069,07/10/2018,04:00:00
UKA00559,33.1522,07/10/2018,05:00:00
UKA00559,25.88219,07/10/2018,06:00:00
UKA00559,27.32771,07/10/2018,07:00:00
UKA00559,30.03349,07/10/2018,08:00:00
UKA00559,31.21903,07/10/2018,09:00:00
UKA00559,30.16729,07/10/2018,10:00:00
UKA00559,13.84412,07/10/2018,11:00:00
UKA00559,9.77579,07/10/2018,12:00:00
UKA00559,8.98396,07/10/2018,13:00:00
UKA00559,9.61897,07/10/2018,14:00:00
UKA00559,7.02951,07/10/2018,15:00:00
UKA00559,7.13597,07/10/2018,16:00:00
UKA00559,13.95657,07/10/2018,17:00:00
UKA00559,17.3411,07/10/2018,18:00:00
UKA00559,19.87918,07/10/2018,19:00:00
UKA00559,18.29322,07/10/2018,20:00:00
UKA00559,14.9622,07/10/2018,21:00:00
UKA00559,13.32321,07/10/2018,22:00:00
UKA00559,8.77583,07/10/2018,23:00:00
UKA00559,8.30111,07/10/2018,24:00:00
UKA00559,4.66115,08/10/2018,01:00:00
UKA00559,4.44881,08/10/2018,02:00:00
UKA00559,3.91917,08/10/2018,03:00:00
UKA00559,2.96511,08/10/2018,04:00:00
UKA00559,7.09792,08/10/2018,05:00:00
UKA00559,10.69991,08/10/2018,06:00:00
UKA00559,19.65267,08/10/2018,07:00:00
UKA00559,26.00658,08/10/2018,08:00:00
UKA00559,13.34587,08/10/2018,09:00:00
UKA00559,7.46614,08/10/2018,10:00:00
UKA00559,5.82527,08/10/2018,11:00:00
UKA00559,6.14324,08/10/2018,12:00:00
UKA00559,6.51403,08/10/2018,13:00:00
UKA00559,9.53353,08/10/2018,14:00:00
UKA00559,10.16986,08/10/2018,15:00:00
UKA00559,13.71862,08/10/2018,16:00:00
UKA00559,14.77849,08/10/2018,17:00:00
UKA00559,14.19624,08/10/2018,18:00:00
UKA00559,12.18371,08/10/2018,19:00:00
UKA00559,10.01161,08/10/2018,20:00:00
UKA00559,7.6272,08/10/2018,21:00:00
UKA00559,5.13775,08/10/2018,22:00:00
UKA00559,3.33629,08/10/2018,23:00:00
UKA00559,3.28339,08/10/2018,24:00:00
UKA00559,3.39633,09/10/2018,01:00:00
UKA00559,2.05129,09/10/2018,02:00:00
UKA00559,1.96338,09/10/2018,03:00:00
UKA00559,1.85682,09/10/2018,04:00:00
UKA00559,3.39607,09/10/2018,05:00:00
UKA00559,9.81862,09/10/2018,06:00:00
UKA00559,17.62077,09/10/2018,07:00:00
UKA00559,16.39856,09/10/2018,08:00:00
UKA00559,12.20358,09/10/2018,09:00:00
UKA00559,10.13332,09/10/2018,10:00:00
UKA00559,9.12525,09/10/2018,11:00:00
UKA00559,6.73734,09/10/2018,12:00:00
UKA00559,6.84421,09/10/2018,13:00:00
UKA00559,6.4737,09/10/2018,14:00:00
UKA00559,8.33168,09/10/2018,15:00:00
UKA00559,9.49941,09/10/2018,16:00:00
UKA00559,14.01174,09/10/2018,17:00:00
UKA00559,24.15136,09/10/2018,18:00:00
UKA00559,56.88095,09/10/2018,19:00:00
UKA00559,79.55426,09/10/2018,20:00:00
UKA00559,71.86224,09/10/2018,21:00:00
UKA00559,60.55032,09/10/2018,22:00:00
UKA00559,34.54599,09/10/2018,23:00:00
UKA00559,18.52392,09/10/2018,24:00:00
UKA00559,17.79716,10/10/2018,01:00:00
UKA00559,16.02532,10/10/2018,02:00:00
UKA00559,16.5927,10/10/2018,03:00:00
UKA00559,16.91144,10/10/2018,04:00:00
UKA00559,19.35636,10/10/2018,05:00:00
UKA00559,32.79634,10/10/2018,06:00:00
UKA00559,42.68669,10/10/2018,07:00:00
UKA00559,48.84347,10/10/2018,08:00:00
UKA00559,36.28706,10/10/2018,09:00:00
UKA00559,30.77022,10/10/2018,10:00:00
UKA00559,20.67729,10/10/2018,11:00:00
UKA00559,18.23369,10/10/2018,12:00:00
UKA00559,18.55351,10/10/2018,13:00:00
UKA00559,16.32228,10/10/2018,14:00:00
UKA00559,21.64001,10/10/2018,15:00:00
UKA00559,22.91678,10/10/2018,16:00:00
UKA00559,35.25444,10/10/2018,17:00:00
UKA00559,39.45551,10/10/2018,18:00:00
UKA00559,37.43488,10/10/2018,19:00:00
UKA00559,27.59879,10/10/2018,20:00:00
UKA00559,25.36501,10/10/2018,21:00:00
UKA00559,21.3252,10/10/2018,22:00:00
UKA00559,18.13517,10/10/2018,23:00:00
UKA00559,18.61457,10/10/2018,24:00:00
UKA00559,18.33065,11/10/2018,01:00:00
UKA00559,19.25387,11/10/2018,02:00:00
UKA00559,15.71965,11/10/2018,03:00:00
UKA00559,10.71032,11/10/2018,04:00:00
UKA00559,12.46797,11/10/2018,05:00:00
UKA00559,19.39208,11/10/2018,06:00:00
UKA00559,15.29171,11/10/2018,07:00:00
UKA00559,18.59247,11/10/2018,08:00:00
UKA00559,14.2228,11/10/2018,09:00:00
UKA00559,11.6656,11/10/2018,10:00:00
UKA00559,12.89286,11/10/2018,11:00:00
UKA00559,15.02341,11/10/2018,12:00:00
UKA00559,16.03581,11/10/2018,13:00:00
UKA00559,14.06384,11/10/2018,14:00:00
UKA00559,12.78513,11/10/2018,15:00:00
UKA00559,13.15917,11/10/2018,16:00:00
UKA00559,13.69255,11/10/2018,17:00:00
UKA00559,13.15948,11/10/2018,18:00:00
UKA00559,13.26683,11/10/2018,19:00:00
UKA00559,13.0545,11/10/2018,20:00:00
UKA00559,9.16438,11/10/2018,21:00:00
UKA00559,10.55014,11/10/2018,22:00:00
UKA00559,12.2019,11/10/2018,23:00:00
UKA00559,9.37747,11/10/2018,24:00:00
UKA00559,5.47996,12/10/2018,01:00:00
UKA00559,4.69692,12/10/2018,02:00:00
UKA00559,3.52254,12/10/2018,03:00:00
UKA00559,3.14892,12/10/2018,04:00:00
UKA00559,3.4162,12/10/2018,05:00:00
UKA00559,4.16329,12/10/2018,06:00:00
UKA00559,6.4587,12/10/2018,07:00:00
UKA00559,8.59287,12/10/2018,08:00:00
UKA00559,7.31243,12/10/2018,09:00:00
UKA00559,7.09847,12/10/2018,10:00:00
UKA00559,7.79261,12/10/2018,11:00:00
UKA00559,8.48608,12/10/2018,12:00:00
UKA00559,7.57911,12/10/2018,13:00:00
UKA00559,6.7247,12/10/2018,14:00:00
UKA00559,7.68605,12/10/2018,15:00:00
UKA00559,7.57918,12/10/2018,16:00:00
UKA00559,6.61844,12/10/2018,17:00:00
UKA00559,6.56557,12/10/2018,18:00:00
UKA00559,6.1378,12/10/2018,19:00:00
UKA00559,5.33739,12/10/2018,20:00:00
UKA00559,4.58985,12/10/2018,21:00:00
UKA00559,3.68257,12/10/2018,22:00:00
UKA00559,3.14861,12/10/2018,23:00:00
UKA00559,2.82854,12/10/2018,24:00:00
UKA00559,2.4238,13/10/2018,01:00:00
UKA00559,2.49443,13/10/2018,02:00:00
UKA00559,2.0849,13/10/2018,03:00:00
UKA00559,2.35262,13/10/2018,04:00:00
UKA00559,2.78076,13/10/2018,05:00:00
UKA00559,3.15481,13/10/2018,06:00:00
UKA00559,3.31516,13/10/2018,07:00:00
UKA00559,4.27739,13/10/2018,08:00:00
UKA00559,5.02608,13/10/2018,09:00:00
UKA00559,5.5601,13/10/2018,10:00:00
UKA00559,4.65053,13/10/2018,11:00:00
UKA00559,4.97168,13/10/2018,12:00:00
UKA00559,4.91818,13/10/2018,13:00:00
UKA00559,5.29328,13/10/2018,14:00:00
UKA00559,5.02563,13/10/2018,15:00:00
UKA00559,5.45408,13/10/2018,16:00:00
UKA00559,5.98907,13/10/2018,17:00:00
UKA00559,5.5078,13/10/2018,18:00:00
UKA00559,5.29418,13/10/2018,19:00:00
UKA00559,5.02721,13/10/2018,20:00:00
UKA00559,4.33187,13/10/2018,21:00:00
UKA00559,4.1175,13/10/2018,22:00:00
UKA00559,3.47573,13/10/2018,23:00:00
UKA00559,3.20861,13/10/2018,24:00:00
UKA00559,3.14331,14/10/2018,01:00:00
UKA00559,2.14232,14/10/2018,02:00:00
UKA00559,2.67888,14/10/2018,03:00:00
UKA00559,2.94644,14/10/2018,04:00:00
UKA00559,2.83968,14/10/2018,05:00:00
UKA00559,6.05556,14/10/2018,06:00:00
UKA00559,12.38057,14/10/2018,07:00:00
UKA00559,13.34452,14/10/2018,08:00:00
UKA00559,12.70001,14/10/2018,09:00:00
UKA00559,19.98754,14/10/2018,10:00:00
UKA00559,13.8247,14/10/2018,11:00:00
UKA00559,12.96638,14/10/2018,12:00:00
UKA00559,11.03802,14/10/2018,13:00:00
UKA00559,9.96686,14/10/2018,14:00:00
UKA00559,10.98427,14/10/2018,15:00:00
UKA00559,14.6828,14/10/2018,16:00:00
UKA00559,17.7914,14/10/2018,17:00:00
UKA00559,21.43857,14/10/2018,18:00:00
UKA00559,20.04407,14/10/2018,19:00:00
UKA00559,18.91938,14/10/2018,20:00:00
UKA00559,16.07962,14/10/2018,21:00:00
UKA00559,15.54359,14/10/2018,22:00:00
UKA00559,15.91814,14/10/2018,23:00:00
UKA00559,11.09439,14/10/2018,24:00:00
UKA00559,9.02131,15/10/2018,01:00:00
UKA00559,8.0898,15/10/2018,02:00:00
UKA00559,8.91372,15/10/2018,03:00:00
UKA00559,8.86046,15/10/2018,04:00:00
UKA00559,9.12847,15/10/2018,05:00:00
UKA00559,14.71372,15/10/2018,06:00:00
UKA00559,22.4999,15/10/2018,07:00:00
UKA00559,25.5059,15/10/2018,08:00:00
UKA00559,24.53844,15/10/2018,09:00:00
UKA00559,27.43703,15/10/2018,10:00:00
UKA00559,27.16701,15/10/2018,11:00:00
UKA00559,26.20134,15/10/2018,12:00:00
UKA00559,30.55112,15/10/2018,13:00:00
UKA00559,28.83102,15/10/2018,14:00:00
UKA00559,27.97202,15/10/2018,15:00:00
UKA00559,25.55612,15/10/2018,16:00:00
UKA00559,28.87826,15/10/2018,17:00:00
UKA00559,30.38561,15/10/2018,18:00:00
UKA00559,30.01153,15/10/2018,19:00:00
UKA00559,26.68217,15/10/2018,20:00:00
UKA00559,15.94726,15/10/2018,21:00:00
UKA00559,18.74074,15/10/2018,22:00:00
UKA00559,15.89489,15/10/2018,23:00:00
UKA00559,9.02143,15/10/2018,24:00:00
UKA00559,8.03396,16/10/2018,01:00:00
UKA00559,10.61644,16/10/2018,02:00:00
UKA00559,7.20899,16/10/2018,03:00:00
UKA00559,6.29371,16/10/2018,04:00:00
UKA00559,10.97459,16/10/2018,05:00:00
UKA00559,15.22432,16/10/2018,06:00:00
UKA00559,21.29962,16/10/2018,07:00:00
UKA00559,22.85553,16/10/2018,08:00:00
UKA00559,21.40082,16/10/2018,09:00:00
UKA00559,17.26291,16/10/2018,10:00:00
UKA00559,17.79673,16/10/2018,11:00:00
UKA00559,12.36656,16/10/2018,12:00:00
UKA00559,12.4778,16/10/2018,13:00:00
UKA00559,15.59915,16/10/2018,14:00:00
UKA00559,15.43765,16/10/2018,15:00:00
UKA00559,18.23702,16/10/2018,16:00:00
UKA00559,25.49865,16/10/2018,17:00:00
UKA00559,31.25337,16/10/2018,18:00:00
UKA00559,24.58587,16/10/2018,19:00:00
UKA00559,20.01371,16/10/2018,20:00:00
UKA00559,16.35463,16/10/2018,21:00:00
UKA00559,14.79444,16/10/2018,22:00:00
UKA00559,9.36051,16/10/2018,23:00:00
UKA00559,8.12354,16/10/2018,24:00:00
UKA00559,8.40915,17/10/2018,01:00:00
UKA00559,6.46777,17/10/2018,02:00:00
UKA00559,6.84541,17/10/2018,03:00:00
UKA00559,5.65909,17/10/2018,04:00:00
UKA00559,8.08527,17/10/2018,05:00:00
UKA00559,11.69668,17/10/2018,06:00:00
UKA00559,24.19934,17/10/2018,07:00:00
UKA00559,34.85929,17/10/2018,08:00:00
UKA00559,33.28678,17/10/2018,09:00:00
UKA00559,21.38866,17/10/2018,10:00:00
UKA00559,,17/10/2018,11:00:00
UKA00559,22.40994,17/10/2018,12:00:00
UKA00559,15.0336,17/10/2018,13:00:00
UKA00559,16.11224,17/10/2018,14:00:00
UKA00559,21.34024,17/10/2018,15:00:00
UKA00559,21.50447,17/10/2018,16:00:00
UKA00559,36.81416,17/10/2018,17:00:00
UKA00559,52.39247,17/10/2018,18:00:00
UKA00559,66.61575,17/10/2018,19:00:00
UKA00559,65.10442,17/10/2018,20:00:00
UKA00559,63.80602,17/10/2018,21:00:00
UKA00559,59.11753,17/10/2018,22:00:00
UKA00559,54.59941,17/10/2018,23:00:00
UKA00559,52.44038,17/10/2018,24:00:00
UKA00559,50.66815,18/10/2018,01:00:00
UKA00559,34.26676,18/10/2018,02:00:00
UKA00559,24.45935,18/10/2018,03:00:00
UKA00559,33.52956,18/10/2018,04:00:00
UKA00559,47.83363,18/10/2018,05:00:00
UKA00559,59.79607,18/10/2018,06:00:00
UKA00559,58.23647,18/10/2018,07:00:00
UKA00559,52.516,18/10/2018,08:00:00
UKA00559,40.6946,18/10/2018,09:00:00
UKA00559,34.58933,18/10/2018,10:00:00
UKA00559,35.28481,18/10/2018,11:00:00
UKA00559,33.56337,18/10/2018,12:00:00
UKA00559,34.4295,18/10/2018,13:00:00
UKA00559,36.75204,18/10/2018,14:00:00
UKA00559,36.10909,18/10/2018,15:00:00
UKA00559,33.19544,18/10/2018,16:00:00
UKA00559,42.31995,18/10/2018,17:00:00
UKA00559,56.24101,18/10/2018,18:00:00
UKA00559,64.16923,18/10/2018,19:00:00
UKA00559,61.25909,18/10/2018,20:00:00
UKA00559,51.94333,18/10/2018,21:00:00
UKA00559,47.76089,18/10/2018,22:00:00
UKA00559,47.25981,18/10/2018,23:00:00
UKA00559,48.10604,18/10/2018,24:00:00
UKA00559,42.61156,19/10/2018,01:00:00
UKA00559,32.48269,19/10/2018,02:00:00
UKA00559,28.24513,19/10/2018,03:00:00
UKA00559,26.23829,19/10/2018,04:00:00
UKA00559,24.67617,19/10/2018,05:00:00
UKA00559,30.05763,19/10/2018,06:00:00
UKA00559,39.04887,19/10/2018,07:00:00
UKA00559,49.50261,19/10/2018,08:00:00
UKA00559,57.09609,19/10/2018,09:00:00
UKA00559,41.33728,19/10/2018,10:00:00
UKA00559,21.72981,19/10/2018,11:00:00
UKA00559,20.59432,19/10/2018,12:00:00
UKA00559,12.97486,19/10/2018,13:00:00
UKA00559,13.949,19/10/2018,14:00:00
UKA00559,17.35482,19/10/2018,15:00:00
UKA00559,20.54585,19/10/2018,16:00:00
UKA00559,30.22819,19/10/2018,17:00:00
UKA00559,62.36906,19/10/2018,18:00:00
UKA00559,68.15305,19/10/2018,19:00:00
UKA00559,63.99561,19/10/2018,20:00:00
UKA00559,60.69185,19/10/2018,21:00:00
UKA00559,53.82499,19/10/2018,22:00:00
UKA00559,45.41677,19/10/2018,23:00:00
UKA00559,41.84781,19/10/2018,24:00:00
UKA00559,30.61839,20/10/2018,01:00:00
UKA00559,28.74025,20/10/2018,02:00:00
UKA00559,26.91808,20/10/2018,03:00:00
UKA00559,20.79728,20/10/2018,04:00:00
UKA00559,18.90074,20/10/2018,05:00:00
UKA00559,23.12287,20/10/2018,06:00:00
UKA00559,24.85399,20/10/2018,07:00:00
UKA00559,28.47677,20/10/2018,08:00:00
UKA00559,27.87794,20/10/2018,09:00:00
UKA00559,21.76073,20/10/2018,10:00:00
UKA00559,17.7029,20/10/2018,11:00:00
UKA00559,19.11287,20/10/2018,12:00:00
UKA00559,15.54015,20/10/2018,13:00:00
UKA00559,16.78471,20/10/2018,14:00:00
UKA00559,15.37757,20/10/2018,15:00:00
UKA00559,15.75793,20/10/2018,16:00:00
UKA00559,20.58035,20/10/2018,17:00:00
UKA00559,34.28275,20/10/2018,18:00:00
UKA00559,49.70841,20/10/2018,19:00:00
UKA00559,44.34518,20/10/2018,20:00:00
UKA00559,44.17857,20/10/2018,21:00:00
UKA00559,43.47842,20/10/2018,22:00:00
UKA00559,35.47332,20/10/2018,23:00:00
UKA00559,28.21757,20/10/2018,24:00:00
UKA00559,21.04678,21/10/2018,01:00:00
UKA00559,11.20938,21/10/2018,02:00:00
UKA00559,9.22045,21/10/2018,03:00:00
UKA00559,9.97989,21/10/2018,04:00:00
UKA00559,12.85487,21/10/2018,05:00:00
UKA00559,17.57405,21/10/2018,06:00:00
UKA00559,26.35116,21/10/2018,07:00:00
UKA00559,22.93788,21/10/2018,08:00:00
UKA00559,14.96763,21/10/2018,09:00:00
UKA00559,12.58056,21/10/2018,10:00:00
UKA00559,13.6109,21/10/2018,11:00:00
UKA00559,12.47304,21/10/2018,12:00:00
UKA00559,11.49705,21/10/2018,13:00:00
UKA00559,10.35831,21/10/2018,14:00:00
UKA00559,13.12523,21/10/2018,15:00:00
UKA00559,18.11585,21/10/2018,16:00:00
UKA00559,19.36399,21/10/2018,17:00:00
UKA00559,19.31037,21/10/2018,18:00:00
UKA00559,28.58534,21/10/2018,19:00:00
UKA00559,32.16631,21/10/2018,20:00:00
UKA00559,24.89838,21/10/2018,21:00:00
UKA00559,23.75936,21/10/2018,22:00:00
UKA00559,13.94125,21/10/2018,23:00:00
UKA00559,14.32101,21/10/2018,24:00:00
UKA00559,11.01039,22/10/2018,01:00:00
UKA00559,10.72009,22/10/2018,02:00:00
UKA00559,18.63488,22/10/2018,03:00:00
UKA00559,35.31356,22/10/2018,04:00:00
UKA00559,48.40569,22/10/2018,05:00:00
UKA00559,64.66295,22/10/2018,06:00:00
UKA00559,58.82089,22/10/2018,07:00:00
UKA00559,62.75837,22/10/2018,08:00:00
UKA00559,50.58237,22/10/2018,09:00:00
UKA00559,37.7774,22/10/2018,10:00:00
UKA00559,20.24734,22/10/2018,11:00:00
UKA00559,18.406,22/10/2018,12:00:00
UKA00559,17.86358,22/10/2018,13:00:00
UKA00559,17.91998,22/10/2018,14:00:00
UKA00559,21.28732,22/10/2018,15:00:00
UKA00559,19.82381,22/10/2018,16:00:00
UKA00559,27.21316,22/10/2018,17:00:00
UKA00559,41.93789,22/10/2018,18:00:00
UKA00559,64.18217,22/10/2018,19:00:00
UKA00559,53.83321,22/10/2018,20:00:00
UKA00559,32.65231,22/10/2018,21:00:00
UKA00559,20.75418,22/10/2018,22:00:00
UKA00559,14.88653,22/10/2018,23:00:00
UKA00559,10.21296,22/10/2018,24:00:00
UKA00559,9.43058,23/10/2018,01:00:00
UKA00559,7.90667,23/10/2018,02:00:00
UKA00559,5.98432,23/10/2018,03:00:00
UKA00559,6.09317,23/10/2018,04:00:00
UKA00559,8.10693,23/10/2018,05:00:00
UKA00559,14.63654,23/10/2018,06:00:00
UKA00559,21.49335,23/10/2018,07:00:00
UKA00559,26.38868,23/10/2018,08:00:00
UKA00559,22.46715,23/10/2018,09:00:00
UKA00559,21.64634,23/10/2018,10:00:00
UKA00559,15.44218,23/10/2018,11:00:00
UKA00559,12.0723,23/10/2018,12:00:00
UKA00559,11.7493,23/10/2018,13:00:00
UKA00559,17.57046,23/10/2018,14:00:00
UKA00559,18.76596,23/10/2018,15:00:00
UKA00559,20.89111,23/10/2018,16:00:00
UKA00559,23.88483,23/10/2018,17:00:00
UKA00559,23.93886,23/10/2018,18:00:00
UKA00559,21.10908,23/10/2018,19:00:00
UKA00559,18.49679,23/10/2018,20:00:00
UKA00559,16.26691,23/10/2018,21:00:00
UKA00559,15.7781,23/10/2018,22:00:00
UKA00559,12.35155,23/10/2018,23:00:00
UKA00559,10.1205,23/10/2018,24:00:00
UKA00559,6.68394,24/10/2018,01:00:00
UKA00559,7.84645,24/10/2018,02:00:00
UKA00559,7.73761,24/10/2018,03:00:00
UKA00559,7.8457,24/10/2018,04:00:00
UKA00559,9.97171,24/10/2018,05:00:00
UKA00559,17.11099,24/10/2018,06:00:00
UKA00559,21.41649,24/10/2018,07:00:00
UKA00559,23.48361,24/10/2018,08:00:00
UKA00559,21.73832,24/10/2018,09:00:00
UKA00559,17.37372,24/10/2018,10:00:00
UKA00559,18.89773,24/10/2018,11:00:00
UKA00559,18.84404,24/10/2018,12:00:00
UKA00559,18.95356,24/10/2018,13:00:00
UKA00559,18.68358,24/10/2018,14:00:00
UKA00559,20.4792,24/10/2018,15:00:00
UKA00559,23.53506,24/10/2018,16:00:00
UKA00559,28.27967,24/10/2018,17:00:00
UKA00559,42.88352,24/10/2018,18:00:00
UKA00559,39.67127,24/10/2018,19:00:00
UKA00559,24.6863,24/10/2018,20:00:00
UKA00559,15.31354,24/10/2018,21:00:00
UKA00559,15.9675,24/10/2018,22:00:00
UKA00559,13.57028,24/10/2018,23:00:00
UKA00559,9.20854,24/10/2018,24:00:00
UKA00559,8.73253,25/10/2018,01:00:00
UKA00559,6.76631,25/10/2018,02:00:00
UKA00559,6.65762,25/10/2018,03:00:00
UKA00559,6.2209,25/10/2018,04:00:00
UKA00559,9.66038,25/10/2018,05:00:00
UKA00559,14.02661,25/10/2018,06:00:00
UKA00559,18.22939,25/10/2018,07:00:00
UKA00559,26.36094,25/10/2018,08:00:00
UKA00559,23.13812,25/10/2018,09:00:00
UKA00559,22.03986,25/10/2018,10:00:00
UKA00559,22.09731,25/10/2018,11:00:00
UKA00559,23.51845,25/10/2018,12:00:00
UKA00559,21.71794,25/10/2018,13:00:00
UKA00559,21.17236,25/10/2018,14:00:00
UKA00559,27.28483,25/10/2018,15:00:00
UKA00559,20.68338,25/10/2018,16:00:00
UKA00559,20.90376,25/10/2018,17:00:00
UKA00559,20.19218,25/10/2018,18:00:00
UKA00559,30.18296,25/10/2018,19:00:00
UKA00559,27.6182,25/10/2018,20:00:00
UKA00559,14.19038,25/10/2018,21:00:00
UKA00559,11.40683,25/10/2018,22:00:00
UKA00559,10.53308,25/10/2018,23:00:00
UKA00559,8.51389,25/10/2018,24:00:00
UKA00559,6.92292,26/10/2018,01:00:00
UKA00559,5.61015,26/10/2018,02:00:00
UKA00559,4.8087,26/10/2018,03:00:00
UKA00559,4.86359,26/10/2018,04:00:00
UKA00559,7.54286,26/10/2018,05:00:00
UKA00559,13.99311,26/10/2018,06:00:00
UKA00559,20.82663,26/10/2018,07:00:00
UKA00559,29.40433,26/10/2018,08:00:00
UKA00559,24.47824,26/10/2018,09:00:00
UKA00559,13.8206,26/10/2018,10:00:00
UKA00559,12.56386,26/10/2018,11:00:00
UKA00559,12.72755,26/10/2018,12:00:00
UKA00559,16.39073,26/10/2018,13:00:00
UKA00559,22.13011,26/10/2018,14:00:00
UKA00559,22.67255,26/10/2018,15:00:00
UKA00559,20.5451,26/10/2018,16:00:00
UKA00559,32.46631,26/10/2018,17:00:00
UKA00559,36.56149,26/10/2018,18:00:00
UKA00559,35.25768,26/10/2018,19:00:00
UKA00559,39.46738,26/10/2018,20:00:00
UKA00559,37.82704,26/10/2018,21:00:00
UKA00559,30.50277,26/10/2018,22:00:00
UKA00559,27.66125,26/10/2018,23:00:00
UKA00559,30.17296,26/10/2018,24:00:00
UKA00559,17.44648,27/10/2018,01:00:00
UKA00559,15.98654,27/10/2018,02:00:00
UKA00559,15.0013,27/10/2018,03:00:00
UKA00559,15.71305,27/10/2018,04:00:00
UKA00559,20.0382,27/10/2018,05:00:00
UKA00559,19.27169,27/10/2018,06:00:00
UKA00559,25.40275,27/10/2018,07:00:00
UKA00559,29.11766,27/10/2018,08:00:00
UKA00559,25.33039,27/10/2018,09:00:00
UKA00559,24.8307,27/10/2018,10:00:00
UKA00559,25.49044,27/10/2018,11:00:00
UKA00559,24.23384,27/10/2018,12:00:00
UKA00559,26.37446,27/10/2018,13:00:00
UKA00559,23.0967,27/10/2018,14:00:00
UKA00559,18.38972,27/10/2018,15:00:00
UKA00559,18.55709,27/10/2018,16:00:00
UKA00559,16.47842,27/10/2018,17:00:00
UKA00559,20.14761,27/10/2018,18:00:00
UKA00559,22.22856,27/10/2018,19:00:00
UKA00559,16.97148,27/10/2018,20:00:00
UKA00559,21.6796,27/10/2018,21:00:00
UKA00559,34.21458,27/10/2018,22:00:00
UKA00559,32.57364,27/10/2018,23:00:00
UKA00559,32.84709,27/10/2018,24:00:00
UKA00559,39.32711,28/10/2018,01:00:00
UKA00559,29.75348,28/10/2018,02:00:00
UKA00559,17.60154,28/10/2018,03:00:00
UKA00559,7.94969,28/10/2018,04:00:00
UKA00559,6.3597,28/10/2018,05:00:00
UKA00559,8.99231,28/10/2018,06:00:00
UKA00559,8.88262,28/10/2018,07:00:00
UKA00559,15.51559,28/10/2018,08:00:00
UKA00559,11.01559,28/10/2018,09:00:00
UKA00559,10.24447,28/10/2018,10:00:00
UKA00559,10.02451,28/10/2018,11:00:00
UKA00559,10.40817,28/10/2018,12:00:00
UKA00559,10.2466,28/10/2018,13:00:00
UKA00559,9.04028,28/10/2018,14:00:00
UKA00559,9.15186,28/10/2018,15:00:00
UKA00559,13.42989,28/10/2018,16:00:00
UKA00559,26.80907,28/10/2018,17:00:00
UKA00559,33.44761,28/10/2018,18:00:00
UKA00559,29.66531,28/10/2018,19:00:00
UKA00559,23.85215,28/10/2018,20:00:00
UKA00559,26.53924,28/10/2018,21:00:00
UKA00559,30.37863,28/10/2018,22:00:00
UKA00559,28.29517,28/10/2018,23:00:00
UKA00559,35.69856,28/10/2018,24:00:00
UKA00559,31.3413,29/10/2018,01:00:00
UKA00559,19.18538,29/10/2018,02:00:00
UKA00559,15.48674,29/10/2018,03:00:00
UKA00559,18.61861,29/10/2018,04:00:00
UKA00559,27.84295,29/10/2018,05:00:00
UKA00559,36.1307,29/10/2018,06:00:00
UKA00559,42.95946,29/10/2018,07:00:00
UKA00559,51.68697,29/10/2018,08:00:00
UKA00559,42.28763,29/10/2018,09:00:00
UKA00559,31.353,29/10/2018,10:00:00
UKA00559,26.64427,29/10/2018,11:00:00
UKA00559,17.71367,29/10/2018,12:00:00
UKA00559,20.46399,29/10/2018,13:00:00
UKA00559,17.01186,29/10/2018,14:00:00
UKA00559,15.14688,29/10/2018,15:00:00
UKA00559,18.82767,29/10/2018,16:00:00
UKA00559,33.81846,29/10/2018,17:00:00
UKA00559,55.50409,29/10/2018,18:00:00
UKA00559,58.99241,29/10/2018,19:00:00
UKA00559,61.44175,29/10/2018,20:00:00
UKA00559,57.37904,29/10/2018,21:00:00
UKA00559,55.14464,29/10/2018,22:00:00
UKA00559,50.84049,29/10/2018,23:00:00
UKA00559,38.22311,29/10/2018,24:00:00
UKA00559,30.50852,30/10/2018,01:00:00
UKA00559,20.16736,30/10/2018,02:00:00
UKA00559,26.72745,30/10/2018,03:00:00
UKA00559,28.38036,30/10/2018,04:00:00
UKA00559,30.47083,30/10/2018,05:00:00
UKA00559,38.82855,30/10/2018,06:00:00
UKA00559,39.81573,30/10/2018,07:00:00
UKA00559,41.01006,30/10/2018,08:00:00
UKA00559,40.76887,30/10/2018,09:00:00
UKA00559,37.23554,30/10/2018,10:00:00
UKA00559,31.35553,30/10/2018,11:00:00
UKA00559,26.19778,30/10/2018,12:00:00
UKA00559,23.07447,30/10/2018,13:00:00
UKA00559,25.77236,30/10/2018,14:00:00
UKA00559,31.55627,30/10/2018,15:00:00
UKA00559,32.76857,30/10/2018,16:00:00
UKA00559,32.55156,30/10/2018,17:00:00
UKA00559,43.7717,30/10/2018,18:00:00
UKA00559,54.88314,30/10/2018,19:00:00
UKA00559,51.56182,30/10/2018,20:00:00
UKA00559,43.38825,30/10/2018,21:00:00
UKA00559,40.91396,30/10/2018,22:00:00
UKA00559,36.07717,30/10/2018,23:00:00
UKA00559,27.2777,30/10/2018,24:00:00
UKA00559,22.17788,31/10/2018,01:00:00
UKA00559,13.43983,31/10/2018,02:00:00
UKA00559,14.98259,31/10/2018,03:00:00
UKA00559,17.79176,31/10/2018,04:00:00
UKA00559,16.91073,31/10/2018,05:00:00
UKA00559,24.4,31/10/2018,06:00:00
UKA00559,35.39783,31/10/2018,07:00:00
UKA00559,48.02832,31/10/2018,08:00:00
UKA00559,52.19812,31/10/2018,09:00:00
UKA00559,33.87937,31/10/2018,10:00:00
UKA00559,21.95652,31/10/2018,11:00:00
UKA00559,20.19459,31/10/2018,12:00:00
UKA00559,15.5201,31/10/2018,13:00:00
UKA00559,17.50621,31/10/2018,14:00:00
UKA00559,25.98788,31/10/2018,15:00:00
UKA00559,29.019,31/10/2018,16:00:00
UKA00559,33.03938,31/10/2018,17:00:00
UKA00559,29.18429,31/10/2018,18:00:00
UKA00559,29.7367,31/10/2018,19:00:00
UKA00559,29.35167,31/10/2018,20:00:00
UKA00559,28.69247,31/10/2018,21:00:00
UKA00559,30.89922,31/10/2018,22:00:00
UKA00559,37.12022,31/10/2018,23:00:00
UKA00559,36.84852,31/10/2018,24:00:00
UKA00559,36.556,01/11/2018,01:00:00
UKA00559,35.23272,01/11/2018,02:00:00
UKA00559,31.66867,01/11/2018,03:00:00
UKA00559,31.28159,01/11/2018,04:00:00
UKA00559,31.22399,01/11/2018,05:00:00
UKA00559,32.36514,01/11/2018,06:00:00
UKA00559,33.26413,01/11/2018,07:00:00
UKA00559,34.91261,01/11/2018,08:00:00
UKA00559,35.9212,01/11/2018,09:00:00
UKA00559,33.46891,01/11/2018,10:00:00
UKA00559,25.53004,01/11/2018,11:00:00
UKA00559,23.59815,01/11/2018,12:00:00
UKA00559,20.84285,01/11/2018,13:00:00
UKA00559,20.56937,01/11/2018,14:00:00
UKA00559,23.54715,01/11/2018,15:00:00
UKA00559,27.13772,01/11/2018,16:00:00
UKA00559,52.56414,01/11/2018,17:00:00
UKA00559,77.57302,01/11/2018,18:00:00
UKA00559,76.67384,01/11/2018,19:00:00
UKA00559,72.95129,01/11/2018,20:00:00
UKA00559,55.97933,01/11/2018,21:00:00
UKA00559,39.33769,01/11/2018,22:00:00
UKA00559,40.221,01/11/2018,23:00:00
UKA00559,25.59978,01/11/2018,24:00:00
UKA00559,13.92372,02/11/2018,01:00:00
UKA00559,10.31318,02/11/2018,02:00:00
UKA00559,11.43563,02/11/2018,03:00:00
UKA00559,13.86845,02/11/2018,04:00:00
UKA00559,10.66316,02/11/2018,05:00:00
UKA00559,13.4259,02/11/2018,06:00:00
UKA00559,27.57138,02/11/2018,07:00:00
UKA00559,43.12918,02/11/2018,08:00:00
UKA00559,46.1938,02/11/2018,09:00:00
UKA00559,31.57482,02/11/2018,10:00:00
UKA00559,19.15552,02/11/2018,11:00:00
UKA00559,19.49003,02/11/2018,12:00:00
UKA00559,15.62404,02/11/2018,13:00:00
UKA00559,11.651,02/11/2018,14:00:00
UKA00559,11.48798,02/11/2018,15:00:00
UKA00559,15.85455,02/11/2018,16:00:00
UKA00559,41.42246,02/11/2018,17:00:00
UKA00559,71.20583,02/11/2018,18:00:00
UKA00559,60.41718,02/11/2018,19:00:00
UKA00559,54.18976,02/11/2018,20:00:00
UKA00559,47.78626,02/11/2018,21:00:00
UKA00559,33.48235,02/11/2018,22:00:00
UKA00559,21.27035,02/11/2018,23:00:00
UKA00559,13.25886,02/11/2018,24:00:00
UKA00559,10.55085,03/11/2018,01:00:00
UKA00559,7.81869,03/11/2018,02:00:00
UKA00559,6.47245,03/11/2018,03:00:00
UKA00559,5.97515,03/11/2018,04:00:00
UKA00559,5.53191,03/11/2018,05:00:00
UKA00559,6.58315,03/11/2018,06:00:00
UKA00559,7.19157,03/11/2018,07:00:00
UKA00559,10.12401,03/11/2018,08:00:00
UKA00559,9.79005,03/11/2018,09:00:00
UKA00559,10.00973,03/11/2018,10:00:00
UKA00559,9.90018,03/11/2018,11:00:00
UKA00559,8.95965,03/11/2018,12:00:00
UKA00559,8.57262,03/11/2018,13:00:00
UKA00559,9.015,03/11/2018,14:00:00
UKA00559,9.01571,03/11/2018,15:00:00
UKA00559,10.06809,03/11/2018,16:00:00
UKA00559,9.4036,03/11/2018,17:00:00
UKA00559,11.34072,03/11/2018,18:00:00
UKA00559,13.8807,03/11/2018,19:00:00
UKA00559,14.93966,03/11/2018,20:00:00
UKA00559,12.1717,03/11/2018,21:00:00
UKA00559,8.51899,03/11/2018,22:00:00
UKA00559,8.13225,03/11/2018,23:00:00
UKA00559,7.3572,03/11/2018,24:00:00
UKA00559,6.72142,04/11/2018,01:00:00
UKA00559,6.20422,04/11/2018,02:00:00
UKA00559,5.59512,04/11/2018,03:00:00
UKA00559,5.15179,04/11/2018,04:00:00
UKA00559,4.54215,04/11/2018,05:00:00
UKA00559,4.87461,04/11/2018,06:00:00
UKA00559,5.09635,04/11/2018,07:00:00
UKA00559,7.03511,04/11/2018,08:00:00
UKA00559,6.36945,04/11/2018,09:00:00
UKA00559,8.41952,04/11/2018,10:00:00
UKA00559,11.07717,04/11/2018,11:00:00
UKA00559,12.57245,04/11/2018,12:00:00
UKA00559,13.84569,04/11/2018,13:00:00
UKA00559,15.34126,04/11/2018,14:00:00
UKA00559,15.066,04/11/2018,15:00:00
UKA00559,15.7846,04/11/2018,16:00:00
UKA00559,15.56683,04/11/2018,17:00:00
UKA00559,20.55378,04/11/2018,18:00:00
UKA00559,22.04788,04/11/2018,19:00:00
UKA00559,25.26033,04/11/2018,20:00:00
UKA00559,25.97627,04/11/2018,21:00:00
UKA00559,21.77394,04/11/2018,22:00:00
UKA00559,14.12934,04/11/2018,23:00:00
UKA00559,13.74218,04/11/2018,24:00:00
UKA00559,17.01998,05/11/2018,01:00:00
UKA00559,19.01829,05/11/2018,02:00:00
UKA00559,17.64981,05/11/2018,03:00:00
UKA00559,14.32014,05/11/2018,04:00:00
UKA00559,14.70727,05/11/2018,05:00:00
UKA00559,15.76093,05/11/2018,06:00:00
UKA00559,15.91766,05/11/2018,07:00:00
UKA00559,22.01152,05/11/2018,08:00:00
UKA00559,29.7448,05/11/2018,09:00:00
UKA00559,24.43578,05/11/2018,10:00:00
UKA00559,21.99065,05/11/2018,11:00:00
UKA00559,21.77326,05/11/2018,12:00:00
UKA00559,19.17381,05/11/2018,13:00:00
UKA00559,19.78468,05/11/2018,14:00:00
UKA00559,27.76242,05/11/2018,15:00:00
UKA00559,35.56453,05/11/2018,16:00:00
UKA00559,48.71531,05/11/2018,17:00:00
UKA00559,49.37566,05/11/2018,18:00:00
UKA00559,46.58395,05/11/2018,19:00:00
UKA00559,45.86384,05/11/2018,20:00:00
UKA00559,43.25258,05/11/2018,21:00:00
UKA00559,40.779,05/11/2018,22:00:00
UKA00559,39.84802,05/11/2018,23:00:00
UKA00559,39.11613,05/11/2018,24:00:00
UKA00559,37.87463,06/11/2018,01:00:00
UKA00559,35.51772,06/11/2018,02:00:00
UKA00559,35.11141,06/11/2018,03:00:00
UKA00559,22.62439,06/11/2018,04:00:00
UKA00559,18.50998,06/11/2018,05:00:00
UKA00559,14.78419,06/11/2018,06:00:00
UKA00559,16.88892,06/11/2018,07:00:00
UKA00559,18.94208,06/11/2018,08:00:00
UKA00559,20.71116,06/11/2018,09:00:00
UKA00559,18.48995,06/11/2018,10:00:00
UKA00559,16.82928,06/11/2018,11:00:00
UKA00559,15.1071,06/11/2018,12:00:00
UKA00559,12.9974,06/11/2018,13:00:00
UKA00559,12.44291,06/11/2018,14:00:00
UKA00559,16.28038,06/11/2018,15:00:00
UKA00559,18.94193,06/11/2018,16:00:00
UKA00559,19.00188,06/11/2018,17:00:00
UKA00559,21.33586,06/11/2018,18:00:00
UKA00559,16.55731,06/11/2018,19:00:00
UKA00559,12.88744,06/11/2018,20:00:00
UKA00559,11.39016,06/11/2018,21:00:00
UKA00559,9.33545,06/11/2018,22:00:00
UKA00559,7.44553,06/11/2018,23:00:00
UKA00559,6.94602,06/11/2018,24:00:00
UKA00559,5.93716,07/11/2018,01:00:00
UKA00559,5.19379,07/11/2018,02:00:00
UKA00559,4.06129,07/11/2018,03:00:00
UKA00559,4.11794,07/11/2018,04:00:00
UKA00559,4.34149,07/11/2018,05:00:00
UKA00559,5.17459,07/11/2018,06:00:00
UKA00559,6.95487,07/11/2018,07:00:00
UKA00559,10.51513,07/11/2018,08:00:00
UKA00559,14.51818,07/11/2018,09:00:00
UKA00559,12.35062,07/11/2018,10:00:00
UKA00559,9.68059,07/11/2018,11:00:00
UKA00559,12.29828,07/11/2018,12:00:00
UKA00559,13.79837,07/11/2018,13:00:00
UKA00559,10.90447,07/11/2018,14:00:00
UKA00559,14.58343,07/11/2018,15:00:00
UKA00559,18.33121,07/11/2018,16:00:00
UKA00559,25.94298,07/11/2018,17:00:00
UKA00559,31.0038,07/11/2018,18:00:00
UKA00559,27.10574,07/11/2018,19:00:00
UKA00559,29.16113,07/11/2018,20:00:00
UKA00559,25.26865,07/11/2018,21:00:00
UKA00559,15.52966,07/11/2018,22:00:00
UKA00559,7.40214,07/11/2018,23:00:00
UKA00559,4.28548,07/11/2018,24:00:00
UKA00559,4.3103,08/11/2018,01:00:00
UKA00559,5.79541,08/11/2018,02:00:00
UKA00559,7.47002,08/11/2018,03:00:00
UKA00559,7.07895,08/11/2018,04:00:00
UKA00559,8.91931,08/11/2018,05:00:00
UKA00559,10.47932,08/11/2018,06:00:00
UKA00559,12.65334,08/11/2018,07:00:00
UKA00559,21.95733,08/11/2018,08:00:00
UKA00559,21.84022,08/11/2018,09:00:00
UKA00559,20.33713,08/11/2018,10:00:00
UKA00559,12.1481,08/11/2018,11:00:00
UKA00559,14.43415,08/11/2018,12:00:00
UKA00559,15.10294,08/11/2018,13:00:00
UKA00559,10.64141,08/11/2018,14:00:00
UKA00559,12.64843,08/11/2018,15:00:00
UKA00559,16.04815,08/11/2018,16:00:00
UKA00559,18.22526,08/11/2018,17:00:00
UKA00559,21.73473,08/11/2018,18:00:00
UKA00559,20.44884,08/11/2018,19:00:00
UKA00559,20.22885,08/11/2018,20:00:00
UKA00559,18.00283,08/11/2018,21:00:00
UKA00559,16.33274,08/11/2018,22:00:00
UKA00559,15.16281,08/11/2018,23:00:00
UKA00559,13.26946,08/11/2018,24:00:00
UKA00559,15.04034,09/11/2018,01:00:00
UKA00559,15.93183,09/11/2018,02:00:00
UKA00559,13.62545,09/11/2018,03:00:00
UKA00559,14.57553,09/11/2018,04:00:00
UKA00559,10.77787,09/11/2018,05:00:00
UKA00559,10.21661,09/11/2018,06:00:00
UKA00559,13.1187,09/11/2018,07:00:00
UKA00559,17.13326,09/11/2018,08:00:00
UKA00559,21.42073,09/11/2018,09:00:00
UKA00559,20.53136,09/11/2018,10:00:00
UKA00559,16.57099,09/11/2018,11:00:00
UKA00559,18.69191,09/11/2018,12:00:00
UKA00559,17.35568,09/11/2018,13:00:00
UKA00559,16.6879,09/11/2018,14:00:00
UKA00559,12.05573,09/11/2018,15:00:00
UKA00559,15.06836,09/11/2018,16:00:00
UKA00559,12.72535,09/11/2018,17:00:00
UKA00559,11.71891,09/11/2018,18:00:00
UKA00559,11.66372,09/11/2018,19:00:00
UKA00559,8.92853,09/11/2018,20:00:00
UKA00559,6.86364,09/11/2018,21:00:00
UKA00559,6.52882,09/11/2018,22:00:00
UKA00559,6.52966,09/11/2018,23:00:00
UKA00559,6.58619,09/11/2018,24:00:00
UKA00559,6.85745,10/11/2018,01:00:00
UKA00559,5.73883,10/11/2018,02:00:00
UKA00559,4.91846,10/11/2018,03:00:00
UKA00559,5.31074,10/11/2018,04:00:00
UKA00559,4.86303,10/11/2018,05:00:00
UKA00559,5.08783,10/11/2018,06:00:00
UKA00559,7.32449,10/11/2018,07:00:00
UKA00559,10.45452,10/11/2018,08:00:00
UKA00559,13.47042,10/11/2018,09:00:00
UKA00559,14.96575,10/11/2018,10:00:00
UKA00559,12.90104,10/11/2018,11:00:00
UKA00559,11.34376,10/11/2018,12:00:00
UKA00559,10.72856,10/11/2018,13:00:00
UKA00559,9.10812,10/11/2018,14:00:00
UKA00559,10.50788,10/11/2018,15:00:00
UKA00559,15.81811,10/11/2018,16:00:00
UKA00559,27.55896,10/11/2018,17:00:00
UKA00559,27.50113,10/11/2018,18:00:00
UKA00559,23.53523,10/11/2018,19:00:00
UKA00559,19.11905,10/11/2018,20:00:00
UKA00559,28.06656,10/11/2018,21:00:00
UKA00559,18.00141,10/11/2018,22:00:00
UKA00559,18.22518,10/11/2018,23:00:00
UKA00559,17.5537,10/11/2018,24:00:00
UKA00559,14.93065,11/11/2018,01:00:00
UKA00559,7.76249,11/11/2018,02:00:00
UKA00559,5.8786,11/11/2018,03:00:00
UKA00559,5.37383,11/11/2018,04:00:00
UKA00559,5.43127,11/11/2018,05:00:00
UKA00559,4.47705,11/11/2018,06:00:00
UKA00559,4.47863,11/11/2018,07:00:00
UKA00559,6.10183,11/11/2018,08:00:00
UKA00559,6.71584,11/11/2018,09:00:00
UKA00559,6.1006,11/11/2018,10:00:00
UKA00559,5.93005,11/11/2018,11:00:00
UKA00559,5.53945,11/11/2018,12:00:00
UKA00559,6.09937,11/11/2018,13:00:00
UKA00559,6.49226,11/11/2018,14:00:00
UKA00559,9.4046,11/11/2018,15:00:00
UKA00559,12.09424,11/11/2018,16:00:00
UKA00559,24.80654,11/11/2018,17:00:00
UKA00559,21.72682,11/11/2018,18:00:00
UKA00559,32.47272,11/11/2018,19:00:00
UKA00559,18.2535,11/11/2018,20:00:00
UKA00559,15.50924,11/11/2018,21:00:00
UKA00559,17.35479,11/11/2018,22:00:00
UKA00559,13.21337,11/11/2018,23:00:00
UKA00559,14.38783,11/11/2018,24:00:00
UKA00559,10.01852,12/11/2018,01:00:00
UKA00559,5.23202,12/11/2018,02:00:00
UKA00559,5.49442,12/11/2018,03:00:00
UKA00559,6.72851,12/11/2018,04:00:00
UKA00559,6.61611,12/11/2018,05:00:00
UKA00559,12.39126,12/11/2018,06:00:00
UKA00559,24.22339,12/11/2018,07:00:00
UKA00559,37.05058,12/11/2018,08:00:00
UKA00559,32.99383,12/11/2018,09:00:00
UKA00559,19.89075,12/11/2018,10:00:00
UKA00559,11.71235,12/11/2018,11:00:00
UKA00559,11.26687,12/11/2018,12:00:00
UKA00559,9.417,12/11/2018,13:00:00
UKA00559,7.51119,12/11/2018,14:00:00
UKA00559,8.12877,12/11/2018,15:00:00
UKA00559,12.72757,12/11/2018,16:00:00
UKA00559,15.86801,12/11/2018,17:00:00
UKA00559,28.59702,12/11/2018,18:00:00
UKA00559,20.69161,12/11/2018,19:00:00
UKA00559,15.30779,12/11/2018,20:00:00
UKA00559,11.66433,12/11/2018,21:00:00
UKA00559,8.07482,12/11/2018,22:00:00
UKA00559,5.94385,12/11/2018,23:00:00
UKA00559,4.70958,12/11/2018,24:00:00
UKA00559,2.99319,13/11/2018,01:00:00
UKA00559,2.16923,13/11/2018,02:00:00
UKA00559,2.63826,13/11/2018,03:00:00
UKA00559,2.52532,13/11/2018,04:00:00
UKA00559,3.42427,13/11/2018,05:00:00
UKA00559,5.50334,13/11/2018,06:00:00
UKA00559,8.59356,13/11/2018,07:00:00
UKA00559,21.23267,13/11/2018,08:00:00
UKA00559,25.10265,13/11/2018,09:00:00
UKA00559,17.18049,13/11/2018,10:00:00
UKA00559,13.24715,13/11/2018,11:00:00
UKA00559,9.99091,13/11/2018,12:00:00
UKA00559,7.91442,13/11/2018,13:00:00
UKA00559,5.83646,13/11/2018,14:00:00
UKA00559,8.75865,13/11/2018,15:00:00
UKA00559,19.54495,13/11/2018,16:00:00
UKA00559,27.01699,13/11/2018,17:00:00
UKA00559,28.70176,13/11/2018,18:00:00
UKA00559,36.00429,13/11/2018,19:00:00
UKA00559,30.94905,13/11/2018,20:00:00
UKA00559,19.82704,13/11/2018,21:00:00
UKA00559,13.48003,13/11/2018,22:00:00
UKA00559,10.61514,13/11/2018,23:00:00
UKA00559,6.8502,13/11/2018,24:00:00
UKA00559,5.09774,14/11/2018,01:00:00
UKA00559,2.99611,14/11/2018,02:00:00
UKA00559,2.41611,14/11/2018,03:00:00
UKA00559,2.07899,14/11/2018,04:00:00
UKA00559,2.58514,14/11/2018,05:00:00
UKA00559,3.59781,14/11/2018,06:00:00
UKA00559,5.62428,14/11/2018,07:00:00
UKA00559,10.96792,14/11/2018,08:00:00
UKA00559,14.17082,14/11/2018,09:00:00
UKA00559,11.41402,14/11/2018,10:00:00
UKA00559,7.86848,14/11/2018,11:00:00
UKA00559,7.58921,14/11/2018,12:00:00
UKA00559,8.49007,14/11/2018,13:00:00
UKA00559,10.34657,14/11/2018,14:00:00
UKA00559,13.442,14/11/2018,15:00:00
UKA00559,23.45616,14/11/2018,16:00:00
UKA00559,52.02179,14/11/2018,17:00:00
UKA00559,45.0737,14/11/2018,18:00:00
UKA00559,52.50743,14/11/2018,19:00:00
UKA00559,28.6317,14/11/2018,20:00:00
UKA00559,18.50555,14/11/2018,21:00:00
UKA00559,13.89394,14/11/2018,22:00:00
UKA00559,15.35647,14/11/2018,23:00:00
UKA00559,13.4435,14/11/2018,24:00:00
UKA00559,10.65421,15/11/2018,01:00:00
UKA00559,8.7019,15/11/2018,02:00:00
UKA00559,7.31439,15/11/2018,03:00:00
UKA00559,8.3279,15/11/2018,04:00:00
UKA00559,10.01554,15/11/2018,05:00:00
UKA00559,11.59094,15/11/2018,06:00:00
UKA00559,19.86165,15/11/2018,07:00:00
UKA00559,29.24489,15/11/2018,08:00:00
UKA00559,33.06089,15/11/2018,09:00:00
UKA00559,22.93919,15/11/2018,10:00:00
UKA00559,13.21299,15/11/2018,11:00:00
UKA00559,11.9718,15/11/2018,12:00:00
UKA00559,12.70579,15/11/2018,13:00:00
UKA00559,14.05761,15/11/2018,14:00:00
UKA00559,18.27857,15/11/2018,15:00:00
UKA00559,27.11546,15/11/2018,16:00:00
UKA00559,36.17414,15/11/2018,17:00:00
UKA00559,38.75305,15/11/2018,18:00:00
UKA00559,33.0237,15/11/2018,19:00:00
UKA00559,22.55887,15/11/2018,20:00:00
UKA00559,15.86605,15/11/2018,21:00:00
UKA00559,15.69877,15/11/2018,22:00:00
UKA00559,16.54196,15/11/2018,23:00:00
UKA00559,16.31839,15/11/2018,24:00:00
UKA00559,16.8877,16/11/2018,01:00:00
UKA00559,12.38298,16/11/2018,02:00:00
UKA00559,12.55247,16/11/2018,03:00:00
UKA00559,12.60828,16/11/2018,04:00:00
UKA00559,13.62274,16/11/2018,05:00:00
UKA00559,15.19693,16/11/2018,06:00:00
UKA00559,17.66756,16/11/2018,07:00:00
UKA00559,23.72829,16/11/2018,08:00:00
UKA00559,26.15938,16/11/2018,09:00:00
UKA00559,25.04311,16/11/2018,10:00:00
UKA00559,24.49486,16/11/2018,11:00:00
UKA00559,27.09044,16/11/2018,12:00:00
UKA00559,23.11781,16/11/2018,13:00:00
UKA00559,19.85882,16/11/2018,14:00:00
UKA00559,24.5679,16/11/2018,15:00:00
UKA00559,25.74521,16/11/2018,16:00:00
UKA00559,26.99421,16/11/2018,17:00:00
UKA00559,34.08612,16/11/2018,18:00:00
UKA00559,31.67147,16/11/2018,19:00:00
UKA00559,23.28286,16/11/2018,20:00:00
UKA00559,21.48933,16/11/2018,21:00:00
UKA00559,19.86271,16/11/2018,22:00:00
UKA00559,21.15856,16/11/2018,23:00:00
UKA00559,18.96797,16/11/2018,24:00:00
UKA00559,16.74168,17/11/2018,01:00:00
UKA00559,14.33901,17/11/2018,02:00:00
UKA00559,15.87895,17/11/2018,03:00:00
UKA00559,17.73792,17/11/2018,04:00:00
UKA00559,16.78019,17/11/2018,05:00:00
UKA00559,12.55562,17/11/2018,06:00:00
UKA00559,17.39772,17/11/2018,07:00:00
UKA00559,22.29439,17/11/2018,08:00:00
UKA00559,21.21015,17/11/2018,09:00:00
UKA00559,26.373,17/11/2018,10:00:00
UKA00559,27.64384,17/11/2018,11:00:00
UKA00559,25.05914,17/11/2018,12:00:00
UKA00559,24.38178,17/11/2018,13:00:00
UKA00559,23.43027,17/11/2018,14:00:00
UKA00559,27.10048,17/11/2018,15:00:00
UKA00559,37.44292,17/11/2018,16:00:00
UKA00559,47.67636,17/11/2018,17:00:00
UKA00559,47.51455,17/11/2018,18:00:00
UKA00559,45.61742,17/11/2018,19:00:00
UKA00559,33.77581,17/11/2018,20:00:00
UKA00559,35.35457,17/11/2018,21:00:00
UKA00559,40.69868,17/11/2018,22:00:00
UKA00559,34.67307,17/11/2018,23:00:00
UKA00559,29.84292,17/11/2018,24:00:00
UKA00559,29.43855,18/11/2018,01:00:00
UKA00559,25.30911,18/11/2018,02:00:00
UKA00559,21.68661,18/11/2018,03:00:00
UKA00559,19.37698,18/11/2018,04:00:00
UKA00559,15.94005,18/11/2018,05:00:00
UKA00559,16.16542,18/11/2018,06:00:00
UKA00559,16.89653,18/11/2018,07:00:00
UKA00559,18.35547,18/11/2018,08:00:00
UKA00559,20.93797,18/11/2018,09:00:00
UKA00559,20.4763,18/11/2018,10:00:00
UKA00559,20.1309,18/11/2018,11:00:00
UKA00559,18.72966,18/11/2018,12:00:00
UKA00559,16.59595,18/11/2018,13:00:00
UKA00559,17.61013,18/11/2018,14:00:00
UKA00559,18.91231,18/11/2018,15:00:00
UKA00559,19.98762,18/11/2018,16:00:00
UKA00559,22.75159,18/11/2018,17:00:00
UKA00559,27.70455,18/11/2018,18:00:00
UKA00559,28.66703,18/11/2018,19:00:00
UKA00559,30.91731,18/11/2018,20:00:00
UKA00559,25.90995,18/11/2018,21:00:00
UKA00559,23.32146,18/11/2018,22:00:00
UKA00559,17.01236,18/11/2018,23:00:00
UKA00559,14.6455,18/11/2018,24:00:00
UKA00559,11.56919,19/11/2018,01:00:00
UKA00559,11.11813,19/11/2018,02:00:00
UKA00559,10.53604,19/11/2018,03:00:00
UKA00559,7.60523,19/11/2018,04:00:00
UKA00559,7.09814,19/11/2018,05:00:00
UKA00559,8.16784,19/11/2018,06:00:00
UKA00559,12.72801,19/11/2018,07:00:00
UKA00559,21.7425,19/11/2018,08:00:00
UKA00559,30.23126,19/11/2018,09:00:00
UKA00559,20.43923,19/11/2018,10:00:00
UKA00559,15.64985,19/11/2018,11:00:00
UKA00559,13.79266,19/11/2018,12:00:00
UKA00559,14.86404,19/11/2018,13:00:00
UKA00559,14.92363,19/11/2018,14:00:00
UKA00559,22.12538,19/11/2018,15:00:00
UKA00559,20.44204,19/11/2018,16:00:00
UKA00559,20.16277,19/11/2018,17:00:00
UKA00559,21.00268,19/11/2018,18:00:00
UKA00559,19.25836,19/11/2018,19:00:00
UKA00559,17.56871,19/11/2018,20:00:00
UKA00559,13.96482,19/11/2018,21:00:00
UKA00559,10.36234,19/11/2018,22:00:00
UKA00559,11.26562,19/11/2018,23:00:00
UKA00559,12.00095,19/11/2018,24:00:00
UKA00559,10.29498,20/11/2018,01:00:00
UKA00559,7.88914,20/11/2018,02:00:00
UKA00559,7.38207,20/11/2018,03:00:00
UKA00559,7.10059,20/11/2018,04:00:00
UKA00559,7.72045,20/11/2018,05:00:00
UKA00559,13.30193,20/11/2018,06:00:00
UKA00559,19.21539,20/11/2018,07:00:00
UKA00559,28.28988,20/11/2018,08:00:00
UKA00559,31.65826,20/11/2018,09:00:00
UKA00559,28.55035,20/11/2018,10:00:00
UKA00559,20.38817,20/11/2018,11:00:00
UKA00559,15.88564,20/11/2018,12:00:00
UKA00559,17.68754,20/11/2018,13:00:00
UKA00559,16.61524,20/11/2018,14:00:00
UKA00559,18.5295,20/11/2018,15:00:00
UKA00559,22.25088,20/11/2018,16:00:00
UKA00559,25.06935,20/11/2018,17:00:00
UKA00559,25.62422,20/11/2018,18:00:00
UKA00559,26.86472,20/11/2018,19:00:00
UKA00559,26.85637,20/11/2018,20:00:00
UKA00559,20.957,20/11/2018,21:00:00
UKA00559,18.03061,20/11/2018,22:00:00
UKA00559,18.9912,20/11/2018,23:00:00
UKA00559,14.59816,20/11/2018,24:00:00
UKA00559,14.4335,21/11/2018,01:00:00
UKA00559,10.29757,21/11/2018,02:00:00
UKA00559,9.58406,21/11/2018,03:00:00
UKA00559,9.01943,21/11/2018,04:00:00
UKA00559,11.89473,21/11/2018,05:00:00
UKA00559,16.28955,21/11/2018,06:00:00
UKA00559,20.00139,21/11/2018,07:00:00
UKA00559,20.6817,21/11/2018,08:00:00
UKA00559,25.56432,21/11/2018,09:00:00
UKA00559,28.66894,21/11/2018,10:00:00
UKA00559,28.21104,21/11/2018,11:00:00
UKA00559,25.17782,21/11/2018,12:00:00
UKA00559,26.41514,21/11/2018,13:00:00
UKA00559,30.41438,21/11/2018,14:00:00
UKA00559,26.42143,21/11/2018,15:00:00
UKA00559,25.18253,21/11/2018,16:00:00
UKA00559,28.05856,21/11/2018,17:00:00
UKA00559,34.03013,21/11/2018,18:00:00
UKA00559,39.27189,21/11/2018,19:00:00
UKA00559,40.56862,21/11/2018,20:00:00
UKA00559,39.3209,21/11/2018,21:00:00
UKA00559,40.7118,21/11/2018,22:00:00
UKA00559,41.19489,21/11/2018,23:00:00
UKA00559,41.17542,21/11/2018,24:00:00
UKA00559,39.81658,22/11/2018,01:00:00
UKA00559,33.94327,22/11/2018,02:00:00
UKA00559,33.00717,22/11/2018,03:00:00
UKA00559,32.15251,22/11/2018,04:00:00
UKA00559,32.15608,22/11/2018,05:00:00
UKA00559,32.86932,22/11/2018,06:00:00
UKA00559,39.86456,22/11/2018,07:00:00
UKA00559,45.27762,22/11/2018,08:00:00
UKA00559,56.61754,22/11/2018,09:00:00
UKA00559,56.11024,22/11/2018,10:00:00
UKA00559,48.99025,22/11/2018,11:00:00
UKA00559,47.54395,22/11/2018,12:00:00
UKA00559,46.75329,22/11/2018,13:00:00
UKA00559,45.92657,22/11/2018,14:00:00
UKA00559,47.72366,22/11/2018,15:00:00
UKA00559,50.1423,22/11/2018,16:00:00
UKA00559,48.9671,22/11/2018,17:00:00
UKA00559,42.99633,22/11/2018,18:00:00
UKA00559,42.14,22/11/2018,19:00:00
UKA00559,41.84049,22/11/2018,20:00:00
UKA00559,39.41603,22/11/2018,21:00:00
UKA00559,37.20888,22/11/2018,22:00:00
UKA00559,37.17351,22/11/2018,23:00:00
UKA00559,33.03211,22/11/2018,24:00:00
UKA00559,32.56491,23/11/2018,01:00:00
UKA00559,33.84177,23/11/2018,02:00:00
UKA00559,35.12774,23/11/2018,03:00:00
UKA00559,34.16399,23/11/2018,04:00:00
UKA00559,32.0888,23/11/2018,05:00:00
UKA00559,32.42936,23/11/2018,06:00:00
UKA00559,33.53481,23/11/2018,07:00:00
UKA00559,39.80401,23/11/2018,08:00:00
UKA00559,37.6551,23/11/2018,09:00:00
UKA00559,37.26513,23/11/2018,10:00:00
UKA00559,38.26191,23/11/2018,11:00:00
UKA00559,38.10169,23/11/2018,12:00:00
UKA00559,37.78757,23/11/2018,13:00:00
UKA00559,42.51835,23/11/2018,14:00:00
UKA00559,42.27588,23/11/2018,15:00:00
UKA00559,44.82116,23/11/2018,16:00:00
UKA00559,44.85534,23/11/2018,17:00:00
UKA00559,49.81526,23/11/2018,18:00:00
UKA00559,48.20421,23/11/2018,19:00:00
UKA00559,47.21539,23/11/2018,20:00:00
UKA00559,40.60583,23/11/2018,21:00:00
UKA00559,34.91141,23/11/2018,22:00:00
UKA00559,31.13461,23/11/2018,23:00:00
UKA00559,34.12862,23/11/2018,24:00:00
UKA00559,28.74127,24/11/2018,01:00:00
UKA00559,29.19265,24/11/2018,02:00:00
UKA00559,27.19951,24/11/2018,03:00:00
UKA00559,25.50694,24/11/2018,04:00:00
UKA00559,20.93533,24/11/2018,05:00:00
UKA00559,17.71831,24/11/2018,06:00:00
UKA00559,14.95287,24/11/2018,07:00:00
UKA00559,16.41951,24/11/2018,08:00:00
UKA00559,21.49399,24/11/2018,09:00:00
UKA00559,23.74228,24/11/2018,10:00:00
UKA00559,23.74467,24/11/2018,11:00:00
UKA00559,23.12221,24/11/2018,12:00:00
UKA00559,24.255,24/11/2018,13:00:00
UKA00559,23.69045,24/11/2018,14:00:00
UKA00559,23.58273,24/11/2018,15:00:00
UKA00559,22.67863,24/11/2018,16:00:00
UKA00559,25.8962,24/11/2018,17:00:00
UKA00559,28.55171,24/11/2018,18:00:00
UKA00559,30.58299,24/11/2018,19:00:00
UKA00559,26.6901,24/11/2018,20:00:00
UKA00559,25.27935,24/11/2018,21:00:00
UKA00559,25.95669,24/11/2018,22:00:00
UKA00559,25.73103,24/11/2018,23:00:00
UKA00559,32.9541,24/11/2018,24:00:00
UKA00559,32.88795,25/11/2018,01:00:00
UKA00559,31.3077,25/11/2018,02:00:00
UKA00559,31.72128,25/11/2018,03:00:00
UKA00559,23.93364,25/11/2018,04:00:00
UKA00559,22.97426,25/11/2018,05:00:00
UKA00559,22.6348,25/11/2018,06:00:00
UKA00559,20.71548,25/11/2018,07:00:00
UKA00559,19.9792,25/11/2018,08:00:00
UKA00559,22.79097,25/11/2018,09:00:00
UKA00559,19.691,25/11/2018,10:00:00
UKA00559,20.14047,25/11/2018,11:00:00
UKA00559,19.40576,25/11/2018,12:00:00
UKA00559,18.78725,25/11/2018,13:00:00
UKA00559,20.59284,25/11/2018,14:00:00
UKA00559,22.51398,25/11/2018,15:00:00
UKA00559,25.6761,25/11/2018,16:00:00
UKA00559,37.86996,25/11/2018,17:00:00
UKA00559,47.84443,25/11/2018,18:00:00
UKA00559,42.43664,25/11/2018,19:00:00
UKA00559,40.80181,25/11/2018,20:00:00
UKA00559,40.63468,25/11/2018,21:00:00
UKA00559,39.39659,25/11/2018,22:00:00
UKA00559,33.30196,25/11/2018,23:00:00
UKA00559,23.76395,25/11/2018,24:00:00
UKA00559,17.76719,26/11/2018,01:00:00
UKA00559,21.60649,26/11/2018,02:00:00
UKA00559,18.63288,26/11/2018,03:00:00
UKA00559,14.39765,26/11/2018,04:00:00
UKA00559,14.62367,26/11/2018,05:00:00
UKA00559,18.23752,26/11/2018,06:00:00
UKA00559,25.29321,26/11/2018,07:00:00
UKA00559,36.80774,26/11/2018,08:00:00
UKA00559,34.65413,26/11/2018,09:00:00
UKA00559,30.97914,26/11/2018,10:00:00
UKA00559,26.91929,26/11/2018,11:00:00
UKA00559,33.3536,26/11/2018,12:00:00
UKA00559,30.36053,26/11/2018,13:00:00
UKA00559,30.58808,26/11/2018,14:00:00
UKA00559,26.24698,26/11/2018,15:00:00
UKA00559,35.67479,26/11/2018,16:00:00
UKA00559,55.08278,26/11/2018,17:00:00
UKA00559,65.56089,26/11/2018,18:00:00
UKA00559,63.65794,26/11/2018,19:00:00
UKA00559,59.60931,26/11/2018,20:00:00
UKA00559,58.15475,26/11/2018,21:00:00
UKA00559,54.2697,26/11/2018,22:00:00
UKA00559,51.98187,26/11/2018,23:00:00
UKA00559,46.59343,26/11/2018,24:00:00
UKA00559,38.44264,27/11/2018,01:00:00
UKA00559,34.44162,27/11/2018,02:00:00
UKA00559,34.46986,27/11/2018,03:00:00
UKA00559,38.42,27/11/2018,04:00:00
UKA00559,43.36256,27/11/2018,05:00:00
UKA00559,42.06651,27/11/2018,06:00:00
UKA00559,41.15257,27/11/2018,07:00:00
UKA00559,30.26486,27/11/2018,08:00:00
UKA00559,26.80925,27/11/2018,09:00:00
UKA00559,24.10451,27/11/2018,10:00:00
UKA00559,22.29884,27/11/2018,11:00:00
UKA00559,21.51021,27/11/2018,12:00:00
UKA00559,25.57722,27/11/2018,13:00:00
UKA00559,29.13663,27/11/2018,14:00:00
UKA00559,30.9998,27/11/2018,15:00:00
UKA00559,30.99916,27/11/2018,16:00:00
UKA00559,26.25719,27/11/2018,17:00:00
UKA00559,24.28029,27/11/2018,18:00:00
UKA00559,32.58433,27/11/2018,19:00:00
UKA00559,29.25542,27/11/2018,20:00:00
UKA00559,34.33592,27/11/2018,21:00:00
UKA00559,30.21445,27/11/2018,22:00:00
UKA00559,24.85026,27/11/2018,23:00:00
UKA00559,24.56771,27/11/2018,24:00:00
UKA00559,20.86482,28/11/2018,01:00:00
UKA00559,11.14765,28/11/2018,02:00:00
UKA00559,8.98224,28/11/2018,03:00:00
UKA00559,6.83518,28/11/2018,04:00:00
UKA00559,6.15745,28/11/2018,05:00:00
UKA00559,8.75613,28/11/2018,06:00:00
UKA00559,10.28115,28/11/2018,07:00:00
UKA00559,15.08254,28/11/2018,08:00:00
UKA00559,17.90637,28/11/2018,09:00:00
UKA00559,12.20178,28/11/2018,10:00:00
UKA00559,10.39351,28/11/2018,11:00:00
UKA00559,10.67574,28/11/2018,12:00:00
UKA00559,9.09427,28/11/2018,13:00:00
UKA00559,8.86817,28/11/2018,14:00:00
UKA00559,9.03783,28/11/2018,15:00:00
UKA00559,9.32087,28/11/2018,16:00:00
UKA00559,7.79547,28/11/2018,17:00:00
UKA00559,8.30386,28/11/2018,18:00:00
UKA00559,9.26431,28/11/2018,19:00:00
UKA00559,8.75603,28/11/2018,20:00:00
UKA00559,8.75586,28/11/2018,21:00:00
UKA00559,7.79547,28/11/2018,22:00:00
UKA00559,7.2874,28/11/2018,23:00:00
UKA00559,7.45674,28/11/2018,24:00:00
UKA00559,5.57506,29/11/2018,01:00:00
UKA00559,4.7461,29/11/2018,02:00:00
UKA00559,6.38528,29/11/2018,03:00:00
UKA00559,4.18125,29/11/2018,04:00:00
UKA00559,4.29433,29/11/2018,05:00:00
UKA00559,5.14184,29/11/2018,06:00:00
UKA00559,6.66742,29/11/2018,07:00:00
UKA00559,8.30541,29/11/2018,08:00:00
UKA00559,9.83077,29/11/2018,09:00:00
UKA00559,9.03981,29/11/2018,10:00:00
UKA00559,7.40155,29/11/2018,11:00:00
UKA00559,6.15869,29/11/2018,12:00:00
UKA00559,4.85887,29/11/2018,13:00:00
UKA00559,7.11963,29/11/2018,14:00:00
UKA00559,9.94503,29/11/2018,15:00:00
UKA00559,13.56134,29/11/2018,16:00:00
UKA00559,14.24015,29/11/2018,17:00:00
UKA00559,18.70451,29/11/2018,18:00:00
UKA00559,17.80034,29/11/2018,19:00:00
UKA00559,14.46626,29/11/2018,20:00:00
UKA00559,13.05362,29/11/2018,21:00:00
UKA00559,9.55021,29/11/2018,22:00:00
UKA00559,8.36307,29/11/2018,23:00:00
UKA00559,5.82025,29/11/2018,24:00:00
UKA00559,4.974,30/11/2018,01:00:00
UKA00559,3.6171,30/11/2018,02:00:00
UKA00559,2.99545,30/11/2018,03:00:00
UKA00559,3.05181,30/11/2018,04:00:00
UKA00559,3.84325,30/11/2018,05:00:00
UKA00559,5.53937,30/11/2018,06:00:00
UKA00559,10.28764,30/11/2018,07:00:00
UKA00559,20.80172,30/11/2018,08:00:00
UKA00559,27.41464,30/11/2018,09:00:00
UKA00559,21.36559,30/11/2018,10:00:00
UKA00559,15.31706,30/11/2018,11:00:00
UKA00559,11.5867,30/11/2018,12:00:00
UKA00559,8.53461,30/11/2018,13:00:00
UKA00559,7.91315,30/11/2018,14:00:00
UKA00559,10.90918,30/11/2018,15:00:00
UKA00559,13.00116,30/11/2018,16:00:00
UKA00559,15.71464,30/11/2018,17:00:00
UKA00559,23.57222,30/11/2018,18:00:00
UKA00559,24.25008,30/11/2018,19:00:00
UKA00559,19.89766,30/11/2018,20:00:00
UKA00559,15.54501,30/11/2018,21:00:00
UKA00559,16.67574,30/11/2018,22:00:00
UKA00559,14.18815,30/11/2018,23:00:00
UKA00559,10.96606,30/11/2018,24:00:00
UKA00559,8.66995,01/12/2018,01:00:00
UKA00559,6.33253,01/12/2018,02:00:00
UKA00559,5.99339,01/12/2018,03:00:00
UKA00559,6.27618,01/12/2018,04:00:00
UKA00559,6.163,01/12/2018,05:00:00
UKA00559,8.14213,01/12/2018,06:00:00
UKA00559,9.44247,01/12/2018,07:00:00
UKA00559,8.59409,01/12/2018,08:00:00
UKA00559,9.38553,01/12/2018,09:00:00
UKA00559,13.34299,01/12/2018,10:00:00
UKA00559,13.6257,01/12/2018,11:00:00
UKA00559,15.54831,01/12/2018,12:00:00
UKA00559,16.00064,01/12/2018,13:00:00
UKA00559,13.28717,01/12/2018,14:00:00
UKA00559,9.66861,01/12/2018,15:00:00
UKA00559,13.00498,01/12/2018,16:00:00
UKA00559,15.77567,01/12/2018,17:00:00
UKA00559,17.98101,01/12/2018,18:00:00
UKA00559,15.94541,01/12/2018,19:00:00
UKA00559,13.34428,01/12/2018,20:00:00
UKA00559,10.00807,01/12/2018,21:00:00
UKA00559,9.3295,01/12/2018,22:00:00
UKA00559,10.9126,01/12/2018,23:00:00
UKA00559,7.407,01/12/2018,24:00:00
UKA00559,7.54124,02/12/2018,01:00:00
UKA00559,5.50503,02/12/2018,02:00:00
UKA00559,4.46823,02/12/2018,03:00:00
UKA00559,3.73288,02/12/2018,04:00:00
UKA00559,3.05409,02/12/2018,05:00:00
UKA00559,3.22375,02/12/2018,06:00:00
UKA00559,3.22375,02/12/2018,07:00:00
UKA00559,3.84595,02/12/2018,08:00:00
UKA00559,4.29842,02/12/2018,09:00:00
UKA00559,4.46811,02/12/2018,10:00:00
UKA00559,5.31649,02/12/2018,11:00:00
UKA00559,5.25994,02/12/2018,12:00:00
UKA00559,4.92061,02/12/2018,13:00:00
UKA00559,5.65585,02/12/2018,14:00:00
UKA00559,8.48402,02/12/2018,15:00:00
UKA00559,10.06773,02/12/2018,16:00:00
UKA00559,10.46364,02/12/2018,17:00:00
UKA00559,12.04733,02/12/2018,18:00:00
UKA00559,11.59469,02/12/2018,19:00:00
UKA00559,8.65357,02/12/2018,20:00:00
UKA00559,7.69215,02/12/2018,21:00:00
UKA00559,4.29845,02/12/2018,22:00:00
UKA00559,3.84593,02/12/2018,23:00:00
UKA00559,1.97952,02/12/2018,24:00:00
UKA00559,1.4332,03/12/2018,01:00:00
UKA00559,1.13143,03/12/2018,02:00:00
UKA00559,0.79197,03/12/2018,03:00:00
UKA00559,0.73543,03/12/2018,04:00:00
UKA00559,1.13148,03/12/2018,05:00:00
UKA00559,4.41299,03/12/2018,06:00:00
UKA00559,8.09057,03/12/2018,07:00:00
UKA00559,21.55609,03/12/2018,08:00:00
UKA00559,26.08223,03/12/2018,09:00:00
UKA00559,15.55884,03/12/2018,10:00:00
UKA00559,17.539,03/12/2018,11:00:00
UKA00559,14.48384,03/12/2018,12:00:00
UKA00559,22.6874,03/12/2018,13:00:00
UKA00559,22.68744,03/12/2018,14:00:00
UKA00559,23.93218,03/12/2018,15:00:00
UKA00559,29.81641,03/12/2018,16:00:00
UKA00559,40.79262,03/12/2018,17:00:00
UKA00559,58.89703,03/12/2018,18:00:00
UKA00559,37.56748,03/12/2018,19:00:00
UKA00559,32.8716,03/12/2018,20:00:00
UKA00559,34.68224,03/12/2018,21:00:00
UKA00559,44.30047,03/12/2018,22:00:00
UKA00559,41.52823,03/12/2018,23:00:00
UKA00559,28.57196,03/12/2018,24:00:00
UKA00559,26.10904,04/12/2018,01:00:00
UKA00559,12.29995,04/12/2018,02:00:00
UKA00559,7.24416,04/12/2018,03:00:00
UKA00559,5.71611,04/12/2018,04:00:00
UKA00559,7.41394,04/12/2018,05:00:00
UKA00559,14.88444,04/12/2018,06:00:00
UKA00559,37.35274,04/12/2018,07:00:00
UKA00559,48.04979,04/12/2018,08:00:00
UKA00559,57.50566,04/12/2018,09:00:00
UKA00559,61.24229,04/12/2018,10:00:00
UKA00559,53.08992,04/12/2018,11:00:00
UKA00559,50.93737,04/12/2018,12:00:00
UKA00559,42.78639,04/12/2018,13:00:00
UKA00559,44.42764,04/12/2018,14:00:00
UKA00559,51.33552,04/12/2018,15:00:00
UKA00559,51.1672,04/12/2018,16:00:00
UKA00559,54.16717,04/12/2018,17:00:00
UKA00559,58.46785,04/12/2018,18:00:00
UKA00559,56.0892,04/12/2018,19:00:00
UKA00559,51.27691,04/12/2018,20:00:00
UKA00559,38.54123,04/12/2018,21:00:00
UKA00559,27.5051,04/12/2018,22:00:00
UKA00559,18.16699,04/12/2018,23:00:00
UKA00559,10.30031,04/12/2018,24:00:00
UKA00559,8.15228,05/12/2018,01:00:00
UKA00559,7.2465,05/12/2018,02:00:00
UKA00559,5.43488,05/12/2018,03:00:00
UKA00559,6.05759,05/12/2018,04:00:00
UKA00559,8.32206,05/12/2018,05:00:00
UKA00559,11.83189,05/12/2018,06:00:00
UKA00559,16.13462,05/12/2018,07:00:00
UKA00559,22.07927,05/12/2018,08:00:00
UKA00559,28.138,05/12/2018,09:00:00
UKA00559,29.15664,05/12/2018,10:00:00
UKA00559,24.91117,05/12/2018,11:00:00
UKA00559,23.89169,05/12/2018,12:00:00
UKA00559,23.49522,05/12/2018,13:00:00
UKA00559,17.49338,05/12/2018,14:00:00
UKA00559,12.62477,05/12/2018,15:00:00
UKA00559,17.26696,05/12/2018,16:00:00
UKA00559,17.66293,05/12/2018,17:00:00
UKA00559,21.17282,05/12/2018,18:00:00
UKA00559,22.36156,05/12/2018,19:00:00
UKA00559,21.05946,05/12/2018,20:00:00
UKA00559,18.96482,05/12/2018,21:00:00
UKA00559,16.87017,05/12/2018,22:00:00
UKA00559,14.03959,05/12/2018,23:00:00
UKA00559,9.39739,05/12/2018,24:00:00
UKA00559,6.87111,06/12/2018,01:00:00
UKA00559,4.37971,06/12/2018,02:00:00
UKA00559,3.28483,06/12/2018,03:00:00
UKA00559,3.05837,06/12/2018,04:00:00
UKA00559,2.60532,06/12/2018,05:00:00
UKA00559,6.17279,06/12/2018,06:00:00
UKA00559,9.51386,06/12/2018,07:00:00
UKA00559,13.70426,06/12/2018,08:00:00
UKA00559,15.29004,06/12/2018,09:00:00
UKA00559,12.17534,06/12/2018,10:00:00
UKA00559,13.30816,06/12/2018,11:00:00
UKA00559,12.57205,06/12/2018,12:00:00
UKA00559,11.15654,06/12/2018,13:00:00
UKA00559,11.43937,06/12/2018,14:00:00
UKA00559,13.87425,06/12/2018,15:00:00
UKA00559,17.1019,06/12/2018,16:00:00
UKA00559,17.55469,06/12/2018,17:00:00
UKA00559,21.74516,06/12/2018,18:00:00
UKA00559,15.23299,06/12/2018,19:00:00
UKA00559,14.72334,06/12/2018,20:00:00
UKA00559,15.96922,06/12/2018,21:00:00
UKA00559,9.45717,06/12/2018,22:00:00
UKA00559,5.94612,06/12/2018,23:00:00
UKA00559,4.07742,06/12/2018,24:00:00
UKA00559,2.87071,07/12/2018,01:00:00
UKA00559,3.02166,07/12/2018,02:00:00
UKA00559,2.4364,07/12/2018,03:00:00
UKA00559,1.64336,07/12/2018,04:00:00
UKA00559,1.53007,07/12/2018,05:00:00
UKA00559,2.09636,07/12/2018,06:00:00
UKA00559,4.07904,07/12/2018,07:00:00
UKA00559,8.83724,07/12/2018,08:00:00
UKA00559,10.98968,07/12/2018,09:00:00
UKA00559,15.8042,07/12/2018,10:00:00
UKA00559,10.53688,07/12/2018,11:00:00
UKA00559,8.38506,07/12/2018,12:00:00
UKA00559,6.0055,07/12/2018,13:00:00
UKA00559,6.45834,07/12/2018,14:00:00
UKA00559,7.25135,07/12/2018,15:00:00
UKA00559,10.59319,07/12/2018,16:00:00
UKA00559,10.70605,07/12/2018,17:00:00
UKA00559,17.33336,07/12/2018,18:00:00
UKA00559,12.85859,07/12/2018,19:00:00
UKA00559,14.3311,07/12/2018,20:00:00
UKA00559,6.57096,07/12/2018,21:00:00
UKA00559,4.41875,07/12/2018,22:00:00
UKA00559,3.7956,07/12/2018,23:00:00
UKA00559,2.37953,07/12/2018,24:00:00
UKA00559,1.81399,08/12/2018,01:00:00
UKA00559,1.43622,08/12/2018,02:00:00
UKA00559,0.90677,08/12/2018,03:00:00
UKA00559,0.22735,08/12/2018,04:00:00
UKA00559,0.22726,08/12/2018,05:00:00
UKA00559,0.39732,08/12/2018,06:00:00
UKA00559,1.19052,08/12/2018,07:00:00
UKA00559,2.55055,08/12/2018,08:00:00
UKA00559,3.6836,08/12/2018,09:00:00
UKA00559,6.63054,08/12/2018,10:00:00
UKA00559,7.25411,08/12/2018,11:00:00
UKA00559,6.46069,08/12/2018,12:00:00
UKA00559,7.82034,08/12/2018,13:00:00
UKA00559,10.93665,08/12/2018,14:00:00
UKA00559,6.9134,08/12/2018,15:00:00
UKA00559,5.4968,08/12/2018,16:00:00
UKA00559,6.68643,08/12/2018,17:00:00
UKA00559,6.34653,08/12/2018,18:00:00
UKA00559,5.32679,08/12/2018,19:00:00
UKA00559,5.55342,08/12/2018,20:00:00
UKA00559,6.11995,08/12/2018,21:00:00
UKA00559,4.07986,08/12/2018,22:00:00
UKA00559,2.83341,08/12/2018,23:00:00
UKA00559,2.04008,08/12/2018,24:00:00
UKA00559,2.26795,09/12/2018,01:00:00
UKA00559,0.83231,09/12/2018,02:00:00
UKA00559,0.79446,09/12/2018,03:00:00
UKA00559,0.51104,09/12/2018,04:00:00
UKA00559,0.56756,09/12/2018,05:00:00
UKA00559,2.4947,09/12/2018,06:00:00
UKA00559,3.28791,09/12/2018,07:00:00
UKA00559,4.25207,09/12/2018,08:00:00
UKA00559,5.15889,09/12/2018,09:00:00
UKA00559,8.9567,09/12/2018,10:00:00
UKA00559,11.45207,09/12/2018,11:00:00
UKA00559,10.09125,09/12/2018,12:00:00
UKA00559,8.95789,09/12/2018,13:00:00
UKA00559,11.22548,09/12/2018,14:00:00
UKA00559,11.05468,09/12/2018,15:00:00
UKA00559,16.55153,09/12/2018,16:00:00
UKA00559,16.3813,09/12/2018,17:00:00
UKA00559,18.70463,09/12/2018,18:00:00
UKA00559,21.4243,09/12/2018,19:00:00
UKA00559,21.36711,09/12/2018,20:00:00
UKA00559,20.4606,09/12/2018,21:00:00
UKA00559,15.7565,09/12/2018,22:00:00
UKA00559,12.12907,09/12/2018,23:00:00
UKA00559,9.97561,09/12/2018,24:00:00
UKA00559,9.9025,10/12/2018,01:00:00
UKA00559,6.19942,10/12/2018,02:00:00
UKA00559,4.64963,10/12/2018,03:00:00
UKA00559,7.14405,10/12/2018,04:00:00
UKA00559,4.93313,10/12/2018,05:00:00
UKA00559,6.52066,10/12/2018,06:00:00
UKA00559,10.09185,10/12/2018,07:00:00
UKA00559,20.24069,10/12/2018,08:00:00
UKA00559,32.54586,10/12/2018,09:00:00
UKA00559,45.40922,10/12/2018,10:00:00
UKA00559,21.49166,10/12/2018,11:00:00
UKA00559,21.49178,10/12/2018,12:00:00
UKA00559,22.05824,10/12/2018,13:00:00
UKA00559,24.04714,10/12/2018,14:00:00
UKA00559,28.35159,10/12/2018,15:00:00
UKA00559,35.89011,10/12/2018,16:00:00
UKA00559,57.83571,10/12/2018,17:00:00
UKA00559,63.63192,10/12/2018,18:00:00
UKA00559,67.27108,10/12/2018,19:00:00
UKA00559,64.70808,10/12/2018,20:00:00
UKA00559,54.89284,10/12/2018,21:00:00
UKA00559,60.39631,10/12/2018,22:00:00
UKA00559,38.09942,10/12/2018,23:00:00
UKA00559,30.78531,10/12/2018,24:00:00
UKA00559,31.91212,11/12/2018,01:00:00
UKA00559,25.78673,11/12/2018,02:00:00
UKA00559,22.06114,11/12/2018,03:00:00
UKA00559,26.25825,11/12/2018,04:00:00
UKA00559,28.87576,11/12/2018,05:00:00
UKA00559,27.50709,11/12/2018,06:00:00
UKA00559,36.37289,11/12/2018,07:00:00
UKA00559,40.22685,11/12/2018,08:00:00
UKA00559,45.3474,11/12/2018,09:00:00
UKA00559,45.34163,11/12/2018,10:00:00
UKA00559,36.54592,11/12/2018,11:00:00
UKA00559,25.92785,11/12/2018,12:00:00
UKA00559,19.7991,11/12/2018,13:00:00
UKA00559,19.96821,11/12/2018,14:00:00
UKA00559,26.20938,11/12/2018,15:00:00
UKA00559,34.20944,11/12/2018,16:00:00
UKA00559,47.04133,11/12/2018,17:00:00
UKA00559,56.8097,11/12/2018,18:00:00
UKA00559,52.58666,11/12/2018,19:00:00
UKA00559,52.01371,11/12/2018,20:00:00
UKA00559,53.149,11/12/2018,21:00:00
UKA00559,51.27171,11/12/2018,22:00:00
UKA00559,53.70906,11/12/2018,23:00:00
UKA00559,51.43683,11/12/2018,24:00:00
UKA00559,53.2498,12/12/2018,01:00:00
UKA00559,52.87932,12/12/2018,02:00:00
UKA00559,51.40447,12/12/2018,03:00:00
UKA00559,49.53021,12/12/2018,04:00:00
UKA00559,45.15882,12/12/2018,05:00:00
UKA00559,38.17928,12/12/2018,06:00:00
UKA00559,33.98629,12/12/2018,07:00:00
UKA00559,35.13831,12/12/2018,08:00:00
UKA00559,41.47076,12/12/2018,09:00:00
UKA00559,33.04081,12/12/2018,10:00:00
UKA00559,,12/12/2018,11:00:00
UKA00559,46.70359,12/12/2018,12:00:00
UKA00559,35.91735,12/12/2018,13:00:00
UKA00559,33.36464,12/12/2018,14:00:00
UKA00559,37.95749,12/12/2018,15:00:00
UKA00559,42.89544,12/12/2018,16:00:00
UKA00559,48.85248,12/12/2018,17:00:00
UKA00559,38.63918,12/12/2018,18:00:00
UKA00559,28.14293,12/12/2018,19:00:00
UKA00559,29.50558,12/12/2018,20:00:00
UKA00559,34.94924,12/12/2018,21:00:00
UKA00559,42.26772,12/12/2018,22:00:00
UKA00559,33.47145,12/12/2018,23:00:00
UKA00559,32.67486,12/12/2018,24:00:00
UKA00559,33.0098,13/12/2018,01:00:00
UKA00559,31.57189,13/12/2018,02:00:00
UKA00559,28.39194,13/12/2018,03:00:00
UKA00559,24.98505,13/12/2018,04:00:00
UKA00559,22.88387,13/12/2018,05:00:00
UKA00559,24.24856,13/12/2018,06:00:00
UKA00559,27.14692,13/12/2018,07:00:00
UKA00559,35.56117,13/12/2018,08:00:00
UKA00559,41.99738,13/12/2018,09:00:00
UKA00559,34.32362,13/12/2018,10:00:00
UKA00559,25.80431,13/12/2018,11:00:00
UKA00559,22.90884,13/12/2018,12:00:00
UKA00559,25.92152,13/12/2018,13:00:00
UKA00559,24.94815,13/12/2018,14:00:00
UKA00559,25.62897,13/12/2018,15:00:00
UKA00559,28.18326,13/12/2018,16:00:00
UKA00559,35.33448,13/12/2018,17:00:00
UKA00559,42.55436,13/12/2018,18:00:00
UKA00559,59.58632,13/12/2018,19:00:00
UKA00559,65.18863,13/12/2018,20:00:00
UKA00559,64.09389,13/12/2018,21:00:00
UKA00559,57.87586,13/12/2018,22:00:00
UKA00559,54.6751,13/12/2018,23:00:00
UKA00559,46.98511,13/12/2018,24:00:00
UKA00559,35.4724,14/12/2018,01:00:00
UKA00559,39.48954,14/12/2018,02:00:00
UKA00559,41.16064,14/12/2018,03:00:00
UKA00559,39.68285,14/12/2018,04:00:00
UKA00559,38.7775,14/12/2018,05:00:00
UKA00559,39.88212,14/12/2018,06:00:00
UKA00559,43.62837,14/12/2018,07:00:00
UKA00559,47.60626,14/12/2018,08:00:00
UKA00559,53.91343,14/12/2018,09:00:00
UKA00559,53.86728,14/12/2018,10:00:00
UKA00559,41.42518,14/12/2018,11:00:00
UKA00559,34.8371,14/12/2018,12:00:00
UKA00559,31.57465,14/12/2018,13:00:00
UKA00559,32.88104,14/12/2018,14:00:00
UKA00559,33.84767,14/12/2018,15:00:00
UKA00559,45.12631,14/12/2018,16:00:00
UKA00559,61.76215,14/12/2018,17:00:00
UKA00559,57.91069,14/12/2018,18:00:00
UKA00559,54.28541,14/12/2018,19:00:00
UKA00559,51.37509,14/12/2018,20:00:00
UKA00559,51.54773,14/12/2018,21:00:00
UKA00559,51.09528,14/12/2018,22:00:00
UKA00559,49.7113,14/12/2018,23:00:00
UKA00559,47.6478,14/12/2018,24:00:00
UKA00559,44.84318,15/12/2018,01:00:00
UKA00559,42.25799,15/12/2018,02:00:00
UKA00559,36.24671,15/12/2018,03:00:00
UKA00559,23.44294,15/12/2018,04:00:00
UKA00559,19.91527,15/12/2018,05:00:00
UKA00559,20.25662,15/12/2018,06:00:00
UKA00559,19.4037,15/12/2018,07:00:00
UKA00559,19.40576,15/12/2018,08:00:00
UKA00559,18.61085,15/12/2018,09:00:00
UKA00559,22.37252,15/12/2018,10:00:00
UKA00559,24.59531,15/12/2018,11:00:00
UKA00559,23.39946,15/12/2018,12:00:00
UKA00559,22.6567,15/12/2018,13:00:00
UKA00559,24.70416,15/12/2018,14:00:00
UKA00559,22.30995,15/12/2018,15:00:00
UKA00559,22.82272,15/12/2018,16:00:00
UKA00559,21.11568,15/12/2018,17:00:00
UKA00559,17.92833,15/12/2018,18:00:00
UKA00559,17.35904,15/12/2018,19:00:00
UKA00559,15.5953,15/12/2018,20:00:00
UKA00559,12.52033,15/12/2018,21:00:00
UKA00559,8.82096,15/12/2018,22:00:00
UKA00559,5.35008,15/12/2018,23:00:00
UKA00559,4.89448,15/12/2018,24:00:00
UKA00559,5.01336,16/12/2018,01:00:00
UKA00559,5.69701,16/12/2018,02:00:00
UKA00559,5.75412,16/12/2018,03:00:00
UKA00559,5.07073,16/12/2018,04:00:00
UKA00559,4.50133,16/12/2018,05:00:00
UKA00559,6.09533,16/12/2018,06:00:00
UKA00559,7.51955,16/12/2018,07:00:00
UKA00559,11.0508,16/12/2018,08:00:00
UKA00559,17.26003,16/12/2018,09:00:00
UKA00559,19.25569,16/12/2018,10:00:00
UKA00559,23.01658,16/12/2018,11:00:00
UKA00559,20.56756,16/12/2018,12:00:00
UKA00559,25.0134,16/12/2018,13:00:00
UKA00559,28.0358,16/12/2018,14:00:00
UKA00559,23.58812,16/12/2018,15:00:00
UKA00559,26.71974,16/12/2018,16:00:00
UKA00559,27.68604,16/12/2018,17:00:00
UKA00559,31.27501,16/12/2018,18:00:00
UKA00559,27.57292,16/12/2018,19:00:00
UKA00559,26.77475,16/12/2018,20:00:00
UKA00559,39.47805,16/12/2018,21:00:00
UKA00559,29.16419,16/12/2018,22:00:00
UKA00559,12.87308,16/12/2018,23:00:00
UKA00559,9.85467,16/12/2018,24:00:00
UKA00559,6.23463,17/12/2018,01:00:00
UKA00559,3.95449,17/12/2018,02:00:00
UKA00559,4.16382,17/12/2018,03:00:00
UKA00559,4.22083,17/12/2018,04:00:00
UKA00559,3.99189,17/12/2018,05:00:00
UKA00559,7.4695,17/12/2018,06:00:00
UKA00559,24.06078,17/12/2018,07:00:00
UKA00559,24.91629,17/12/2018,08:00:00
UKA00559,36.95525,17/12/2018,09:00:00
UKA00559,44.09821,17/12/2018,10:00:00
UKA00559,26.81119,17/12/2018,11:00:00
UKA00559,28.29803,17/12/2018,12:00:00
UKA00559,29.14979,17/12/2018,13:00:00
UKA00559,27.0374,17/12/2018,14:00:00
UKA00559,27.20578,17/12/2018,15:00:00
UKA00559,36.10683,17/12/2018,16:00:00
UKA00559,37.87141,17/12/2018,17:00:00
UKA00559,28.05835,17/12/2018,18:00:00
UKA00559,31.02513,17/12/2018,19:00:00
UKA00559,26.91781,17/12/2018,20:00:00
UKA00559,20.3025,17/12/2018,21:00:00
UKA00559,11.69094,17/12/2018,22:00:00
UKA00559,7.87098,17/12/2018,23:00:00
UKA00559,5.07633,17/12/2018,24:00:00
UKA00559,4.33842,18/12/2018,01:00:00
UKA00559,2.28566,18/12/2018,02:00:00
UKA00559,1.94239,18/12/2018,03:00:00
UKA00559,2.34184,18/12/2018,04:00:00
UKA00559,2.45502,18/12/2018,05:00:00
UKA00559,3.19822,18/12/2018,06:00:00
UKA00559,4.68295,18/12/2018,07:00:00
UKA00559,7.99414,18/12/2018,08:00:00
UKA00559,9.42221,18/12/2018,09:00:00
UKA00559,8.73671,18/12/2018,10:00:00
UKA00559,8.22271,18/12/2018,11:00:00
UKA00559,9.36452,18/12/2018,12:00:00
UKA00559,9.93495,18/12/2018,13:00:00
UKA00559,11.36239,18/12/2018,14:00:00
UKA00559,12.27668,18/12/2018,15:00:00
UKA00559,15.30287,18/12/2018,16:00:00
UKA00559,16.32908,18/12/2018,17:00:00
UKA00559,21.40651,18/12/2018,18:00:00
UKA00559,47.56095,18/12/2018,19:00:00
UKA00559,78.37026,18/12/2018,20:00:00
UKA00559,74.97827,18/12/2018,21:00:00
UKA00559,51.99581,18/12/2018,22:00:00
UKA00559,23.06,18/12/2018,23:00:00
UKA00559,15.81097,18/12/2018,24:00:00
UKA00559,11.5041,19/12/2018,01:00:00
UKA00559,8.15327,19/12/2018,02:00:00
UKA00559,5.94381,19/12/2018,03:00:00
UKA00559,7.0858,19/12/2018,04:00:00
UKA00559,6.85808,19/12/2018,05:00:00
UKA00559,11.94309,19/12/2018,06:00:00
UKA00559,18.11199,19/12/2018,07:00:00
UKA00559,34.5123,19/12/2018,08:00:00
UKA00559,48.8046,19/12/2018,09:00:00
UKA00559,27.37245,19/12/2018,10:00:00
UKA00559,16.34659,19/12/2018,11:00:00
UKA00559,14.63174,19/12/2018,12:00:00
UKA00559,16.46193,19/12/2018,13:00:00
UKA00559,17.0895,19/12/2018,14:00:00
UKA00559,19.43049,19/12/2018,15:00:00
UKA00559,28.22971,19/12/2018,16:00:00
UKA00559,30.91508,19/12/2018,17:00:00
UKA00559,37.1481,19/12/2018,18:00:00
UKA00559,22.91435,19/12/2018,19:00:00
UKA00559,18.74251,19/12/2018,20:00:00
UKA00559,17.82747,19/12/2018,21:00:00
UKA00559,13.48493,19/12/2018,22:00:00
UKA00559,10.45695,19/12/2018,23:00:00
UKA00559,7.48609,19/12/2018,24:00:00
UKA00559,5.18739,20/12/2018,01:00:00
UKA00559,2.67153,20/12/2018,02:00:00
UKA00559,2.91851,20/12/2018,03:00:00
UKA00559,2.3466,20/12/2018,04:00:00
UKA00559,2.00387,20/12/2018,05:00:00
UKA00559,3.77562,20/12/2018,06:00:00
UKA00559,8.29411,20/12/2018,07:00:00
UKA00559,14.07053,20/12/2018,08:00:00
UKA00559,27.1115,20/12/2018,09:00:00
UKA00559,26.5413,20/12/2018,10:00:00
UKA00559,18.24981,20/12/2018,11:00:00
UKA00559,13.73189,20/12/2018,12:00:00
UKA00559,10.58353,20/12/2018,13:00:00
UKA00559,12.86978,20/12/2018,14:00:00
UKA00559,18.58857,20/12/2018,15:00:00
UKA00559,17.55991,20/12/2018,16:00:00
UKA00559,20.13217,20/12/2018,17:00:00
UKA00559,19.9612,20/12/2018,18:00:00
UKA00559,16.70121,20/12/2018,19:00:00
UKA00559,14.24207,20/12/2018,20:00:00
UKA00559,15.0428,20/12/2018,21:00:00
UKA00559,12.29776,20/12/2018,22:00:00
UKA00559,11.43997,20/12/2018,23:00:00
UKA00559,11.09666,20/12/2018,24:00:00
UKA00559,9.00783,21/12/2018,01:00:00
UKA00559,6.33759,21/12/2018,02:00:00
UKA00559,4.92525,21/12/2018,03:00:00
UKA00559,5.32544,21/12/2018,04:00:00
UKA00559,8.30219,21/12/2018,05:00:00
UKA00559,12.25289,21/12/2018,06:00:00
UKA00559,13.85445,21/12/2018,07:00:00
UKA00559,9.3322,21/12/2018,08:00:00
UKA00559,8.87478,21/12/2018,09:00:00
UKA00559,8.07289,21/12/2018,10:00:00
UKA00559,7.27182,21/12/2018,11:00:00
UKA00559,8.53207,21/12/2018,12:00:00
UKA00559,7.50265,21/12/2018,13:00:00
UKA00559,6.81534,21/12/2018,14:00:00
UKA00559,8.41878,21/12/2018,15:00:00
UKA00559,11.10829,21/12/2018,16:00:00
UKA00559,14.88458,21/12/2018,17:00:00
UKA00559,19.69312,21/12/2018,18:00:00
UKA00559,18.49152,21/12/2018,19:00:00
UKA00559,23.01565,21/12/2018,20:00:00
UKA00559,22.72853,21/12/2018,21:00:00
UKA00559,23.29888,21/12/2018,22:00:00
UKA00559,18.49128,21/12/2018,23:00:00
UKA00559,6.06939,21/12/2018,24:00:00
UKA00559,5.73195,22/12/2018,01:00:00
UKA00559,2.44729,22/12/2018,02:00:00
UKA00559,2.63782,22/12/2018,03:00:00
UKA00559,2.00783,22/12/2018,04:00:00
UKA00559,1.89349,22/12/2018,05:00:00
UKA00559,5.73216,22/12/2018,06:00:00
UKA00559,7.22179,22/12/2018,07:00:00
UKA00559,9.05494,22/12/2018,08:00:00
UKA00559,12.83777,22/12/2018,09:00:00
UKA00559,15.07368,22/12/2018,10:00:00
UKA00559,14.56023,22/12/2018,11:00:00
UKA00559,10.77667,22/12/2018,12:00:00
UKA00559,11.0056,22/12/2018,13:00:00
UKA00559,9.05835,22/12/2018,14:00:00
UKA00559,9.40138,22/12/2018,15:00:00
UKA00559,11.9212,22/12/2018,16:00:00
UKA00559,18.91113,22/12/2018,17:00:00
UKA00559,30.31339,22/12/2018,18:00:00
UKA00559,25.38566,22/12/2018,19:00:00
UKA00559,29.85504,22/12/2018,20:00:00
UKA00559,20.05627,22/12/2018,21:00:00
UKA00559,17.24864,22/12/2018,22:00:00
UKA00559,13.6389,22/12/2018,23:00:00
UKA00559,22.52464,22/12/2018,24:00:00
UKA00559,27.54371,23/12/2018,01:00:00
UKA00559,10.17442,23/12/2018,02:00:00
UKA00559,10.95755,23/12/2018,03:00:00
UKA00559,11.18544,23/12/2018,04:00:00
UKA00559,8.89254,23/12/2018,05:00:00
UKA00559,6.36948,23/12/2018,06:00:00
UKA00559,5.90966,23/12/2018,07:00:00
UKA00559,6.59926,23/12/2018,08:00:00
UKA00559,9.92813,23/12/2018,09:00:00
UKA00559,23.88001,23/12/2018,10:00:00
UKA00559,36.74588,23/12/2018,11:00:00
UKA00559,43.75831,23/12/2018,12:00:00
UKA00559,34.89491,23/12/2018,13:00:00
UKA00559,28.46279,23/12/2018,14:00:00
UKA00559,23.40936,23/12/2018,15:00:00
UKA00559,22.14512,23/12/2018,16:00:00
UKA00559,22.25605,23/12/2018,17:00:00
UKA00559,27.41788,23/12/2018,18:00:00
UKA00559,36.366,23/12/2018,19:00:00
UKA00559,45.14258,23/12/2018,20:00:00
UKA00559,50.71292,23/12/2018,21:00:00
UKA00559,58.69767,23/12/2018,22:00:00
UKA00559,58.33098,23/12/2018,23:00:00
UKA00559,56.4395,23/12/2018,24:00:00
UKA00559,53.56397,24/12/2018,01:00:00
UKA00559,53.85194,24/12/2018,02:00:00
UKA00559,51.86592,24/12/2018,03:00:00
UKA00559,48.58728,24/12/2018,04:00:00
UKA00559,31.23646,24/12/2018,05:00:00
UKA00559,43.32523,24/12/2018,06:00:00
UKA00559,41.14224,24/12/2018,07:00:00
UKA00559,41.68376,24/12/2018,08:00:00
UKA00559,42.91179,24/12/2018,09:00:00
UKA00559,45.13306,24/12/2018,10:00:00
UKA00559,53.71533,24/12/2018,11:00:00
UKA00559,39.1875,24/12/2018,12:00:00
UKA00559,26.32641,24/12/2018,13:00:00
UKA00559,22.58264,24/12/2018,14:00:00
UKA00559,27.0627,24/12/2018,15:00:00
UKA00559,34.64891,24/12/2018,16:00:00
UKA00559,49.98987,24/12/2018,17:00:00
UKA00559,52.67961,24/12/2018,18:00:00
UKA00559,56.92604,24/12/2018,19:00:00
UKA00559,48.82532,24/12/2018,20:00:00
UKA00559,47.64672,24/12/2018,21:00:00
UKA00559,47.13876,24/12/2018,22:00:00
UKA00559,43.84594,24/12/2018,23:00:00
UKA00559,40.26334,24/12/2018,24:00:00
UKA00559,37.64121,25/12/2018,01:00:00
UKA00559,35.18881,25/12/2018,02:00:00
UKA00559,32.25458,25/12/2018,03:00:00
UKA00559,28.39754,25/12/2018,04:00:00
UKA00559,25.69343,25/12/2018,05:00:00
UKA00559,21.21058,25/12/2018,06:00:00
UKA00559,20.23487,25/12/2018,07:00:00
UKA00559,20.58007,25/12/2018,08:00:00
UKA00559,20.58128,25/12/2018,09:00:00
UKA00559,18.85825,25/12/2018,10:00:00
UKA00559,16.21389,25/12/2018,11:00:00
UKA00559,15.23858,25/12/2018,12:00:00
UKA00559,13.9738,25/12/2018,13:00:00
UKA00559,15.00819,25/12/2018,14:00:00
UKA00559,16.09856,25/12/2018,15:00:00
UKA00559,15.80989,25/12/2018,16:00:00
UKA00559,20.29395,25/12/2018,17:00:00
UKA00559,21.44353,25/12/2018,18:00:00
UKA00559,20.00635,25/12/2018,19:00:00
UKA00559,19.83208,25/12/2018,20:00:00
UKA00559,20.17875,25/12/2018,21:00:00
UKA00559,15.69482,25/12/2018,22:00:00
UKA00559,13.56779,25/12/2018,23:00:00
UKA00559,11.55582,25/12/2018,24:00:00
UKA00559,11.20315,26/12/2018,01:00:00
UKA00559,9.89764,26/12/2018,02:00:00
UKA00559,8.63218,26/12/2018,03:00:00
UKA00559,7.65484,26/12/2018,04:00:00
UKA00559,7.02195,26/12/2018,05:00:00
UKA00559,7.02181,26/12/2018,06:00:00
UKA00559,7.48117,26/12/2018,07:00:00
UKA00559,9.66856,26/12/2018,08:00:00
UKA00559,8.57535,26/12/2018,09:00:00
UKA00559,8.92062,26/12/2018,10:00:00
UKA00559,10.87862,26/12/2018,11:00:00
UKA00559,10.9349,26/12/2018,12:00:00
UKA00559,11.85789,26/12/2018,13:00:00
UKA00559,9.66815,26/12/2018,14:00:00
UKA00559,13.40852,26/12/2018,15:00:00
UKA00559,19.73826,26/12/2018,16:00:00
UKA00559,24.2292,26/12/2018,17:00:00
UKA00559,33.5016,26/12/2018,18:00:00
UKA00559,35.22148,26/12/2018,19:00:00
UKA00559,28.77116,26/12/2018,20:00:00
UKA00559,25.95226,26/12/2018,21:00:00
UKA00559,25.20391,26/12/2018,22:00:00
UKA00559,18.87376,26/12/2018,23:00:00
UKA00559,15.76627,26/12/2018,24:00:00
UKA00559,15.66736,27/12/2018,01:00:00
UKA00559,13.36338,27/12/2018,02:00:00
UKA00559,11.4629,27/12/2018,03:00:00
UKA00559,9.96496,27/12/2018,04:00:00
UKA00559,9.27485,27/12/2018,05:00:00
UKA00559,9.79222,27/12/2018,06:00:00
UKA00559,15.14918,27/12/2018,07:00:00
UKA00559,19.06578,27/12/2018,08:00:00
UKA00559,27.42903,27/12/2018,09:00:00
UKA00559,30.67503,27/12/2018,10:00:00
UKA00559,34.2253,27/12/2018,11:00:00
UKA00559,40.65687,27/12/2018,12:00:00
UKA00559,37.31428,27/12/2018,13:00:00
UKA00559,36.36537,27/12/2018,14:00:00
UKA00559,39.65343,27/12/2018,15:00:00
UKA00559,44.91218,27/12/2018,16:00:00
UKA00559,49.34096,27/12/2018,17:00:00
UKA00559,51.27571,27/12/2018,18:00:00
UKA00559,52.33195,27/12/2018,19:00:00
UKA00559,54.76827,27/12/2018,20:00:00
UKA00559,65.23336,27/12/2018,21:00:00
UKA00559,48.16173,27/12/2018,22:00:00
UKA00559,41.90276,27/12/2018,23:00:00
UKA00559,25.80254,27/12/2018,24:00:00
UKA00559,11.14719,28/12/2018,01:00:00
UKA00559,8.76503,28/12/2018,02:00:00
UKA00559,10.95512,28/12/2018,03:00:00
UKA00559,9.1682,28/12/2018,04:00:00
UKA00559,8.13087,28/12/2018,05:00:00
UKA00559,10.84013,28/12/2018,06:00:00
UKA00559,17.98692,28/12/2018,07:00:00
UKA00559,25.3072,28/12/2018,08:00:00
UKA00559,24.50261,28/12/2018,09:00:00
UKA00559,25.25454,28/12/2018,10:00:00
UKA00559,20.35958,28/12/2018,11:00:00
UKA00559,19.89834,28/12/2018,12:00:00
UKA00559,19.26315,28/12/2018,13:00:00
UKA00559,16.44066,28/12/2018,14:00:00
UKA00559,20.2977,28/12/2018,15:00:00
UKA00559,27.62003,28/12/2018,16:00:00
UKA00559,34.94558,28/12/2018,17:00:00
UKA00559,31.37131,28/12/2018,18:00:00
UKA00559,27.44536,28/12/2018,19:00:00
UKA00559,27.50314,28/12/2018,20:00:00
UKA00559,25.54156,28/12/2018,21:00:00
UKA00559,27.21364,28/12/2018,22:00:00
UKA00559,22.94625,28/12/2018,23:00:00
UKA00559,15.56613,28/12/2018,24:00:00
UKA00559,9.08037,29/12/2018,01:00:00
UKA00559,8.69714,29/12/2018,02:00:00
UKA00559,4.9077,29/12/2018,03:00:00
UKA00559,1.84895,29/12/2018,04:00:00
UKA00559,2.54175,29/12/2018,05:00:00
UKA00559,3.29118,29/12/2018,06:00:00
UKA00559,4.33029,29/12/2018,07:00:00
UKA00559,6.17669,29/12/2018,08:00:00
UKA00559,8.48524,29/12/2018,09:00:00
UKA00559,10.67901,29/12/2018,10:00:00
UKA00559,8.89152,29/12/2018,11:00:00
UKA00559,7.27455,29/12/2018,12:00:00
UKA00559,6.23619,29/12/2018,13:00:00
UKA00559,7.56453,29/12/2018,14:00:00
UKA00559,9.41168,29/12/2018,15:00:00
UKA00559,11.60409,29/12/2018,16:00:00
UKA00559,19.624,29/12/2018,17:00:00
UKA00559,26.37508,29/12/2018,18:00:00
UKA00559,21.2943,29/12/2018,19:00:00
UKA00559,29.31406,29/12/2018,20:00:00
UKA00559,32.08327,29/12/2018,21:00:00
UKA00559,51.94874,29/12/2018,22:00:00
UKA00559,58.23643,29/12/2018,23:00:00
UKA00559,55.10283,29/12/2018,24:00:00
UKA00559,36.50758,30/12/2018,01:00:00
UKA00559,22.41516,30/12/2018,02:00:00
UKA00559,9.76387,30/12/2018,03:00:00
UKA00559,7.28114,30/12/2018,04:00:00
UKA00559,6.06756,30/12/2018,05:00:00
UKA00559,5.20112,30/12/2018,06:00:00
UKA00559,4.73926,30/12/2018,07:00:00
UKA00559,6.8761,30/12/2018,08:00:00
UKA00559,8.31975,30/12/2018,09:00:00
UKA00559,8.14881,30/12/2018,10:00:00
UKA00559,8.033,30/12/2018,11:00:00
UKA00559,7.51323,30/12/2018,12:00:00
UKA00559,6.9357,30/12/2018,13:00:00
UKA00559,9.4782,30/12/2018,14:00:00
UKA00559,14.56166,30/12/2018,15:00:00
UKA00559,8.66673,30/12/2018,16:00:00
UKA00559,11.72885,30/12/2018,17:00:00
UKA00559,14.15321,30/12/2018,18:00:00
UKA00559,19.06232,30/12/2018,19:00:00
UKA00559,22.12413,30/12/2018,20:00:00
UKA00559,9.01263,30/12/2018,21:00:00
UKA00559,14.38314,30/12/2018,22:00:00
UKA00559,14.38391,30/12/2018,23:00:00
UKA00559,11.49598,30/12/2018,24:00:00
UKA00559,4.01069,31/12/2018,01:00:00
UKA00559,2.54596,31/12/2018,02:00:00
UKA00559,1.10093,31/12/2018,03:00:00
UKA00559,1.96807,31/12/2018,04:00:00
UKA00559,2.25728,31/12/2018,05:00:00
UKA00559,3.99221,31/12/2018,06:00:00
UKA00559,5.7265,31/12/2018,07:00:00
UKA00559,9.36868,31/12/2018,08:00:00
UKA00559,11.56625,31/12/2018,09:00:00
UKA00559,9.369,31/12/2018,10:00:00
UKA00559,16.59792,31/12/2018,11:00:00
UKA00559,18.73783,31/12/2018,12:00:00
UKA00559,14.92112,31/12/2018,13:00:00
UKA00559,10.41068,31/12/2018,14:00:00
UKA00559,11.33548,31/12/2018,15:00:00
UKA00559,13.41584,31/12/2018,16:00:00
UKA00559,13.93613,31/12/2018,17:00:00
UKA00559,11.2772,31/12/2018,18:00:00
UKA00559,9.60055,31/12/2018,19:00:00
UKA00559,11.33469,31/12/2018,20:00:00
UKA00559,7.92343,31/12/2018,21:00:00
UKA00559,6.01508,31/12/2018,22:00:00
UKA00559,4.80171,31/12/2018,23:00:00
UKA00559,4.51186,31/12/2018,24:00:00
UKA00559,3.32141,01/01/2019,01:00:00
UKA00559,8.02794,01/01/2019,02:00:00
UKA00559,7.5255,01/01/2019,03:00:00
UKA00559,5.90522,01/01/2019,04:00:00
UKA00559,4.16904,01/01/2019,05:00:00
UKA00559,5.09557,01/01/2019,06:00:00
UKA00559,3.07005,01/01/2019,07:00:00
UKA00559,6.30964,01/01/2019,08:00:00
UKA00559,5.26917,01/01/2019,09:00:00
UKA00559,5.09606,01/01/2019,10:00:00
UKA00559,6.94862,01/01/2019,11:00:00
UKA00559,7.99153,01/01/2019,12:00:00
UKA00559,11.5806,01/01/2019,13:00:00
UKA00559,12.38943,01/01/2019,14:00:00
UKA00559,14.35741,01/01/2019,15:00:00
UKA00559,13.60464,01/01/2019,16:00:00
UKA00559,19.85364,01/01/2019,17:00:00
UKA00559,30.90871,01/01/2019,18:00:00
UKA00559,30.27006,01/01/2019,19:00:00
UKA00559,41.09382,01/01/2019,20:00:00
UKA00559,46.8851,01/01/2019,21:00:00
UKA00559,35.71087,01/01/2019,22:00:00
UKA00559,27.49195,01/01/2019,23:00:00
UKA00559,21.82031,01/01/2019,24:00:00
UKA00559,17.07221,02/01/2019,01:00:00
UKA00559,22.71109,02/01/2019,02:00:00
UKA00559,25.14258,02/01/2019,03:00:00
UKA00559,37.77463,02/01/2019,04:00:00
UKA00559,37.02178,02/01/2019,05:00:00
UKA00559,51.86548,02/01/2019,06:00:00
UKA00559,62.15653,02/01/2019,07:00:00
UKA00559,68.81456,02/01/2019,08:00:00
UKA00559,73.41219,02/01/2019,09:00:00
UKA00559,74.37642,02/01/2019,10:00:00
UKA00559,71.62469,02/01/2019,11:00:00
UKA00559,57.23228,02/01/2019,12:00:00
UKA00559,34.84052,02/01/2019,13:00:00
UKA00559,13.85815,02/01/2019,14:00:00
UKA00559,16.28848,02/01/2019,15:00:00
UKA00559,19.35931,02/01/2019,16:00:00
UKA00559,27.64452,02/01/2019,17:00:00
UKA00559,34.95353,02/01/2019,18:00:00
UKA00559,32.5187,02/01/2019,19:00:00
UKA00559,30.32174,02/01/2019,20:00:00
UKA00559,21.67713,02/01/2019,21:00:00
UKA00559,22.9503,02/01/2019,22:00:00
UKA00559,29.26824,02/01/2019,23:00:00
UKA00559,27.69376,02/01/2019,24:00:00
UKA00559,34.09859,03/01/2019,01:00:00
UKA00559,28.06825,03/01/2019,02:00:00
UKA00559,26.21226,03/01/2019,03:00:00
UKA00559,25.9232,03/01/2019,04:00:00
UKA00559,29.05508,03/01/2019,05:00:00
UKA00559,24.8212,03/01/2019,06:00:00
UKA00559,26.50388,03/01/2019,07:00:00
UKA00559,31.72396,03/01/2019,08:00:00
UKA00559,38.92483,03/01/2019,09:00:00
UKA00559,23.84287,03/01/2019,10:00:00
UKA00559,17.05591,03/01/2019,11:00:00
UKA00559,15.72164,03/01/2019,12:00:00
UKA00559,18.10198,03/01/2019,13:00:00
UKA00559,15.43276,03/01/2019,14:00:00
UKA00559,17.63299,03/01/2019,15:00:00
UKA00559,19.02473,03/01/2019,16:00:00
UKA00559,20.59007,03/01/2019,17:00:00
UKA00559,35.97357,03/01/2019,18:00:00
UKA00559,37.20163,03/01/2019,19:00:00
UKA00559,38.52512,03/01/2019,20:00:00
UKA00559,35.57283,03/01/2019,21:00:00
UKA00559,30.04419,03/01/2019,22:00:00
UKA00559,34.28286,03/01/2019,23:00:00
UKA00559,20.47274,03/01/2019,24:00:00
UKA00559,17.95908,04/01/2019,01:00:00
UKA00559,13.85694,04/01/2019,02:00:00
UKA00559,27.22618,04/01/2019,03:00:00
UKA00559,40.28869,04/01/2019,04:00:00
UKA00559,36.28416,04/01/2019,05:00:00
UKA00559,44.85447,04/01/2019,06:00:00
UKA00559,53.09416,04/01/2019,07:00:00
UKA00559,60.36242,04/01/2019,08:00:00
UKA00559,64.71834,04/01/2019,09:00:00
UKA00559,60.36908,04/01/2019,10:00:00
UKA00559,56.81279,04/01/2019,11:00:00
UKA00559,40.72878,04/01/2019,12:00:00
UKA00559,33.87805,04/01/2019,13:00:00
UKA00559,33.7476,04/01/2019,14:00:00
UKA00559,46.53393,04/01/2019,15:00:00
UKA00559,57.56629,04/01/2019,16:00:00
UKA00559,73.80987,04/01/2019,17:00:00
UKA00559,74.59907,04/01/2019,18:00:00
UKA00559,69.27142,04/01/2019,19:00:00
UKA00559,65.70335,04/01/2019,20:00:00
UKA00559,53.88021,04/01/2019,21:00:00
UKA00559,44.87449,04/01/2019,22:00:00
UKA00559,45.33881,04/01/2019,23:00:00
UKA00559,39.12685,04/01/2019,24:00:00
UKA00559,37.88687,05/01/2019,01:00:00
UKA00559,33.78066,05/01/2019,02:00:00
UKA00559,29.4019,05/01/2019,03:00:00
UKA00559,22.83752,05/01/2019,04:00:00
UKA00559,18.71302,05/01/2019,05:00:00
UKA00559,15.22561,05/01/2019,06:00:00
UKA00559,12.84312,05/01/2019,07:00:00
UKA00559,18.94469,05/01/2019,08:00:00
UKA00559,24.40774,05/01/2019,09:00:00
UKA00559,32.77957,05/01/2019,10:00:00
UKA00559,38.65845,05/01/2019,11:00:00
UKA00559,37.84635,05/01/2019,12:00:00
UKA00559,35.35608,05/01/2019,13:00:00
UKA00559,31.21096,05/01/2019,14:00:00
UKA00559,28.82757,05/01/2019,15:00:00
UKA00559,43.9377,05/01/2019,16:00:00
UKA00559,47.53575,05/01/2019,17:00:00
UKA00559,48.81639,05/01/2019,18:00:00
UKA00559,49.28456,05/01/2019,19:00:00
UKA00559,49.16586,05/01/2019,20:00:00
UKA00559,50.46461,05/01/2019,21:00:00
UKA00559,45.62215,05/01/2019,22:00:00
UKA00559,38.52647,05/01/2019,23:00:00
UKA00559,35.38926,05/01/2019,24:00:00
UKA00559,27.14438,06/01/2019,01:00:00
UKA00559,18.22769,06/01/2019,02:00:00
UKA00559,15.29908,06/01/2019,03:00:00
UKA00559,14.136,06/01/2019,04:00:00
UKA00559,10.87883,06/01/2019,05:00:00
UKA00559,11.28609,06/01/2019,06:00:00
UKA00559,11.28627,06/01/2019,07:00:00
UKA00559,12.39138,06/01/2019,08:00:00
UKA00559,13.72947,06/01/2019,09:00:00
UKA00559,20.01725,06/01/2019,10:00:00
UKA00559,26.55086,06/01/2019,11:00:00
UKA00559,19.15356,06/01/2019,12:00:00
UKA00559,18.80629,06/01/2019,13:00:00
UKA00559,16.88464,06/01/2019,14:00:00
UKA00559,18.68246,06/01/2019,15:00:00
UKA00559,28.39161,06/01/2019,16:00:00
UKA00559,35.94777,06/01/2019,17:00:00
UKA00559,37.34511,06/01/2019,18:00:00
UKA00559,29.3173,06/01/2019,19:00:00
UKA00559,26.23422,06/01/2019,20:00:00
UKA00559,22.85983,06/01/2019,21:00:00
UKA00559,24.25534,06/01/2019,22:00:00
UKA00559,19.42782,06/01/2019,23:00:00
UKA00559,7.50626,06/01/2019,24:00:00
UKA00559,5.51442,07/01/2019,01:00:00
UKA00559,5.05023,07/01/2019,02:00:00
UKA00559,4.71981,07/01/2019,03:00:00
UKA00559,4.02033,07/01/2019,04:00:00
UKA00559,5.59279,07/01/2019,05:00:00
UKA00559,10.59952,07/01/2019,06:00:00
UKA00559,14.79111,07/01/2019,07:00:00
UKA00559,20.26335,07/01/2019,08:00:00
UKA00559,19.44933,07/01/2019,09:00:00
UKA00559,15.14319,07/01/2019,10:00:00
UKA00559,11.76619,07/01/2019,11:00:00
UKA00559,14.32824,07/01/2019,12:00:00
UKA00559,14.21107,07/01/2019,13:00:00
UKA00559,12.69757,07/01/2019,14:00:00
UKA00559,11.5908,07/01/2019,15:00:00
UKA00559,12.11414,07/01/2019,16:00:00
UKA00559,14.32636,07/01/2019,17:00:00
UKA00559,10.25119,07/01/2019,18:00:00
UKA00559,10.30978,07/01/2019,19:00:00
UKA00559,12.58133,07/01/2019,20:00:00
UKA00559,11.70985,07/01/2019,21:00:00
UKA00559,7.9233,07/01/2019,22:00:00
UKA00559,6.93352,07/01/2019,23:00:00
UKA00559,5.07039,07/01/2019,24:00:00
UKA00559,3.57867,08/01/2019,01:00:00
UKA00559,3.96636,08/01/2019,02:00:00
UKA00559,2.68362,08/01/2019,03:00:00
UKA00559,2.97477,08/01/2019,04:00:00
UKA00559,3.21053,08/01/2019,05:00:00
UKA00559,5.07474,08/01/2019,06:00:00
UKA00559,12.18486,08/01/2019,07:00:00
UKA00559,19.1196,08/01/2019,08:00:00
UKA00559,25.35799,08/01/2019,09:00:00
UKA00559,26.47391,08/01/2019,10:00:00
UKA00559,20.71298,08/01/2019,11:00:00
UKA00559,16.8084,08/01/2019,12:00:00
UKA00559,16.74572,08/01/2019,13:00:00
UKA00559,13.59615,08/01/2019,14:00:00
UKA00559,19.428,08/01/2019,15:00:00
UKA00559,22.85531,08/01/2019,16:00:00
UKA00559,34.97884,08/01/2019,17:00:00
UKA00559,41.2226,08/01/2019,18:00:00
UKA00559,45.47525,08/01/2019,19:00:00
UKA00559,52.2093,08/01/2019,20:00:00
UKA00559,45.64776,08/01/2019,21:00:00
UKA00559,45.23681,08/01/2019,22:00:00
UKA00559,37.41961,08/01/2019,23:00:00
UKA00559,31.00756,08/01/2019,24:00:00
UKA00559,25.12587,09/01/2019,01:00:00
UKA00559,21.1597,09/01/2019,02:00:00
UKA00559,35.01481,09/01/2019,03:00:00
UKA00559,24.85571,09/01/2019,04:00:00
UKA00559,27.30736,09/01/2019,05:00:00
UKA00559,51.75086,09/01/2019,06:00:00
UKA00559,50.88909,09/01/2019,07:00:00
UKA00559,59.31798,09/01/2019,08:00:00
UKA00559,62.67584,09/01/2019,09:00:00
UKA00559,56.6528,09/01/2019,10:00:00
UKA00559,49.58497,09/01/2019,11:00:00
UKA00559,43.40378,09/01/2019,12:00:00
UKA00559,39.8055,09/01/2019,13:00:00
UKA00559,39.59536,09/01/2019,14:00:00
UKA00559,44.32956,09/01/2019,15:00:00
UKA00559,57.68348,09/01/2019,16:00:00
UKA00559,70.41344,09/01/2019,17:00:00
UKA00559,75.79059,09/01/2019,18:00:00
UKA00559,83.32659,09/01/2019,19:00:00
UKA00559,79.67554,09/01/2019,20:00:00
UKA00559,78.74584,09/01/2019,21:00:00
UKA00559,76.79955,09/01/2019,22:00:00
UKA00559,73.45207,09/01/2019,23:00:00
UKA00559,71.64592,09/01/2019,24:00:00
UKA00559,68.43967,10/01/2019,01:00:00
UKA00559,63.7789,10/01/2019,02:00:00
UKA00559,52.0127,10/01/2019,03:00:00
UKA00559,47.68684,10/01/2019,04:00:00
UKA00559,44.41195,10/01/2019,05:00:00
UKA00559,45.29128,10/01/2019,06:00:00
UKA00559,49.04294,10/01/2019,07:00:00
UKA00559,65.4677,10/01/2019,08:00:00
UKA00559,71.8648,10/01/2019,09:00:00
UKA00559,68.14982,10/01/2019,10:00:00
UKA00559,69.07692,10/01/2019,11:00:00
UKA00559,54.40144,10/01/2019,12:00:00
UKA00559,60.49684,10/01/2019,13:00:00
UKA00559,58.0614,10/01/2019,14:00:00
UKA00559,54.12617,10/01/2019,15:00:00
UKA00559,53.7688,10/01/2019,16:00:00
UKA00559,53.2818,10/01/2019,17:00:00
UKA00559,49.07471,10/01/2019,18:00:00
UKA00559,40.10634,10/01/2019,19:00:00
UKA00559,37.29756,10/01/2019,20:00:00
UKA00559,35.48005,10/01/2019,21:00:00
UKA00559,37.93169,10/01/2019,22:00:00
UKA00559,27.11767,10/01/2019,23:00:00
UKA00559,34.24528,10/01/2019,24:00:00
UKA00559,44.02151,11/01/2019,01:00:00
UKA00559,25.9107,11/01/2019,02:00:00
UKA00559,20.37212,11/01/2019,03:00:00
UKA00559,20.54837,11/01/2019,04:00:00
UKA00559,18.38244,11/01/2019,05:00:00
UKA00559,22.42147,11/01/2019,06:00:00
UKA00559,26.46258,11/01/2019,07:00:00
UKA00559,39.98555,11/01/2019,08:00:00
UKA00559,58.41413,11/01/2019,09:00:00
UKA00559,60.43749,11/01/2019,10:00:00
UKA00559,46.88915,11/01/2019,11:00:00
UKA00559,40.10844,11/01/2019,12:00:00
UKA00559,28.99786,11/01/2019,13:00:00
UKA00559,39.02209,11/01/2019,14:00:00
UKA00559,46.07125,11/01/2019,15:00:00
UKA00559,45.26758,11/01/2019,16:00:00
UKA00559,51.39857,11/01/2019,17:00:00
UKA00559,65.57333,11/01/2019,18:00:00
UKA00559,68.68066,11/01/2019,19:00:00
UKA00559,58.8373,11/01/2019,20:00:00
UKA00559,39.56945,11/01/2019,21:00:00
UKA00559,37.98895,11/01/2019,22:00:00
UKA00559,25.40322,11/01/2019,23:00:00
UKA00559,15.74788,11/01/2019,24:00:00
UKA00559,10.47853,12/01/2019,01:00:00
UKA00559,6.10312,12/01/2019,02:00:00
UKA00559,4.34262,12/01/2019,03:00:00
UKA00559,3.5801,12/01/2019,04:00:00
UKA00559,4.69383,12/01/2019,05:00:00
UKA00559,3.17003,12/01/2019,06:00:00
UKA00559,3.2294,12/01/2019,07:00:00
UKA00559,5.63145,12/01/2019,08:00:00
UKA00559,8.15496,12/01/2019,09:00:00
UKA00559,24.70208,12/01/2019,10:00:00
UKA00559,20.18212,12/01/2019,11:00:00
UKA00559,22.35517,12/01/2019,12:00:00
UKA00559,16.37872,12/01/2019,13:00:00
UKA00559,13.14733,12/01/2019,14:00:00
UKA00559,12.20872,12/01/2019,15:00:00
UKA00559,10.79645,12/01/2019,16:00:00
UKA00559,10.8511,12/01/2019,17:00:00
UKA00559,12.02244,12/01/2019,18:00:00
UKA00559,10.67524,12/01/2019,19:00:00
UKA00559,8.50716,12/01/2019,20:00:00
UKA00559,8.09461,12/01/2019,21:00:00
UKA00559,7.09762,12/01/2019,22:00:00
UKA00559,5.80954,12/01/2019,23:00:00
UKA00559,4.69234,12/01/2019,24:00:00
UKA00559,3.29294,13/01/2019,01:00:00
UKA00559,2.82465,13/01/2019,02:00:00
UKA00559,2.70536,13/01/2019,03:00:00
UKA00559,1.82465,13/01/2019,04:00:00
UKA00559,1.0611,13/01/2019,05:00:00
UKA00559,1.06163,13/01/2019,06:00:00
UKA00559,1.35494,13/01/2019,07:00:00
UKA00559,2.35281,13/01/2019,08:00:00
UKA00559,3.64478,13/01/2019,09:00:00
UKA00559,4.58554,13/01/2019,10:00:00
UKA00559,6.17108,13/01/2019,11:00:00
UKA00559,5.17507,13/01/2019,12:00:00
UKA00559,4.29462,13/01/2019,13:00:00
UKA00559,5.58633,13/01/2019,14:00:00
UKA00559,7.4673,13/01/2019,15:00:00
UKA00559,6.76327,13/01/2019,16:00:00
UKA00559,7.407,13/01/2019,17:00:00
UKA00559,7.52309,13/01/2019,18:00:00
UKA00559,7.22979,13/01/2019,19:00:00
UKA00559,8.81507,13/01/2019,20:00:00
UKA00559,7.64159,13/01/2019,21:00:00
UKA00559,6.76008,13/01/2019,22:00:00
UKA00559,5.64292,13/01/2019,23:00:00
UKA00559,4.93835,13/01/2019,24:00:00
UKA00559,3.69304,14/01/2019,01:00:00
UKA00559,2.04633,14/01/2019,02:00:00
UKA00559,2.06518,14/01/2019,03:00:00
UKA00559,2.30014,14/01/2019,04:00:00
UKA00559,3.18259,14/01/2019,05:00:00
UKA00559,6.59504,14/01/2019,06:00:00
UKA00559,15.35816,14/01/2019,07:00:00
UKA00559,23.1837,14/01/2019,08:00:00
UKA00559,29.77874,14/01/2019,09:00:00
UKA00559,30.44888,14/01/2019,10:00:00
UKA00559,29.11917,14/01/2019,11:00:00
UKA00559,25.57267,14/01/2019,12:00:00
UKA00559,19.85639,14/01/2019,13:00:00
UKA00559,27.16424,14/01/2019,14:00:00
UKA00559,21.72362,14/01/2019,15:00:00
UKA00559,31.90075,14/01/2019,16:00:00
UKA00559,35.24929,14/01/2019,17:00:00
UKA00559,36.6718,14/01/2019,18:00:00
UKA00559,52.25642,14/01/2019,19:00:00
UKA00559,36.59543,14/01/2019,20:00:00
UKA00559,30.29982,14/01/2019,21:00:00
UKA00559,30.65042,14/01/2019,22:00:00
UKA00559,18.297,14/01/2019,23:00:00
UKA00559,9.35774,14/01/2019,24:00:00
UKA00559,6.28833,15/01/2019,01:00:00
UKA00559,4.56276,15/01/2019,02:00:00
UKA00559,5.01169,15/01/2019,03:00:00
UKA00559,4.89567,15/01/2019,04:00:00
UKA00559,4.30629,15/01/2019,05:00:00
UKA00559,6.31007,15/01/2019,06:00:00
UKA00559,13.08628,15/01/2019,07:00:00
UKA00559,19.33263,15/01/2019,08:00:00
UKA00559,29.71095,15/01/2019,09:00:00
UKA00559,33.07802,15/01/2019,10:00:00
UKA00559,26.951,15/01/2019,11:00:00
UKA00559,12.3863,15/01/2019,12:00:00
UKA00559,12.20868,15/01/2019,13:00:00
UKA00559,13.32823,15/01/2019,14:00:00
UKA00559,9.84815,15/01/2019,15:00:00
UKA00559,11.49607,15/01/2019,16:00:00
UKA00559,12.91016,15/01/2019,17:00:00
UKA00559,22.27953,15/01/2019,18:00:00
UKA00559,18.74535,15/01/2019,19:00:00
UKA00559,15.79605,15/01/2019,20:00:00
UKA00559,12.78994,15/01/2019,21:00:00
UKA00559,9.96326,15/01/2019,22:00:00
UKA00559,6.31067,15/01/2019,23:00:00
UKA00559,4.83677,15/01/2019,24:00:00
UKA00559,3.62576,16/01/2019,01:00:00
UKA00559,2.75993,16/01/2019,02:00:00
UKA00559,2.54294,16/01/2019,03:00:00
UKA00559,1.89611,16/01/2019,04:00:00
UKA00559,1.95416,16/01/2019,05:00:00
UKA00559,3.07526,16/01/2019,06:00:00
UKA00559,5.67211,16/01/2019,07:00:00
UKA00559,9.62989,16/01/2019,08:00:00
UKA00559,14.11936,16/01/2019,09:00:00
UKA00559,12.75779,16/01/2019,10:00:00
UKA00559,9.80977,16/01/2019,11:00:00
UKA00559,10.69167,16/01/2019,12:00:00
UKA00559,23.56874,16/01/2019,13:00:00
UKA00559,22.91905,16/01/2019,14:00:00
UKA00559,21.91724,16/01/2019,15:00:00
UKA00559,29.75216,16/01/2019,16:00:00
UKA00559,28.51338,16/01/2019,17:00:00
UKA00559,41.50273,16/01/2019,18:00:00
UKA00559,40.85495,16/01/2019,19:00:00
UKA00559,39.79541,16/01/2019,20:00:00
UKA00559,31.34912,16/01/2019,21:00:00
UKA00559,24.50009,16/01/2019,22:00:00
UKA00559,22.72771,16/01/2019,23:00:00
UKA00559,21.84009,16/01/2019,24:00:00
UKA00559,13.56344,17/01/2019,01:00:00
UKA00559,9.62421,17/01/2019,02:00:00
UKA00559,8.10703,17/01/2019,03:00:00
UKA00559,6.156,17/01/2019,04:00:00
UKA00559,5.85713,17/01/2019,05:00:00
UKA00559,8.34243,17/01/2019,06:00:00
UKA00559,23.78347,17/01/2019,07:00:00
UKA00559,30.75515,17/01/2019,08:00:00
UKA00559,38.8165,17/01/2019,09:00:00
UKA00559,38.36584,17/01/2019,10:00:00
UKA00559,28.19696,17/01/2019,11:00:00
UKA00559,23.94632,17/01/2019,12:00:00
UKA00559,17.89577,17/01/2019,13:00:00
UKA00559,16.82959,17/01/2019,14:00:00
UKA00559,20.20578,17/01/2019,15:00:00
UKA00559,29.36288,17/01/2019,16:00:00
UKA00559,46.49572,17/01/2019,17:00:00
UKA00559,69.8171,17/01/2019,18:00:00
UKA00559,72.51732,17/01/2019,19:00:00
UKA00559,75.52545,17/01/2019,20:00:00
UKA00559,74.36389,17/01/2019,21:00:00
UKA00559,76.72724,17/01/2019,22:00:00
UKA00559,71.11258,17/01/2019,23:00:00
UKA00559,65.03486,17/01/2019,24:00:00
UKA00559,58.35831,18/01/2019,01:00:00
UKA00559,51.61991,18/01/2019,02:00:00
UKA00559,40.00657,18/01/2019,03:00:00
UKA00559,22.74791,18/01/2019,04:00:00
UKA00559,19.72665,18/01/2019,05:00:00
UKA00559,22.33635,18/01/2019,06:00:00
UKA00559,26.96375,18/01/2019,07:00:00
UKA00559,32.6053,18/01/2019,08:00:00
UKA00559,34.22274,18/01/2019,09:00:00
UKA00559,31.68319,18/01/2019,10:00:00
UKA00559,24.85131,18/01/2019,11:00:00
UKA00559,26.16286,18/01/2019,12:00:00
UKA00559,25.27912,18/01/2019,13:00:00
UKA00559,18.15477,18/01/2019,14:00:00
UKA00559,17.67447,18/01/2019,15:00:00
UKA00559,18.80419,18/01/2019,16:00:00
UKA00559,19.92403,18/01/2019,17:00:00
UKA00559,21.16438,18/01/2019,18:00:00
UKA00559,16.83932,18/01/2019,19:00:00
UKA00559,16.12541,18/01/2019,20:00:00
UKA00559,13.45757,18/01/2019,21:00:00
UKA00559,17.42531,18/01/2019,22:00:00
UKA00559,14.16443,18/01/2019,23:00:00
UKA00559,15.87908,18/01/2019,24:00:00
UKA00559,12.03113,19/01/2019,01:00:00
UKA00559,8.70809,19/01/2019,02:00:00
UKA00559,8.3118,19/01/2019,03:00:00
UKA00559,7.60025,19/01/2019,04:00:00
UKA00559,6.47141,19/01/2019,05:00:00
UKA00559,7.83558,19/01/2019,06:00:00
UKA00559,9.67746,19/01/2019,07:00:00
UKA00559,10.9286,19/01/2019,08:00:00
UKA00559,15.86387,19/01/2019,09:00:00
UKA00559,20.09909,19/01/2019,10:00:00
UKA00559,22.66512,19/01/2019,11:00:00
UKA00559,24.74789,19/01/2019,12:00:00
UKA00559,26.7784,19/01/2019,13:00:00
UKA00559,28.13591,19/01/2019,14:00:00
UKA00559,31.33344,19/01/2019,15:00:00
UKA00559,33.4188,19/01/2019,16:00:00
UKA00559,39.35172,19/01/2019,17:00:00
UKA00559,42.48588,19/01/2019,18:00:00
UKA00559,37.59396,19/01/2019,19:00:00
UKA00559,31.70254,19/01/2019,20:00:00
UKA00559,31.41163,19/01/2019,21:00:00
UKA00559,28.86042,19/01/2019,22:00:00
UKA00559,30.44769,19/01/2019,23:00:00
UKA00559,29.61978,19/01/2019,24:00:00
UKA00559,27.10747,20/01/2019,01:00:00
UKA00559,27.11161,20/01/2019,02:00:00
UKA00559,25.79824,20/01/2019,03:00:00
UKA00559,25.09057,20/01/2019,04:00:00
UKA00559,23.53626,20/01/2019,05:00:00
UKA00559,23.72065,20/01/2019,06:00:00
UKA00559,25.3852,20/01/2019,07:00:00
UKA00559,25.92362,20/01/2019,08:00:00
UKA00559,28.49731,20/01/2019,09:00:00
UKA00559,32.83376,20/01/2019,10:00:00
UKA00559,30.17234,20/01/2019,11:00:00
UKA00559,27.70967,20/01/2019,12:00:00
UKA00559,26.61421,20/01/2019,13:00:00
UKA00559,27.66115,20/01/2019,14:00:00
UKA00559,39.6783,20/01/2019,15:00:00
UKA00559,54.95003,20/01/2019,16:00:00
UKA00559,59.87652,20/01/2019,17:00:00
UKA00559,49.2157,20/01/2019,18:00:00
UKA00559,53.52343,20/01/2019,19:00:00
UKA00559,52.95278,20/01/2019,20:00:00
UKA00559,56.88242,20/01/2019,21:00:00
UKA00559,55.51987,20/01/2019,22:00:00
UKA00559,50.85501,20/01/2019,23:00:00
UKA00559,46.63425,20/01/2019,24:00:00
UKA00559,45.4544,21/01/2019,01:00:00
UKA00559,41.54393,21/01/2019,02:00:00
UKA00559,39.65053,21/01/2019,03:00:00
UKA00559,35.64808,21/01/2019,04:00:00
UKA00559,34.30401,21/01/2019,05:00:00
UKA00559,33.03621,21/01/2019,06:00:00
UKA00559,35.79777,21/01/2019,07:00:00
UKA00559,36.44703,21/01/2019,08:00:00
UKA00559,34.6599,21/01/2019,09:00:00
UKA00559,33.24646,21/01/2019,10:00:00
UKA00559,30.37635,21/01/2019,11:00:00
UKA00559,23.848,21/01/2019,12:00:00
UKA00559,26.4542,21/01/2019,13:00:00
UKA00559,28.68885,21/01/2019,14:00:00
UKA00559,21.2153,21/01/2019,15:00:00
UKA00559,25.86159,21/01/2019,16:00:00
UKA00559,27.88262,21/01/2019,17:00:00
UKA00559,24.84417,21/01/2019,18:00:00
UKA00559,22.87979,21/01/2019,19:00:00
UKA00559,22.34236,21/01/2019,20:00:00
UKA00559,17.15701,21/01/2019,21:00:00
UKA00559,14.71224,21/01/2019,22:00:00
UKA00559,11.02103,21/01/2019,23:00:00
UKA00559,8.04208,21/01/2019,24:00:00
UKA00559,6.52329,22/01/2019,01:00:00
UKA00559,5.41269,22/01/2019,02:00:00
UKA00559,4.71455,22/01/2019,03:00:00
UKA00559,6.38256,22/01/2019,04:00:00
UKA00559,5.78923,22/01/2019,05:00:00
UKA00559,8.23187,22/01/2019,06:00:00
UKA00559,13.89388,22/01/2019,07:00:00
UKA00559,27.90271,22/01/2019,08:00:00
UKA00559,37.82459,22/01/2019,09:00:00
UKA00559,35.46566,22/01/2019,10:00:00
UKA00559,24.84778,22/01/2019,11:00:00
UKA00559,18.15163,22/01/2019,12:00:00
UKA00559,16.65646,22/01/2019,13:00:00
UKA00559,16.40457,22/01/2019,14:00:00
UKA00559,20.64412,22/01/2019,15:00:00
UKA00559,28.63214,22/01/2019,16:00:00
UKA00559,36.85258,22/01/2019,17:00:00
UKA00559,53.45326,22/01/2019,18:00:00
UKA00559,68.97341,22/01/2019,19:00:00
UKA00559,64.77906,22/01/2019,20:00:00
UKA00559,31.3182,22/01/2019,21:00:00
UKA00559,34.33893,22/01/2019,22:00:00
UKA00559,32.07844,22/01/2019,23:00:00
UKA00559,33.26679,22/01/2019,24:00:00
UKA00559,29.85659,23/01/2019,01:00:00
UKA00559,21.65707,23/01/2019,02:00:00
UKA00559,12.90492,23/01/2019,03:00:00
UKA00559,12.06714,23/01/2019,04:00:00
UKA00559,20.54709,23/01/2019,05:00:00
UKA00559,21.68417,23/01/2019,06:00:00
UKA00559,26.81741,23/01/2019,07:00:00
UKA00559,40.67948,23/01/2019,08:00:00
UKA00559,49.48384,23/01/2019,09:00:00
UKA00559,46.20985,23/01/2019,10:00:00
UKA00559,43.73221,23/01/2019,11:00:00
UKA00559,39.37882,23/01/2019,12:00:00
UKA00559,35.88411,23/01/2019,13:00:00
UKA00559,33.11442,23/01/2019,14:00:00
UKA00559,34.94038,23/01/2019,15:00:00
UKA00559,44.614,23/01/2019,16:00:00
UKA00559,65.54696,23/01/2019,17:00:00
UKA00559,88.36513,23/01/2019,18:00:00
UKA00559,97.28098,23/01/2019,19:00:00
UKA00559,96.0362,23/01/2019,20:00:00
UKA00559,85.69047,23/01/2019,21:00:00
UKA00559,75.00133,23/01/2019,22:00:00
UKA00559,65.81106,23/01/2019,23:00:00
UKA00559,61.12865,23/01/2019,24:00:00
UKA00559,53.9441,24/01/2019,01:00:00
UKA00559,36.53117,24/01/2019,02:00:00
UKA00559,23.33145,24/01/2019,03:00:00
UKA00559,20.2808,24/01/2019,04:00:00
UKA00559,19.91937,24/01/2019,05:00:00
UKA00559,21.95375,24/01/2019,06:00:00
UKA00559,32.8421,24/01/2019,07:00:00
UKA00559,55.30046,24/01/2019,08:00:00
UKA00559,60.49017,24/01/2019,09:00:00
UKA00559,54.35564,24/01/2019,10:00:00
UKA00559,45.32896,24/01/2019,11:00:00
UKA00559,38.36553,24/01/2019,12:00:00
UKA00559,34.54002,24/01/2019,13:00:00
UKA00559,35.0895,24/01/2019,14:00:00
UKA00559,49.45567,24/01/2019,15:00:00
UKA00559,54.75142,24/01/2019,16:00:00
UKA00559,61.01374,24/01/2019,17:00:00
UKA00559,67.04544,24/01/2019,18:00:00
UKA00559,73.53526,24/01/2019,19:00:00
UKA00559,73.95121,24/01/2019,20:00:00
UKA00559,72.92352,24/01/2019,21:00:00
UKA00559,72.36005,24/01/2019,22:00:00
UKA00559,67.51936,24/01/2019,23:00:00
UKA00559,45.19084,24/01/2019,24:00:00
UKA00559,38.43268,25/01/2019,01:00:00
UKA00559,32.27825,25/01/2019,02:00:00
UKA00559,17.61738,25/01/2019,03:00:00
UKA00559,11.68948,25/01/2019,04:00:00
UKA00559,10.79179,25/01/2019,05:00:00
UKA00559,15.46178,25/01/2019,06:00:00
UKA00559,23.79145,25/01/2019,07:00:00
UKA00559,39.38915,25/01/2019,08:00:00
UKA00559,45.77568,25/01/2019,09:00:00
UKA00559,42.30467,25/01/2019,10:00:00
UKA00559,23.39799,25/01/2019,11:00:00
UKA00559,19.08536,25/01/2019,12:00:00
UKA00559,15.31306,25/01/2019,13:00:00
UKA00559,13.38889,25/01/2019,14:00:00
UKA00559,15.90281,25/01/2019,15:00:00
UKA00559,18.17102,25/01/2019,16:00:00
UKA00559,18.57828,25/01/2019,17:00:00
UKA00559,19.41657,25/01/2019,18:00:00
UKA00559,18.93659,25/01/2019,19:00:00
UKA00559,18.09593,25/01/2019,20:00:00
UKA00559,16.06151,25/01/2019,21:00:00
UKA00559,24.75663,25/01/2019,22:00:00
UKA00559,17.38215,25/01/2019,23:00:00
UKA00559,6.53904,25/01/2019,24:00:00
UKA00559,4.486,26/01/2019,01:00:00
UKA00559,2.48948,26/01/2019,02:00:00
UKA00559,3.30995,26/01/2019,03:00:00
UKA00559,2.46981,26/01/2019,04:00:00
UKA00559,1.92807,26/01/2019,05:00:00
UKA00559,2.94813,26/01/2019,06:00:00
UKA00559,4.02817,26/01/2019,07:00:00
UKA00559,4.80883,26/01/2019,08:00:00
UKA00559,7.99045,26/01/2019,09:00:00
UKA00559,11.17404,26/01/2019,10:00:00
UKA00559,15.08966,26/01/2019,11:00:00
UKA00559,23.41302,26/01/2019,12:00:00
UKA00559,27.73731,26/01/2019,13:00:00
UKA00559,15.04497,26/01/2019,14:00:00
UKA00559,18.84804,26/01/2019,15:00:00
UKA00559,13.30521,26/01/2019,16:00:00
UKA00559,10.87565,26/01/2019,17:00:00
UKA00559,9.73416,26/01/2019,18:00:00
UKA00559,10.98721,26/01/2019,19:00:00
UKA00559,11.16763,26/01/2019,20:00:00
UKA00559,9.55275,26/01/2019,21:00:00
UKA00559,7.98749,26/01/2019,22:00:00
UKA00559,8.70965,26/01/2019,23:00:00
UKA00559,7.99045,26/01/2019,24:00:00
UKA00559,7.45843,27/01/2019,01:00:00
UKA00559,6.41786,27/01/2019,02:00:00
UKA00559,6.14263,27/01/2019,03:00:00
UKA00559,5.72009,27/01/2019,04:00:00
UKA00559,5.54192,27/01/2019,05:00:00
UKA00559,3.13548,27/01/2019,06:00:00
UKA00559,4.15414,27/01/2019,07:00:00
UKA00559,4.69938,27/01/2019,08:00:00
UKA00559,6.20373,27/01/2019,09:00:00
UKA00559,5.30929,27/01/2019,10:00:00
UKA00559,5.9808,27/01/2019,11:00:00
UKA00559,5.49359,27/01/2019,12:00:00
UKA00559,5.91818,27/01/2019,13:00:00
UKA00559,7.25303,27/01/2019,14:00:00
UKA00559,7.90259,27/01/2019,15:00:00
UKA00559,7.9504,27/01/2019,16:00:00
UKA00559,8.48645,27/01/2019,17:00:00
UKA00559,8.36784,27/01/2019,18:00:00
UKA00559,7.70756,27/01/2019,19:00:00
UKA00559,9.273,27/01/2019,20:00:00
UKA00559,10.78194,27/01/2019,21:00:00
UKA00559,9.15031,27/01/2019,22:00:00
UKA00559,7.88318,27/01/2019,23:00:00
UKA00559,7.10174,27/01/2019,24:00:00
UKA00559,7.15622,28/01/2019,01:00:00
UKA00559,8.27866,28/01/2019,02:00:00
UKA00559,7.11417,28/01/2019,03:00:00
UKA00559,6.92785,28/01/2019,04:00:00
UKA00559,7.41607,28/01/2019,05:00:00
UKA00559,13.13051,28/01/2019,06:00:00
UKA00559,24.63224,28/01/2019,07:00:00
UKA00559,44.47158,28/01/2019,08:00:00
UKA00559,58.23444,28/01/2019,09:00:00
UKA00559,46.64829,28/01/2019,10:00:00
UKA00559,39.0264,28/01/2019,11:00:00
UKA00559,23.46218,28/01/2019,12:00:00
UKA00559,19.63827,28/01/2019,13:00:00
UKA00559,15.46551,28/01/2019,14:00:00
UKA00559,19.44773,28/01/2019,15:00:00
UKA00559,22.86045,28/01/2019,16:00:00
UKA00559,39.94889,28/01/2019,17:00:00
UKA00559,57.11598,28/01/2019,18:00:00
UKA00559,64.09397,28/01/2019,19:00:00
UKA00559,75.33605,28/01/2019,20:00:00
UKA00559,64.14833,28/01/2019,21:00:00
UKA00559,38.41246,28/01/2019,22:00:00
UKA00559,34.37851,28/01/2019,23:00:00
UKA00559,24.92833,28/01/2019,24:00:00
UKA00559,12.70834,29/01/2019,01:00:00
UKA00559,9.17421,29/01/2019,02:00:00
UKA00559,8.14733,29/01/2019,03:00:00
UKA00559,9.4759,29/01/2019,04:00:00
UKA00559,7.30251,29/01/2019,05:00:00
UKA00559,11.2236,29/01/2019,06:00:00
UKA00559,20.27655,29/01/2019,07:00:00
UKA00559,29.75573,29/01/2019,08:00:00
UKA00559,32.31471,29/01/2019,09:00:00
UKA00559,40.06909,29/01/2019,10:00:00
UKA00559,29.24716,29/01/2019,11:00:00
UKA00559,18.42632,29/01/2019,12:00:00
UKA00559,19.42331,29/01/2019,13:00:00
UKA00559,21.28391,29/01/2019,14:00:00
UKA00559,29.59924,29/01/2019,15:00:00
UKA00559,36.70295,29/01/2019,16:00:00
UKA00559,44.7098,29/01/2019,17:00:00
UKA00559,58.30122,29/01/2019,18:00:00
UKA00559,49.83923,29/01/2019,19:00:00
UKA00559,36.28297,29/01/2019,20:00:00
UKA00559,26.85915,29/01/2019,21:00:00
UKA00559,22.3294,29/01/2019,22:00:00
UKA00559,19.72816,29/01/2019,23:00:00
UKA00559,21.29125,29/01/2019,24:00:00
UKA00559,20.53757,30/01/2019,01:00:00
UKA00559,17.80338,30/01/2019,02:00:00
UKA00559,14.26361,30/01/2019,03:00:00
UKA00559,7.49567,30/01/2019,04:00:00
UKA00559,7.07595,30/01/2019,05:00:00
UKA00559,10.39702,30/01/2019,06:00:00
UKA00559,26.71521,30/01/2019,07:00:00
UKA00559,29.13422,30/01/2019,08:00:00
UKA00559,61.03523,30/01/2019,09:00:00
UKA00559,44.22862,30/01/2019,10:00:00
UKA00559,26.37039,30/01/2019,11:00:00
UKA00559,17.89315,30/01/2019,12:00:00
UKA00559,23.69416,30/01/2019,13:00:00
UKA00559,19.87047,30/01/2019,14:00:00
UKA00559,20.40135,30/01/2019,15:00:00
UKA00559,31.52553,30/01/2019,16:00:00
UKA00559,56.31365,30/01/2019,17:00:00
UKA00559,74.98577,30/01/2019,18:00:00
UKA00559,93.8591,30/01/2019,19:00:00
UKA00559,88.20959,30/01/2019,20:00:00
UKA00559,94.55534,30/01/2019,21:00:00
UKA00559,80.66129,30/01/2019,22:00:00
UKA00559,77.08716,30/01/2019,23:00:00
UKA00559,69.21181,30/01/2019,24:00:00
UKA00559,60.89038,31/01/2019,01:00:00
UKA00559,57.1039,31/01/2019,02:00:00
UKA00559,50.02836,31/01/2019,03:00:00
UKA00559,43.41286,31/01/2019,04:00:00
UKA00559,41.61068,31/01/2019,05:00:00
UKA00559,43.34651,31/01/2019,06:00:00
UKA00559,53.33496,31/01/2019,07:00:00
UKA00559,65.74651,31/01/2019,08:00:00
UKA00559,70.04581,31/01/2019,09:00:00
UKA00559,57.51458,31/01/2019,10:00:00
UKA00559,37.63115,31/01/2019,11:00:00
UKA00559,32.33001,31/01/2019,12:00:00
UKA00559,31.29349,31/01/2019,13:00:00
UKA00559,44.95729,31/01/2019,14:00:00
UKA00559,52.92279,31/01/2019,15:00:00
UKA00559,48.88369,31/01/2019,16:00:00
UKA00559,47.39847,31/01/2019,17:00:00
UKA00559,56.77197,31/01/2019,18:00:00
UKA00559,56.10749,31/01/2019,19:00:00
UKA00559,40.97465,31/01/2019,20:00:00
UKA00559,37.20641,31/01/2019,21:00:00
UKA00559,24.17217,31/01/2019,22:00:00
UKA00559,20.8347,31/01/2019,23:00:00
UKA00559,17.61524,31/01/2019,24:00:00
UKA00559,15.84142,01/02/2019,01:00:00
UKA00559,14.87331,01/02/2019,02:00:00
UKA00559,14.54854,01/02/2019,03:00:00
UKA00559,15.94015,01/02/2019,04:00:00
UKA00559,15.45749,01/02/2019,05:00:00
UKA00559,18.06143,01/02/2019,06:00:00
UKA00559,26.25033,01/02/2019,07:00:00
UKA00559,32.25859,01/02/2019,08:00:00
UKA00559,35.74202,01/02/2019,09:00:00
UKA00559,34.42832,01/02/2019,10:00:00
UKA00559,31.91245,01/02/2019,11:00:00
UKA00559,28.74915,01/02/2019,12:00:00
UKA00559,27.03503,01/02/2019,13:00:00
UKA00559,22.65461,01/02/2019,14:00:00
UKA00559,23.66553,01/02/2019,15:00:00
UKA00559,27.14178,01/02/2019,16:00:00
UKA00559,30.018,01/02/2019,17:00:00
UKA00559,31.5355,01/02/2019,18:00:00
UKA00559,31.83948,01/02/2019,19:00:00
UKA00559,33.52909,01/02/2019,20:00:00
UKA00559,38.69076,01/02/2019,21:00:00
UKA00559,56.40978,01/02/2019,22:00:00
UKA00559,53.41125,01/02/2019,23:00:00
UKA00559,48.04877,01/02/2019,24:00:00
UKA00559,43.7297,02/02/2019,01:00:00
UKA00559,40.8093,02/02/2019,02:00:00
UKA00559,38.43437,02/02/2019,03:00:00
UKA00559,39.33678,02/02/2019,04:00:00
UKA00559,36.6006,02/02/2019,05:00:00
UKA00559,33.63411,02/02/2019,06:00:00
UKA00559,35.51499,02/02/2019,07:00:00
UKA00559,37.52333,02/02/2019,08:00:00
UKA00559,36.36012,02/02/2019,09:00:00
UKA00559,38.10858,02/02/2019,10:00:00
UKA00559,28.17587,02/02/2019,11:00:00
UKA00559,26.61242,02/02/2019,12:00:00
UKA00559,24.77681,02/02/2019,13:00:00
UKA00559,23.29834,02/02/2019,14:00:00
UKA00559,20.64591,02/02/2019,15:00:00
UKA00559,21.05756,02/02/2019,16:00:00
UKA00559,25.58257,02/02/2019,17:00:00
UKA00559,40.50028,02/02/2019,18:00:00
UKA00559,44.20262,02/02/2019,19:00:00
UKA00559,39.40421,02/02/2019,20:00:00
UKA00559,43.96246,02/02/2019,21:00:00
UKA00559,48.84061,02/02/2019,22:00:00
UKA00559,63.935,02/02/2019,23:00:00
UKA00559,65.60129,02/02/2019,24:00:00
UKA00559,64.0946,03/02/2019,01:00:00
UKA00559,49.34809,03/02/2019,02:00:00
UKA00559,41.13831,03/02/2019,03:00:00
UKA00559,36.06499,03/02/2019,04:00:00
UKA00559,41.02314,03/02/2019,05:00:00
UKA00559,31.02649,03/02/2019,06:00:00
UKA00559,23.89778,03/02/2019,07:00:00
UKA00559,28.82364,03/02/2019,08:00:00
UKA00559,29.22043,03/02/2019,09:00:00
UKA00559,18.22014,03/02/2019,10:00:00
UKA00559,16.4685,03/02/2019,11:00:00
UKA00559,16.84567,03/02/2019,12:00:00
UKA00559,13.72586,03/02/2019,13:00:00
UKA00559,14.70547,03/02/2019,14:00:00
UKA00559,14.26312,03/02/2019,15:00:00
UKA00559,19.18519,03/02/2019,16:00:00
UKA00559,23.00361,03/02/2019,17:00:00
UKA00559,21.53737,03/02/2019,18:00:00
UKA00559,18.12774,03/02/2019,19:00:00
UKA00559,21.4127,03/02/2019,20:00:00
UKA00559,16.12423,03/02/2019,21:00:00
UKA00559,13.26832,03/02/2019,22:00:00
UKA00559,10.10296,03/02/2019,23:00:00
UKA00559,6.87875,03/02/2019,24:00:00
UKA00559,4.07386,04/02/2019,01:00:00
UKA00559,3.90986,04/02/2019,02:00:00
UKA00559,3.42113,04/02/2019,03:00:00
UKA00559,2.69096,04/02/2019,04:00:00
UKA00559,2.44887,04/02/2019,05:00:00
UKA00559,3.78621,04/02/2019,06:00:00
UKA00559,6.64735,04/02/2019,07:00:00
UKA00559,15.12013,04/02/2019,08:00:00
UKA00559,23.35081,04/02/2019,09:00:00
UKA00559,16.82321,04/02/2019,10:00:00
UKA00559,20.55508,04/02/2019,11:00:00
UKA00559,19.3674,04/02/2019,12:00:00
UKA00559,,04/02/2019,13:00:00
UKA00559,,04/02/2019,14:00:00
UKA00559,,04/02/2019,15:00:00
UKA00559,25.85238,04/02/2019,16:00:00
UKA00559,37.92331,04/02/2019,17:00:00
UKA00559,77.24835,04/02/2019,18:00:00
UKA00559,93.34553,04/02/2019,19:00:00
UKA00559,103.80157,04/02/2019,20:00:00
UKA00559,96.10953,04/02/2019,21:00:00
UKA00559,93.87517,04/02/2019,22:00:00
UKA00559,85.04717,04/02/2019,23:00:00
UKA00559,73.74036,04/02/2019,24:00:00
UKA00559,64.74934,05/02/2019,01:00:00
UKA00559,56.14414,05/02/2019,02:00:00
UKA00559,48.64945,05/02/2019,03:00:00
UKA00559,44.54143,05/02/2019,04:00:00
UKA00559,42.46777,05/02/2019,05:00:00
UKA00559,43.76006,05/02/2019,06:00:00
UKA00559,46.77807,05/02/2019,07:00:00
UKA00559,53.65351,05/02/2019,08:00:00
UKA00559,56.22513,05/02/2019,09:00:00
UKA00559,42.95157,05/02/2019,10:00:00
UKA00559,30.16631,05/02/2019,11:00:00
UKA00559,25.74661,05/02/2019,12:00:00
UKA00559,22.81527,05/02/2019,13:00:00
UKA00559,21.4732,05/02/2019,14:00:00
UKA00559,16.62043,05/02/2019,15:00:00
UKA00559,16.98988,05/02/2019,16:00:00
UKA00559,14.74303,05/02/2019,17:00:00
UKA00559,19.71805,05/02/2019,18:00:00
UKA00559,18.74772,05/02/2019,19:00:00
UKA00559,15.34506,05/02/2019,20:00:00
UKA00559,15.76929,05/02/2019,21:00:00
UKA00559,13.22123,05/02/2019,22:00:00
UKA00559,11.45916,05/02/2019,23:00:00
UKA00559,10.00405,05/02/2019,24:00:00
UKA00559,8.11659,06/02/2019,01:00:00
UKA00559,4.9834,06/02/2019,02:00:00
UKA00559,3.61752,06/02/2019,03:00:00
UKA00559,2.65351,06/02/2019,04:00:00
UKA00559,3.79815,06/02/2019,05:00:00
UKA00559,10.30557,06/02/2019,06:00:00
UKA00559,19.52475,06/02/2019,07:00:00
UKA00559,31.57842,06/02/2019,08:00:00
UKA00559,52.93004,06/02/2019,09:00:00
UKA00559,42.33254,06/02/2019,10:00:00
UKA00559,26.12514,06/02/2019,11:00:00
UKA00559,28.21418,06/02/2019,12:00:00
UKA00559,23.44588,06/02/2019,13:00:00
UKA00559,21.6972,06/02/2019,14:00:00
UKA00559,26.1561,06/02/2019,15:00:00
UKA00559,31.82202,06/02/2019,16:00:00
UKA00559,39.59389,06/02/2019,17:00:00
UKA00559,64.55311,06/02/2019,18:00:00
UKA00559,75.35249,06/02/2019,19:00:00
UKA00559,64.19951,06/02/2019,20:00:00
UKA00559,40.02567,06/02/2019,21:00:00
UKA00559,22.36161,06/02/2019,22:00:00
UKA00559,17.11697,06/02/2019,23:00:00
UKA00559,21.09162,06/02/2019,24:00:00
UKA00559,9.01785,07/02/2019,01:00:00
UKA00559,5.23475,07/02/2019,02:00:00
UKA00559,3.44171,07/02/2019,03:00:00
UKA00559,3.08093,07/02/2019,04:00:00
UKA00559,2.11508,07/02/2019,05:00:00
UKA00559,2.35624,07/02/2019,06:00:00
UKA00559,4.10727,07/02/2019,07:00:00
UKA00559,7.48726,07/02/2019,08:00:00
UKA00559,9.7202,07/02/2019,09:00:00
UKA00559,8.21195,07/02/2019,10:00:00
UKA00559,7.24747,07/02/2019,11:00:00
UKA00559,7.06721,07/02/2019,12:00:00
UKA00559,6.58531,07/02/2019,13:00:00
UKA00559,6.22276,07/02/2019,14:00:00
UKA00559,6.10177,07/02/2019,15:00:00
UKA00559,8.4557,07/02/2019,16:00:00
UKA00559,12.07576,07/02/2019,17:00:00
UKA00559,14.36823,07/02/2019,18:00:00
UKA00559,22.45675,07/02/2019,19:00:00
UKA00559,23.48377,07/02/2019,20:00:00
UKA00559,14.36864,07/02/2019,21:00:00
UKA00559,11.04846,07/02/2019,22:00:00
UKA00559,8.69467,07/02/2019,23:00:00
UKA00559,6.52223,07/02/2019,24:00:00
UKA00559,4.75974,08/02/2019,01:00:00
UKA00559,3.30862,08/02/2019,02:00:00
UKA00559,2.60239,08/02/2019,03:00:00
UKA00559,1.9373,08/02/2019,04:00:00
UKA00559,1.63529,08/02/2019,05:00:00
UKA00559,2.72409,08/02/2019,06:00:00
UKA00559,4.84139,08/02/2019,07:00:00
UKA00559,8.22918,08/02/2019,08:00:00
UKA00559,9.80169,08/02/2019,09:00:00
UKA00559,8.16826,08/02/2019,10:00:00
UKA00559,6.59606,08/02/2019,11:00:00
UKA00559,5.75034,08/02/2019,12:00:00
UKA00559,6.89884,08/02/2019,13:00:00
UKA00559,6.8976,08/02/2019,14:00:00
UKA00559,9.1349,08/02/2019,15:00:00
UKA00559,11.73621,08/02/2019,16:00:00
UKA00559,12.94594,08/02/2019,17:00:00
UKA00559,13.24579,08/02/2019,18:00:00
UKA00559,10.94772,08/02/2019,19:00:00
UKA00559,8.71011,08/02/2019,20:00:00
UKA00559,7.56177,08/02/2019,21:00:00
UKA00559,6.35251,08/02/2019,22:00:00
UKA00559,5.86834,08/02/2019,23:00:00
UKA00559,1.63513,08/02/2019,24:00:00
UKA00559,2.26472,09/02/2019,01:00:00
UKA00559,0.97233,09/02/2019,02:00:00
UKA00559,0.48784,09/02/2019,03:00:00
UKA00559,0.0635,09/02/2019,04:00:00
UKA00559,0.18533,09/02/2019,05:00:00
UKA00559,0.36635,09/02/2019,06:00:00
UKA00559,0.85143,09/02/2019,07:00:00
UKA00559,2.42555,09/02/2019,08:00:00
UKA00559,3.63884,09/02/2019,09:00:00
UKA00559,4.48716,09/02/2019,10:00:00
UKA00559,3.03435,09/02/2019,11:00:00
UKA00559,3.82193,09/02/2019,12:00:00
UKA00559,5.33531,09/02/2019,13:00:00
UKA00559,4.97137,09/02/2019,14:00:00
UKA00559,6.48596,09/02/2019,15:00:00
UKA00559,4.30476,09/02/2019,16:00:00
UKA00559,8.72669,09/02/2019,17:00:00
UKA00559,8.12013,09/02/2019,18:00:00
UKA00559,12.24007,09/02/2019,19:00:00
UKA00559,22.11655,09/02/2019,20:00:00
UKA00559,14.84578,09/02/2019,21:00:00
UKA00559,10.7864,09/02/2019,22:00:00
UKA00559,9.51323,09/02/2019,23:00:00
UKA00559,9.75793,09/02/2019,24:00:00
UKA00559,9.14795,10/02/2019,01:00:00
UKA00559,11.73781,10/02/2019,02:00:00
UKA00559,7.52802,10/02/2019,03:00:00
UKA00559,5.89015,10/02/2019,04:00:00
UKA00559,6.2542,10/02/2019,05:00:00
UKA00559,14.80914,10/02/2019,06:00:00
UKA00559,13.29395,10/02/2019,07:00:00
UKA00559,6.9224,10/02/2019,08:00:00
UKA00559,8.13802,10/02/2019,09:00:00
UKA00559,14.51396,10/02/2019,10:00:00
UKA00559,17.25048,10/02/2019,11:00:00
UKA00559,13.18843,10/02/2019,12:00:00
UKA00559,8.81194,10/02/2019,13:00:00
UKA00559,8.62705,10/02/2019,14:00:00
UKA00559,9.47785,10/02/2019,15:00:00
UKA00559,7.83655,10/02/2019,16:00:00
UKA00559,8.50207,10/02/2019,17:00:00
UKA00559,13.17184,10/02/2019,18:00:00
UKA00559,15.29397,10/02/2019,19:00:00
UKA00559,14.567,10/02/2019,20:00:00
UKA00559,12.86693,10/02/2019,21:00:00
UKA00559,10.86501,10/02/2019,22:00:00
UKA00559,9.53051,10/02/2019,23:00:00
UKA00559,7.52802,10/02/2019,24:00:00
UKA00559,13.21559,11/02/2019,01:00:00
UKA00559,20.59135,11/02/2019,02:00:00
UKA00559,9.24351,11/02/2019,03:00:00
UKA00559,10.21728,11/02/2019,04:00:00
UKA00559,9.60737,11/02/2019,05:00:00
UKA00559,11.49329,11/02/2019,06:00:00
UKA00559,16.48015,11/02/2019,07:00:00
UKA00559,30.40578,11/02/2019,08:00:00
UKA00559,45.26256,11/02/2019,09:00:00
UKA00559,42.81184,11/02/2019,10:00:00
UKA00559,26.06558,11/02/2019,11:00:00
UKA00559,21.43924,11/02/2019,12:00:00
UKA00559,18.7527,11/02/2019,13:00:00
UKA00559,16.68046,11/02/2019,14:00:00
UKA00559,17.71167,11/02/2019,15:00:00
UKA00559,24.94957,11/02/2019,16:00:00
UKA00559,38.80543,11/02/2019,17:00:00
UKA00559,70.33245,11/02/2019,18:00:00
UKA00559,83.78745,11/02/2019,19:00:00
UKA00559,84.92831,11/02/2019,20:00:00
UKA00559,75.8914,11/02/2019,21:00:00
UKA00559,63.06363,11/02/2019,22:00:00
UKA00559,55.11034,11/02/2019,23:00:00
UKA00559,44.82602,11/02/2019,24:00:00
UKA00559,37.19932,12/02/2019,01:00:00
UKA00559,29.48161,12/02/2019,02:00:00
UKA00559,29.8452,12/02/2019,03:00:00
UKA00559,27.7743,12/02/2019,04:00:00
UKA00559,25.52324,12/02/2019,05:00:00
UKA00559,25.95718,12/02/2019,06:00:00
UKA00559,25.16472,12/02/2019,07:00:00
UKA00559,32.36093,12/02/2019,08:00:00
UKA00559,39.35741,12/02/2019,09:00:00
UKA00559,33.4903,12/02/2019,10:00:00
UKA00559,27.25923,12/02/2019,11:00:00
UKA00559,34.05079,12/02/2019,12:00:00
UKA00559,32.54878,12/02/2019,13:00:00
UKA00559,17.13219,12/02/2019,14:00:00
UKA00559,19.20399,12/02/2019,15:00:00
UKA00559,22.37315,12/02/2019,16:00:00
UKA00559,21.32624,12/02/2019,17:00:00
UKA00559,24.91345,12/02/2019,18:00:00
UKA00559,28.99435,12/02/2019,19:00:00
UKA00559,19.3101,12/02/2019,20:00:00
UKA00559,13.76674,12/02/2019,21:00:00
UKA00559,15.89943,12/02/2019,22:00:00
UKA00559,14.56033,12/02/2019,23:00:00
UKA00559,12.91543,12/02/2019,24:00:00
UKA00559,10.90365,13/02/2019,01:00:00
UKA00559,9.03347,13/02/2019,02:00:00
UKA00559,9.03363,13/02/2019,03:00:00
UKA00559,8.36244,13/02/2019,04:00:00
UKA00559,7.87375,13/02/2019,05:00:00
UKA00559,8.97264,13/02/2019,06:00:00
UKA00559,9.33934,13/02/2019,07:00:00
UKA00559,13.18252,13/02/2019,08:00:00
UKA00559,16.23717,13/02/2019,09:00:00
UKA00559,15.99908,13/02/2019,10:00:00
UKA00559,12.33692,13/02/2019,11:00:00
UKA00559,9.71316,13/02/2019,12:00:00
UKA00559,9.89884,13/02/2019,13:00:00
UKA00559,11.23975,13/02/2019,14:00:00
UKA00559,11.11457,13/02/2019,15:00:00
UKA00559,13.85959,13/02/2019,16:00:00
UKA00559,21.11922,13/02/2019,17:00:00
UKA00559,29.83954,13/02/2019,18:00:00
UKA00559,41.68164,13/02/2019,19:00:00
UKA00559,34.84922,13/02/2019,20:00:00
UKA00559,38.33967,13/02/2019,21:00:00
UKA00559,25.87487,13/02/2019,22:00:00
UKA00559,19.89442,13/02/2019,23:00:00
UKA00559,13.1203,13/02/2019,24:00:00
UKA00559,10.92309,14/02/2019,01:00:00
UKA00559,8.88638,14/02/2019,02:00:00
UKA00559,7.82624,14/02/2019,03:00:00
UKA00559,8.19126,14/02/2019,04:00:00
UKA00559,9.72143,14/02/2019,05:00:00
UKA00559,16.01855,14/02/2019,06:00:00
UKA00559,28.94543,14/02/2019,07:00:00
UKA00559,48.20948,14/02/2019,08:00:00
UKA00559,50.52107,14/02/2019,09:00:00
UKA00559,31.99471,14/02/2019,10:00:00
UKA00559,21.44446,14/02/2019,11:00:00
UKA00559,18.92719,14/02/2019,12:00:00
UKA00559,16.28008,14/02/2019,13:00:00
UKA00559,19.52898,14/02/2019,14:00:00
UKA00559,20.13789,14/02/2019,15:00:00
UKA00559,22.94881,14/02/2019,16:00:00
UKA00559,32.61151,14/02/2019,17:00:00
UKA00559,56.32751,14/02/2019,18:00:00
UKA00559,71.84122,14/02/2019,19:00:00
UKA00559,69.88887,14/02/2019,20:00:00
UKA00559,68.17092,14/02/2019,21:00:00
UKA00559,61.30175,14/02/2019,22:00:00
UKA00559,53.8724,14/02/2019,23:00:00
UKA00559,38.33581,14/02/2019,24:00:00
UKA00559,27.59813,15/02/2019,01:00:00
UKA00559,24.57593,15/02/2019,02:00:00
UKA00559,18.92217,15/02/2019,03:00:00
UKA00559,18.24945,15/02/2019,04:00:00
UKA00559,17.94341,15/02/2019,05:00:00
UKA00559,23.51781,15/02/2019,06:00:00
UKA00559,36.58094,15/02/2019,07:00:00
UKA00559,43.7057,15/02/2019,08:00:00
UKA00559,43.38238,15/02/2019,09:00:00
UKA00559,36.73113,15/02/2019,10:00:00
UKA00559,28.4191,15/02/2019,11:00:00
UKA00559,24.91253,15/02/2019,12:00:00
UKA00559,21.09428,15/02/2019,13:00:00
UKA00559,21.45787,15/02/2019,14:00:00
UKA00559,19.73364,15/02/2019,15:00:00
UKA00559,22.60786,15/02/2019,16:00:00
UKA00559,27.44355,15/02/2019,17:00:00
UKA00559,37.60374,15/02/2019,18:00:00
UKA00559,40.66834,15/02/2019,19:00:00
UKA00559,36.62385,15/02/2019,20:00:00
UKA00559,26.51896,15/02/2019,21:00:00
UKA00559,21.00689,15/02/2019,22:00:00
UKA00559,17.5158,15/02/2019,23:00:00
UKA00559,14.45176,15/02/2019,24:00:00
UKA00559,13.33356,16/02/2019,01:00:00
UKA00559,9.90118,16/02/2019,02:00:00
UKA00559,8.59025,16/02/2019,03:00:00
UKA00559,8.28308,16/02/2019,04:00:00
UKA00559,7.97621,16/02/2019,05:00:00
UKA00559,7.79257,16/02/2019,06:00:00
UKA00559,8.89682,16/02/2019,07:00:00
UKA00559,11.59703,16/02/2019,08:00:00
UKA00559,14.66693,16/02/2019,09:00:00
UKA00559,21.06426,16/02/2019,10:00:00
UKA00559,19.71416,16/02/2019,11:00:00
UKA00559,9.70439,16/02/2019,12:00:00
UKA00559,7.61672,16/02/2019,13:00:00
UKA00559,8.59535,16/02/2019,14:00:00
UKA00559,13.37874,16/02/2019,15:00:00
UKA00559,16.38492,16/02/2019,16:00:00
UKA00559,17.06057,16/02/2019,17:00:00
UKA00559,17.49067,16/02/2019,18:00:00
UKA00559,15.09523,16/02/2019,19:00:00
UKA00559,11.4786,16/02/2019,20:00:00
UKA00559,8.28488,16/02/2019,21:00:00
UKA00559,7.42648,16/02/2019,22:00:00
UKA00559,7.61103,16/02/2019,23:00:00
UKA00559,5.34271,16/02/2019,24:00:00
UKA00559,4.26865,17/02/2019,01:00:00
UKA00559,4.84063,17/02/2019,02:00:00
UKA00559,3.9363,17/02/2019,03:00:00
UKA00559,3.32147,17/02/2019,04:00:00
UKA00559,4.36688,17/02/2019,05:00:00
UKA00559,5.47499,17/02/2019,06:00:00
UKA00559,6.57897,17/02/2019,07:00:00
UKA00559,9.52873,17/02/2019,08:00:00
UKA00559,10.45576,17/02/2019,09:00:00
UKA00559,12.30377,17/02/2019,10:00:00
UKA00559,12.85687,17/02/2019,11:00:00
UKA00559,11.80987,17/02/2019,12:00:00
UKA00559,11.19471,17/02/2019,13:00:00
UKA00559,11.00886,17/02/2019,14:00:00
UKA00559,10.39179,17/02/2019,15:00:00
UKA00559,10.08501,17/02/2019,16:00:00
UKA00559,10.94331,17/02/2019,17:00:00
UKA00559,20.22159,17/02/2019,18:00:00
UKA00559,15.55237,17/02/2019,19:00:00
UKA00559,12.35693,17/02/2019,20:00:00
UKA00559,11.92635,17/02/2019,21:00:00
UKA00559,11.80224,17/02/2019,22:00:00
UKA00559,9.59047,17/02/2019,23:00:00
UKA00559,5.84033,17/02/2019,24:00:00
UKA00559,4.68185,18/02/2019,01:00:00
UKA00559,3.94398,18/02/2019,02:00:00
UKA00559,4.92818,18/02/2019,03:00:00
UKA00559,5.91227,18/02/2019,04:00:00
UKA00559,4.68342,18/02/2019,05:00:00
UKA00559,6.83651,18/02/2019,06:00:00
UKA00559,11.33367,18/02/2019,07:00:00
UKA00559,17.12491,18/02/2019,08:00:00
UKA00559,19.71071,18/02/2019,09:00:00
UKA00559,15.70744,18/02/2019,10:00:00
UKA00559,10.97258,18/02/2019,11:00:00
UKA00559,9.49124,18/02/2019,12:00:00
UKA00559,10.41346,18/02/2019,13:00:00
UKA00559,15.15404,18/02/2019,14:00:00
UKA00559,11.27416,18/02/2019,15:00:00
UKA00559,11.9523,18/02/2019,16:00:00
UKA00559,12.56387,18/02/2019,17:00:00
UKA00559,23.5768,18/02/2019,18:00:00
UKA00559,14.95938,18/02/2019,19:00:00
UKA00559,11.88204,18/02/2019,20:00:00
UKA00559,12.5595,18/02/2019,21:00:00
UKA00559,9.85132,18/02/2019,22:00:00
UKA00559,7.82128,18/02/2019,23:00:00
UKA00559,6.46836,18/02/2019,24:00:00
UKA00559,3.86942,19/02/2019,01:00:00
UKA00559,3.62525,19/02/2019,02:00:00
UKA00559,2.84291,19/02/2019,03:00:00
UKA00559,3.51946,19/02/2019,04:00:00
UKA00559,3.26832,19/02/2019,05:00:00
UKA00559,5.05993,19/02/2019,06:00:00
UKA00559,10.17617,19/02/2019,07:00:00
UKA00559,19.85999,19/02/2019,08:00:00
UKA00559,23.07978,19/02/2019,09:00:00
UKA00559,13.51781,19/02/2019,10:00:00
UKA00559,8.21525,19/02/2019,11:00:00
UKA00559,7.03856,19/02/2019,12:00:00
UKA00559,8.5847,19/02/2019,13:00:00
UKA00559,10.24312,19/02/2019,14:00:00
UKA00559,9.32075,19/02/2019,15:00:00
UKA00559,10.73725,19/02/2019,16:00:00
UKA00559,16.21974,19/02/2019,17:00:00
UKA00559,21.21627,19/02/2019,18:00:00
UKA00559,18.00887,19/02/2019,19:00:00
UKA00559,16.59273,19/02/2019,20:00:00
UKA00559,17.57957,19/02/2019,21:00:00
UKA00559,13.81606,19/02/2019,22:00:00
UKA00559,8.7579,19/02/2019,23:00:00
UKA00559,5.42972,19/02/2019,24:00:00
UKA00559,4.86278,20/02/2019,01:00:00
UKA00559,3.79313,20/02/2019,02:00:00
UKA00559,2.84783,20/02/2019,03:00:00
UKA00559,2.47702,20/02/2019,04:00:00
UKA00559,2.78423,20/02/2019,05:00:00
UKA00559,3.5887,20/02/2019,06:00:00
UKA00559,6.24386,20/02/2019,07:00:00
UKA00559,10.69394,20/02/2019,08:00:00
UKA00559,13.16798,20/02/2019,09:00:00
UKA00559,10.69841,20/02/2019,10:00:00
UKA00559,9.40151,20/02/2019,11:00:00
UKA00559,10.26548,20/02/2019,12:00:00
UKA00559,7.73492,20/02/2019,13:00:00
UKA00559,8.35008,20/02/2019,14:00:00
UKA00559,8.9035,20/02/2019,15:00:00
UKA00559,12.36239,20/02/2019,16:00:00
UKA00559,15.51295,20/02/2019,17:00:00
UKA00559,17.61246,20/02/2019,18:00:00
UKA00559,17.85756,20/02/2019,19:00:00
UKA00559,15.2009,20/02/2019,20:00:00
UKA00559,14.58351,20/02/2019,21:00:00
UKA00559,11.12276,20/02/2019,22:00:00
UKA00559,7.48051,20/02/2019,23:00:00
UKA00559,5.19504,20/02/2019,24:00:00
UKA00559,4.38084,21/02/2019,01:00:00
UKA00559,3.88504,21/02/2019,02:00:00
UKA00559,3.09931,21/02/2019,03:00:00
UKA00559,2.41784,21/02/2019,04:00:00
UKA00559,2.29532,21/02/2019,05:00:00
UKA00559,3.34552,21/02/2019,06:00:00
UKA00559,6.75055,21/02/2019,07:00:00
UKA00559,12.13464,21/02/2019,08:00:00
UKA00559,13.43652,21/02/2019,09:00:00
UKA00559,12.07943,21/02/2019,10:00:00
UKA00559,12.45402,21/02/2019,11:00:00
UKA00559,9.48543,21/02/2019,12:00:00
UKA00559,10.97558,21/02/2019,13:00:00
UKA00559,14.13518,21/02/2019,14:00:00
UKA00559,15.67663,21/02/2019,15:00:00
UKA00559,17.1621,21/02/2019,16:00:00
UKA00559,17.77548,21/02/2019,17:00:00
UKA00559,24.82002,21/02/2019,18:00:00
UKA00559,28.77345,21/02/2019,19:00:00
UKA00559,30.6934,21/02/2019,20:00:00
UKA00559,39.36156,21/02/2019,21:00:00
UKA00559,29.02552,21/02/2019,22:00:00
UKA00559,22.5247,21/02/2019,23:00:00
UKA00559,17.2052,21/02/2019,24:00:00
UKA00559,10.33405,22/02/2019,01:00:00
UKA00559,8.76351,22/02/2019,02:00:00
UKA00559,6.07906,22/02/2019,03:00:00
UKA00559,5.89361,22/02/2019,04:00:00
UKA00559,6.51436,22/02/2019,05:00:00
UKA00559,13.27448,22/02/2019,06:00:00
UKA00559,34.82964,22/02/2019,07:00:00
UKA00559,50.00492,22/02/2019,08:00:00
UKA00559,45.76676,22/02/2019,09:00:00
UKA00559,40.19711,22/02/2019,10:00:00
UKA00559,28.96832,22/02/2019,11:00:00
UKA00559,33.07881,22/02/2019,12:00:00
UKA00559,22.7118,22/02/2019,13:00:00
UKA00559,14.22951,22/02/2019,14:00:00
UKA00559,12.97944,22/02/2019,15:00:00
UKA00559,19.56229,22/02/2019,16:00:00
UKA00559,26.49887,22/02/2019,17:00:00
UKA00559,42.87258,22/02/2019,18:00:00
UKA00559,49.81079,22/02/2019,19:00:00
UKA00559,45.32981,22/02/2019,20:00:00
UKA00559,42.42543,22/02/2019,21:00:00
UKA00559,50.06187,22/02/2019,22:00:00
UKA00559,54.26679,22/02/2019,23:00:00
UKA00559,41.8744,22/02/2019,24:00:00
UKA00559,25.338,23/02/2019,01:00:00
UKA00559,17.4733,23/02/2019,02:00:00
UKA00559,16.08591,23/02/2019,03:00:00
UKA00559,16.14882,23/02/2019,04:00:00
UKA00559,16.0842,23/02/2019,05:00:00
UKA00559,22.74109,23/02/2019,06:00:00
UKA00559,34.65714,23/02/2019,07:00:00
UKA00559,31.25631,23/02/2019,08:00:00
UKA00559,26.57831,23/02/2019,09:00:00
UKA00559,24.24614,23/02/2019,10:00:00
UKA00559,19.28702,23/02/2019,11:00:00
UKA00559,18.15375,23/02/2019,12:00:00
UKA00559,19.08591,23/02/2019,13:00:00
UKA00559,19.66891,23/02/2019,14:00:00
UKA00559,19.3471,23/02/2019,15:00:00
UKA00559,19.33642,23/02/2019,16:00:00
UKA00559,23.99421,23/02/2019,17:00:00
UKA00559,38.73576,23/02/2019,18:00:00
UKA00559,56.58788,23/02/2019,19:00:00
UKA00559,56.84096,23/02/2019,20:00:00
UKA00559,55.02789,23/02/2019,21:00:00
UKA00559,47.36955,23/02/2019,22:00:00
UKA00559,46.55083,23/02/2019,23:00:00
UKA00559,49.85073,23/02/2019,24:00:00
UKA00559,44.24444,24/02/2019,01:00:00
UKA00559,39.71814,24/02/2019,02:00:00
UKA00559,36.14052,24/02/2019,03:00:00
UKA00559,33.97841,24/02/2019,04:00:00
UKA00559,28.97098,24/02/2019,05:00:00
UKA00559,30.28027,24/02/2019,06:00:00
UKA00559,29.86738,24/02/2019,07:00:00
UKA00559,30.66381,24/02/2019,08:00:00
UKA00559,31.06011,24/02/2019,09:00:00
UKA00559,34.68453,24/02/2019,10:00:00
UKA00559,38.84761,24/02/2019,11:00:00
UKA00559,36.72315,24/02/2019,12:00:00
UKA00559,17.70417,24/02/2019,13:00:00
UKA00559,16.32586,24/02/2019,14:00:00
UKA00559,17.31693,24/02/2019,15:00:00
UKA00559,17.87374,24/02/2019,16:00:00
UKA00559,23.03074,24/02/2019,17:00:00
UKA00559,58.81889,24/02/2019,18:00:00
UKA00559,85.46531,24/02/2019,19:00:00
UKA00559,84.39934,24/02/2019,20:00:00
UKA00559,80.17897,24/02/2019,21:00:00
UKA00559,73.64025,24/02/2019,22:00:00
UKA00559,68.11278,24/02/2019,23:00:00
UKA00559,65.57201,24/02/2019,24:00:00
UKA00559,60.74059,25/02/2019,01:00:00
UKA00559,53.95306,25/02/2019,02:00:00
UKA00559,49.27067,25/02/2019,03:00:00
UKA00559,44.45441,25/02/2019,04:00:00
UKA00559,39.66816,25/02/2019,05:00:00
UKA00559,39.73302,25/02/2019,06:00:00
UKA00559,42.04529,25/02/2019,07:00:00
UKA00559,55.4047,25/02/2019,08:00:00
UKA00559,64.32501,25/02/2019,09:00:00
UKA00559,61.98145,25/02/2019,10:00:00
UKA00559,54.90222,25/02/2019,11:00:00
UKA00559,39.59775,25/02/2019,12:00:00
UKA00559,35.18133,25/02/2019,13:00:00
UKA00559,32.35365,25/02/2019,14:00:00
UKA00559,28.72109,25/02/2019,15:00:00
UKA00559,30.59617,25/02/2019,16:00:00
UKA00559,34.38497,25/02/2019,17:00:00
UKA00559,64.7035,25/02/2019,18:00:00
UKA00559,89.94362,25/02/2019,19:00:00
UKA00559,85.36883,25/02/2019,20:00:00
UKA00559,93.90865,25/02/2019,21:00:00
UKA00559,95.38173,25/02/2019,22:00:00
UKA00559,83.74737,25/02/2019,23:00:00
UKA00559,75.09791,25/02/2019,24:00:00
UKA00559,72.10368,26/02/2019,01:00:00
UKA00559,65.18932,26/02/2019,02:00:00
UKA00559,60.15448,26/02/2019,03:00:00
UKA00559,52.90742,26/02/2019,04:00:00
UKA00559,53.21625,26/02/2019,05:00:00
UKA00559,53.47726,26/02/2019,06:00:00
UKA00559,61.50212,26/02/2019,07:00:00
UKA00559,68.2305,26/02/2019,08:00:00
UKA00559,76.94755,26/02/2019,09:00:00
UKA00559,84.84082,26/02/2019,10:00:00
UKA00559,63.05934,26/02/2019,11:00:00
UKA00559,40.11117,26/02/2019,12:00:00
UKA00559,29.48611,26/02/2019,13:00:00
UKA00559,25.64884,26/02/2019,14:00:00
UKA00559,24.8955,26/02/2019,15:00:00
UKA00559,24.75871,26/02/2019,16:00:00
UKA00559,37.64406,26/02/2019,17:00:00
UKA00559,81.14437,26/02/2019,18:00:00
UKA00559,102.58203,26/02/2019,19:00:00
UKA00559,103.46303,26/02/2019,20:00:00
UKA00559,96.14609,26/02/2019,21:00:00
UKA00559,95.19471,26/02/2019,22:00:00
UKA00559,92.34569,26/02/2019,23:00:00
UKA00559,80.56953,26/02/2019,24:00:00
UKA00559,73.64422,27/02/2019,01:00:00
UKA00559,64.12889,27/02/2019,02:00:00
UKA00559,63.21339,27/02/2019,03:00:00
UKA00559,58.5951,27/02/2019,04:00:00
UKA00559,52.54013,27/02/2019,05:00:00
UKA00559,52.95501,27/02/2019,06:00:00
UKA00559,55.10877,27/02/2019,07:00:00
UKA00559,65.03836,27/02/2019,08:00:00
UKA00559,70.6793,27/02/2019,09:00:00
UKA00559,46.06582,27/02/2019,10:00:00
UKA00559,35.56812,27/02/2019,11:00:00
UKA00559,30.96535,27/02/2019,12:00:00
UKA00559,22.92297,27/02/2019,13:00:00
UKA00559,19.22644,27/02/2019,14:00:00
UKA00559,27.92966,27/02/2019,15:00:00
UKA00559,32.79339,27/02/2019,16:00:00
UKA00559,34.71139,27/02/2019,17:00:00
UKA00559,46.19738,27/02/2019,18:00:00
UKA00559,85.08266,27/02/2019,19:00:00
UKA00559,98.22857,27/02/2019,20:00:00
UKA00559,93.19783,27/02/2019,21:00:00
UKA00559,90.9677,27/02/2019,22:00:00
UKA00559,87.62001,27/02/2019,23:00:00
UKA00559,59.28931,27/02/2019,24:00:00
UKA00559,37.49469,28/02/2019,01:00:00
UKA00559,25.46706,28/02/2019,02:00:00
UKA00559,21.85891,28/02/2019,03:00:00
UKA00559,21.48285,28/02/2019,04:00:00
UKA00559,19.04185,28/02/2019,05:00:00
UKA00559,18.41543,28/02/2019,06:00:00
UKA00559,23.67247,28/02/2019,07:00:00
UKA00559,34.26726,28/02/2019,08:00:00
UKA00559,39.83058,28/02/2019,09:00:00
UKA00559,36.50814,28/02/2019,10:00:00
UKA00559,27.02184,28/02/2019,11:00:00
UKA00559,27.012,28/02/2019,12:00:00
UKA00559,29.02576,28/02/2019,13:00:00
UKA00559,30.89569,28/02/2019,14:00:00
UKA00559,32.5396,28/02/2019,15:00:00
UKA00559,27.06993,28/02/2019,16:00:00
UKA00559,43.50475,28/02/2019,17:00:00
UKA00559,49.31215,28/02/2019,18:00:00
UKA00559,55.23593,28/02/2019,19:00:00
UKA00559,46.74907,28/02/2019,20:00:00
UKA00559,38.34182,28/02/2019,21:00:00
UKA00559,24.42303,28/02/2019,22:00:00
UKA00559,31.18741,28/02/2019,23:00:00
UKA00559,32.2504,28/02/2019,24:00:00
UKA00559,23.75315,01/03/2019,01:00:00
UKA00559,15.56154,01/03/2019,02:00:00
UKA00559,13.05423,01/03/2019,03:00:00
UKA00559,12.48514,01/03/2019,04:00:00
UKA00559,14.30816,01/03/2019,05:00:00
UKA00559,37.26679,01/03/2019,06:00:00
UKA00559,28.66989,01/03/2019,07:00:00
UKA00559,41.3533,01/03/2019,08:00:00
UKA00559,47.11441,01/03/2019,09:00:00
UKA00559,43.42392,01/03/2019,10:00:00
UKA00559,37.44687,01/03/2019,11:00:00
UKA00559,29.16719,01/03/2019,12:00:00
UKA00559,26.33085,01/03/2019,13:00:00
UKA00559,22.55031,01/03/2019,14:00:00
UKA00559,21.11366,01/03/2019,15:00:00
UKA00559,22.73251,01/03/2019,16:00:00
UKA00559,27.19091,01/03/2019,17:00:00
UKA00559,31.94886,01/03/2019,18:00:00
UKA00559,45.7533,01/03/2019,19:00:00
UKA00559,37.40987,01/03/2019,20:00:00
UKA00559,25.29126,01/03/2019,21:00:00
UKA00559,22.15752,01/03/2019,22:00:00
UKA00559,15.69766,01/03/2019,23:00:00
UKA00559,10.73875,01/03/2019,24:00:00
UKA00559,10.06246,02/03/2019,01:00:00
UKA00559,10.39741,02/03/2019,02:00:00
UKA00559,9.43314,02/03/2019,03:00:00
UKA00559,8.7412,02/03/2019,04:00:00
UKA00559,8.55335,02/03/2019,05:00:00
UKA00559,9.30698,02/03/2019,06:00:00
UKA00559,10.49912,02/03/2019,07:00:00
UKA00559,11.06767,02/03/2019,08:00:00
UKA00559,12.14197,02/03/2019,09:00:00
UKA00559,14.53844,02/03/2019,10:00:00
UKA00559,11.96686,02/03/2019,11:00:00
UKA00559,9.76433,02/03/2019,12:00:00
UKA00559,10.57522,02/03/2019,13:00:00
UKA00559,10.76696,02/03/2019,14:00:00
UKA00559,10.57412,02/03/2019,15:00:00
UKA00559,10.50245,02/03/2019,16:00:00
UKA00559,10.13117,02/03/2019,17:00:00
UKA00559,9.62653,02/03/2019,18:00:00
UKA00559,9.24861,02/03/2019,19:00:00
UKA00559,8.68228,02/03/2019,20:00:00
UKA00559,7.11055,02/03/2019,21:00:00
UKA00559,6.60536,02/03/2019,22:00:00
UKA00559,5.2865,02/03/2019,23:00:00
UKA00559,5.60052,02/03/2019,24:00:00
UKA00559,5.12423,03/03/2019,01:00:00
UKA00559,5.04416,03/03/2019,02:00:00
UKA00559,5.23117,03/03/2019,03:00:00
UKA00559,5.67383,03/03/2019,04:00:00
UKA00559,5.54286,03/03/2019,05:00:00
UKA00559,5.67096,03/03/2019,06:00:00
UKA00559,6.30349,03/03/2019,07:00:00
UKA00559,8.56764,03/03/2019,08:00:00
UKA00559,8.63398,03/03/2019,09:00:00
UKA00559,12.72821,03/03/2019,10:00:00
UKA00559,14.37129,03/03/2019,11:00:00
UKA00559,16.8968,03/03/2019,12:00:00
UKA00559,12.42111,03/03/2019,13:00:00
UKA00559,9.46095,03/03/2019,14:00:00
UKA00559,8.13472,03/03/2019,15:00:00
UKA00559,7.13161,03/03/2019,16:00:00
UKA00559,7.57082,03/03/2019,17:00:00
UKA00559,7.56739,03/03/2019,18:00:00
UKA00559,5.67554,03/03/2019,19:00:00
UKA00559,4.72962,03/03/2019,20:00:00
UKA00559,3.977,03/03/2019,21:00:00
UKA00559,4.29155,03/03/2019,22:00:00
UKA00559,4.29212,03/03/2019,23:00:00
UKA00559,4.28926,03/03/2019,24:00:00
UKA00559,4.21283,04/03/2019,01:00:00
UKA00559,3.87675,04/03/2019,02:00:00
UKA00559,3.47824,04/03/2019,03:00:00
UKA00559,3.28743,04/03/2019,04:00:00
UKA00559,3.47529,04/03/2019,05:00:00
UKA00559,5.24208,04/03/2019,06:00:00
UKA00559,11.98531,04/03/2019,07:00:00
UKA00559,20.19383,04/03/2019,08:00:00
UKA00559,15.80461,04/03/2019,09:00:00
UKA00559,9.74274,04/03/2019,10:00:00
UKA00559,7.71798,04/03/2019,11:00:00
UKA00559,6.01244,04/03/2019,12:00:00
UKA00559,4.93527,04/03/2019,13:00:00
UKA00559,5.31159,04/03/2019,14:00:00
UKA00559,6.8275,04/03/2019,15:00:00
UKA00559,7.83929,04/03/2019,16:00:00
UKA00559,9.03127,04/03/2019,17:00:00
UKA00559,9.02713,04/03/2019,18:00:00
UKA00559,10.97942,04/03/2019,19:00:00
UKA00559,11.22971,04/03/2019,20:00:00
UKA00559,8.64372,04/03/2019,21:00:00
UKA00559,8.831,04/03/2019,22:00:00
UKA00559,6.94113,04/03/2019,23:00:00
UKA00559,6.75504,04/03/2019,24:00:00
UKA00559,5.3152,05/03/2019,01:00:00
UKA00559,5.06028,05/03/2019,02:00:00
UKA00559,3.99005,05/03/2019,03:00:00
UKA00559,4.05257,05/03/2019,04:00:00
UKA00559,3.80069,05/03/2019,05:00:00
UKA00559,4.9933,05/03/2019,06:00:00
UKA00559,9.61153,05/03/2019,07:00:00
UKA00559,17.26264,05/03/2019,08:00:00
UKA00559,16.51918,05/03/2019,09:00:00
UKA00559,10.39334,05/03/2019,10:00:00
UKA00559,7.67302,05/03/2019,11:00:00
UKA00559,8.42683,05/03/2019,12:00:00
UKA00559,7.09519,05/03/2019,13:00:00
UKA00559,7.72762,05/03/2019,14:00:00
UKA00559,8.2945,05/03/2019,15:00:00
UKA00559,8.73209,05/03/2019,16:00:00
UKA00559,11.69881,05/03/2019,17:00:00
UKA00559,17.82769,05/03/2019,18:00:00
UKA00559,18.47047,05/03/2019,19:00:00
UKA00559,17.27116,05/03/2019,20:00:00
UKA00559,14.23645,05/03/2019,21:00:00
UKA00559,11.26182,05/03/2019,22:00:00
UKA00559,8.92085,05/03/2019,23:00:00
UKA00559,6.26061,05/03/2019,24:00:00
UKA00559,4.64842,06/03/2019,01:00:00
UKA00559,2.54166,06/03/2019,02:00:00
UKA00559,2.29,06/03/2019,03:00:00
UKA00559,2.54354,06/03/2019,04:00:00
UKA00559,3.29914,06/03/2019,05:00:00
UKA00559,4.5036,06/03/2019,06:00:00
UKA00559,7.29127,06/03/2019,07:00:00
UKA00559,13.43379,06/03/2019,08:00:00
UKA00559,17.37524,06/03/2019,09:00:00
UKA00559,12.93862,06/03/2019,10:00:00
UKA00559,12.67986,06/03/2019,11:00:00
UKA00559,14.83609,06/03/2019,12:00:00
UKA00559,13.76121,06/03/2019,13:00:00
UKA00559,11.85622,06/03/2019,14:00:00
UKA00559,12.9937,06/03/2019,15:00:00
UKA00559,11.40987,06/03/2019,16:00:00
UKA00559,13.6867,06/03/2019,17:00:00
UKA00559,15.20417,06/03/2019,18:00:00
UKA00559,17.35267,06/03/2019,19:00:00
UKA00559,13.48949,06/03/2019,20:00:00
UKA00559,10.0708,06/03/2019,21:00:00
UKA00559,9.56184,06/03/2019,22:00:00
UKA00559,8.1702,06/03/2019,23:00:00
UKA00559,6.65147,06/03/2019,24:00:00
UKA00559,6.42214,07/03/2019,01:00:00
UKA00559,5.58417,07/03/2019,02:00:00
UKA00559,5.3282,07/03/2019,03:00:00
UKA00559,4.12533,07/03/2019,04:00:00
UKA00559,3.04908,07/03/2019,05:00:00
UKA00559,3.99973,07/03/2019,06:00:00
UKA00559,7.79725,07/03/2019,07:00:00
UKA00559,10.5267,07/03/2019,08:00:00
UKA00559,10.85503,07/03/2019,09:00:00
UKA00559,6.35036,07/03/2019,10:00:00
UKA00559,5.9031,07/03/2019,11:00:00
UKA00559,6.22169,07/03/2019,12:00:00
UKA00559,6.98038,07/03/2019,13:00:00
UKA00559,8.12148,07/03/2019,14:00:00
UKA00559,10.21169,07/03/2019,15:00:00
UKA00559,11.92462,07/03/2019,16:00:00
UKA00559,14.5208,07/03/2019,17:00:00
UKA00559,17.93795,07/03/2019,18:00:00
UKA00559,17.8185,07/03/2019,19:00:00
UKA00559,18.26679,07/03/2019,20:00:00
UKA00559,18.28369,07/03/2019,21:00:00
UKA00559,13.8203,07/03/2019,22:00:00
UKA00559,12.43007,07/03/2019,23:00:00
UKA00559,10.20913,07/03/2019,24:00:00
UKA00559,8.20851,08/03/2019,01:00:00
UKA00559,7.6998,08/03/2019,02:00:00
UKA00559,5.77525,08/03/2019,03:00:00
UKA00559,5.33152,08/03/2019,04:00:00
UKA00559,7.04384,08/03/2019,05:00:00
UKA00559,15.66885,08/03/2019,06:00:00
UKA00559,33.93628,08/03/2019,07:00:00
UKA00559,43.67789,08/03/2019,08:00:00
UKA00559,37.55373,08/03/2019,09:00:00
UKA00559,20.13955,08/03/2019,10:00:00
UKA00559,13.71808,08/03/2019,11:00:00
UKA00559,17.27189,08/03/2019,12:00:00
UKA00559,18.48266,08/03/2019,13:00:00
UKA00559,16.00926,08/03/2019,14:00:00
UKA00559,12.13094,08/03/2019,15:00:00
UKA00559,14.34959,08/03/2019,16:00:00
UKA00559,14.21804,08/03/2019,17:00:00
UKA00559,14.27665,08/03/2019,18:00:00
UKA00559,15.22711,08/03/2019,19:00:00
UKA00559,11.29256,08/03/2019,20:00:00
UKA00559,12.93871,08/03/2019,21:00:00
UKA00559,13.70177,08/03/2019,22:00:00
UKA00559,13.06628,08/03/2019,23:00:00
UKA00559,7.61355,08/03/2019,24:00:00
UKA00559,4.32055,09/03/2019,01:00:00
UKA00559,2.79801,09/03/2019,02:00:00
UKA00559,3.30558,09/03/2019,03:00:00
UKA00559,1.97213,09/03/2019,04:00:00
UKA00559,1.90979,09/03/2019,05:00:00
UKA00559,3.11546,09/03/2019,06:00:00
UKA00559,5.21056,09/03/2019,07:00:00
UKA00559,7.87832,09/03/2019,08:00:00
UKA00559,6.6106,09/03/2019,09:00:00
UKA00559,5.27715,09/03/2019,10:00:00
UKA00559,4.6447,09/03/2019,11:00:00
UKA00559,4.71072,09/03/2019,12:00:00
UKA00559,4.07516,09/03/2019,13:00:00
UKA00559,4.70931,09/03/2019,14:00:00
UKA00559,4.26359,09/03/2019,15:00:00
UKA00559,4.64215,09/03/2019,16:00:00
UKA00559,5.78293,09/03/2019,17:00:00
UKA00559,8.38581,09/03/2019,18:00:00
UKA00559,10.16158,09/03/2019,19:00:00
UKA00559,10.22448,09/03/2019,20:00:00
UKA00559,11.9382,09/03/2019,21:00:00
UKA00559,11.8121,09/03/2019,22:00:00
UKA00559,11.61999,09/03/2019,23:00:00
UKA00559,8.82925,09/03/2019,24:00:00
UKA00559,7.63072,10/03/2019,01:00:00
UKA00559,5.25677,10/03/2019,02:00:00
UKA00559,3.75277,10/03/2019,03:00:00
UKA00559,2.41784,10/03/2019,04:00:00
UKA00559,1.5925,10/03/2019,05:00:00
UKA00559,2.48206,10/03/2019,06:00:00
UKA00559,7.24761,10/03/2019,07:00:00
UKA00559,8.39307,10/03/2019,08:00:00
UKA00559,10.68363,10/03/2019,09:00:00
UKA00559,8.26782,10/03/2019,10:00:00
UKA00559,7.76176,10/03/2019,11:00:00
UKA00559,4.13863,10/03/2019,12:00:00
UKA00559,2.35884,10/03/2019,13:00:00
UKA00559,1.78468,10/03/2019,14:00:00
UKA00559,2.16683,10/03/2019,15:00:00
UKA00559,2.86489,10/03/2019,16:00:00
UKA00559,3.81766,10/03/2019,17:00:00
UKA00559,7.88448,10/03/2019,18:00:00
UKA00559,6.74088,10/03/2019,19:00:00
UKA00559,10.80703,10/03/2019,20:00:00
UKA00559,10.10779,10/03/2019,21:00:00
UKA00559,5.15124,10/03/2019,22:00:00
UKA00559,2.16346,10/03/2019,23:00:00
UKA00559,1.33746,10/03/2019,24:00:00
UKA00559,1.35837,11/03/2019,01:00:00
UKA00559,0.42515,11/03/2019,02:00:00
UKA00559,0.63746,11/03/2019,03:00:00
UKA00559,0.44645,11/03/2019,04:00:00
UKA00559,0.9553,11/03/2019,05:00:00
UKA00559,2.86445,11/03/2019,06:00:00
UKA00559,6.68275,11/03/2019,07:00:00
UKA00559,13.55629,11/03/2019,08:00:00
UKA00559,16.93164,11/03/2019,09:00:00
UKA00559,9.80389,11/03/2019,10:00:00
UKA00559,,11/03/2019,11:00:00
UKA00559,,11/03/2019,12:00:00
UKA00559,,11/03/2019,13:00:00
UKA00559,,11/03/2019,14:00:00
UKA00559,,11/03/2019,15:00:00
UKA00559,,11/03/2019,16:00:00
UKA00559,,11/03/2019,17:00:00
UKA00559,,11/03/2019,18:00:00
UKA00559,,11/03/2019,19:00:00
UKA00559,,11/03/2019,20:00:00
UKA00559,,11/03/2019,21:00:00
UKA00559,,11/03/2019,22:00:00
UKA00559,,11/03/2019,23:00:00
UKA00559,,11/03/2019,24:00:00
UKA00559,,12/03/2019,01:00:00
UKA00559,,12/03/2019,02:00:00
UKA00559,,12/03/2019,03:00:00
UKA00559,,12/03/2019,04:00:00
UKA00559,,12/03/2019,05:00:00
UKA00559,,12/03/2019,06:00:00
UKA00559,,12/03/2019,07:00:00
UKA00559,,12/03/2019,08:00:00
UKA00559,,12/03/2019,09:00:00
UKA00559,,12/03/2019,10:00:00
UKA00559,,12/03/2019,11:00:00
UKA00559,,12/03/2019,12:00:00
UKA00559,13.45937,12/03/2019,13:00:00
UKA00559,12.17062,12/03/2019,14:00:00
UKA00559,12.409,12/03/2019,15:00:00
UKA00559,8.06518,12/03/2019,16:00:00
UKA00559,9.97492,12/03/2019,17:00:00
UKA00559,9.16367,12/03/2019,18:00:00
UKA00559,10.69113,12/03/2019,19:00:00
UKA00559,6.96861,12/03/2019,20:00:00
UKA00559,4.43854,12/03/2019,21:00:00
UKA00559,3.05425,12/03/2019,22:00:00
UKA00559,2.33821,12/03/2019,23:00:00
UKA00559,1.47913,12/03/2019,24:00:00
UKA00559,1.52563,13/03/2019,01:00:00
UKA00559,0.69858,13/03/2019,02:00:00
UKA00559,0.42826,13/03/2019,03:00:00
UKA00559,0.42818,13/03/2019,04:00:00
UKA00559,0.76261,13/03/2019,05:00:00
UKA00559,1.81254,13/03/2019,06:00:00
UKA00559,3.48222,13/03/2019,07:00:00
UKA00559,6.63062,13/03/2019,08:00:00
UKA00559,9.39611,13/03/2019,09:00:00
UKA00559,10.15994,13/03/2019,10:00:00
UKA00559,8.3949,13/03/2019,11:00:00
UKA00559,8.154,13/03/2019,12:00:00
UKA00559,7.2477,13/03/2019,13:00:00
UKA00559,6.19861,13/03/2019,14:00:00
UKA00559,9.87247,13/03/2019,15:00:00
UKA00559,8.87096,13/03/2019,16:00:00
UKA00559,12.59208,13/03/2019,17:00:00
UKA00559,14.26497,13/03/2019,18:00:00
UKA00559,14.02744,13/03/2019,19:00:00
UKA00559,11.45092,13/03/2019,20:00:00
UKA00559,7.7769,13/03/2019,21:00:00
UKA00559,5.53435,13/03/2019,22:00:00
UKA00559,4.91352,13/03/2019,23:00:00
UKA00559,3.769,13/03/2019,24:00:00
UKA00559,2.5422,14/03/2019,01:00:00
UKA00559,0.82378,14/03/2019,02:00:00
UKA00559,1.14277,14/03/2019,03:00:00
UKA00559,0.66674,14/03/2019,04:00:00
UKA00559,0.66607,14/03/2019,05:00:00
UKA00559,1.47687,14/03/2019,06:00:00
UKA00559,4.05318,14/03/2019,07:00:00
UKA00559,8.96619,14/03/2019,08:00:00
UKA00559,8.43967,14/03/2019,09:00:00
UKA00559,10.76721,14/03/2019,10:00:00
UKA00559,8.19289,14/03/2019,11:00:00
UKA00559,9.24781,14/03/2019,12:00:00
UKA00559,8.481,14/03/2019,13:00:00
UKA00559,7.76735,14/03/2019,14:00:00
UKA00559,10.486,14/03/2019,15:00:00
UKA00559,13.58844,14/03/2019,16:00:00
UKA00559,13.5895,14/03/2019,17:00:00
UKA00559,11.39792,14/03/2019,18:00:00
UKA00559,11.63766,14/03/2019,19:00:00
UKA00559,11.59008,14/03/2019,20:00:00
UKA00559,13.73688,14/03/2019,21:00:00
UKA00559,13.59415,14/03/2019,22:00:00
UKA00559,7.01037,14/03/2019,23:00:00
UKA00559,6.00993,14/03/2019,24:00:00
UKA00559,3.49487,15/03/2019,01:00:00
UKA00559,3.6839,15/03/2019,02:00:00
UKA00559,1.23638,15/03/2019,03:00:00
UKA00559,0.52109,15/03/2019,04:00:00
UKA00559,0.56841,15/03/2019,05:00:00
UKA00559,1.14136,15/03/2019,06:00:00
UKA00559,4.19274,15/03/2019,07:00:00
UKA00559,7.10141,15/03/2019,08:00:00
UKA00559,8.33892,15/03/2019,09:00:00
UKA00559,6.66758,15/03/2019,10:00:00
UKA00559,7.33574,15/03/2019,11:00:00
UKA00559,6.90664,15/03/2019,12:00:00
UKA00559,6.14196,15/03/2019,13:00:00
UKA00559,6.00188,15/03/2019,14:00:00
UKA00559,6.57086,15/03/2019,15:00:00
UKA00559,8.52556,15/03/2019,16:00:00
UKA00559,8.28971,15/03/2019,17:00:00
UKA00559,9.10323,15/03/2019,18:00:00
UKA00559,9.24897,15/03/2019,19:00:00
UKA00559,9.15452,15/03/2019,20:00:00
UKA00559,11.15672,15/03/2019,21:00:00
UKA00559,11.7291,15/03/2019,22:00:00
UKA00559,9.7252,15/03/2019,23:00:00
UKA00559,7.19661,15/03/2019,24:00:00
UKA00559,8.19571,16/03/2019,01:00:00
UKA00559,2.60136,16/03/2019,02:00:00
UKA00559,1.85442,16/03/2019,03:00:00
UKA00559,1.3773,16/03/2019,04:00:00
UKA00559,1.52159,16/03/2019,05:00:00
UKA00559,1.66342,16/03/2019,06:00:00
UKA00559,2.66486,16/03/2019,07:00:00
UKA00559,3.09356,16/03/2019,08:00:00
UKA00559,3.23662,16/03/2019,09:00:00
UKA00559,3.61689,16/03/2019,10:00:00
UKA00559,4.71346,16/03/2019,11:00:00
UKA00559,4.76017,16/03/2019,12:00:00
UKA00559,4.47478,16/03/2019,13:00:00
UKA00559,4.66479,16/03/2019,14:00:00
UKA00559,4.23585,16/03/2019,15:00:00
UKA00559,4.56966,16/03/2019,16:00:00
UKA00559,4.85628,16/03/2019,17:00:00
UKA00559,5.95505,16/03/2019,18:00:00
UKA00559,6.00152,16/03/2019,19:00:00
UKA00559,6.52877,16/03/2019,20:00:00
UKA00559,6.90758,16/03/2019,21:00:00
UKA00559,8.33992,16/03/2019,22:00:00
UKA00559,9.0545,16/03/2019,23:00:00
UKA00559,5.47891,16/03/2019,24:00:00
UKA00559,3.74332,17/03/2019,01:00:00
UKA00559,2.72743,17/03/2019,02:00:00
UKA00559,2.61708,17/03/2019,03:00:00
UKA00559,2.70942,17/03/2019,04:00:00
UKA00559,2.37931,17/03/2019,05:00:00
UKA00559,3.23658,17/03/2019,06:00:00
UKA00559,4.42759,17/03/2019,07:00:00
UKA00559,4.13791,17/03/2019,08:00:00
UKA00559,3.65934,17/03/2019,09:00:00
UKA00559,2.61166,17/03/2019,10:00:00
UKA00559,3.17956,17/03/2019,11:00:00
UKA00559,3.89561,17/03/2019,12:00:00
UKA00559,5.08722,17/03/2019,13:00:00
UKA00559,7.13189,17/03/2019,14:00:00
UKA00559,4.50907,17/03/2019,15:00:00
UKA00559,3.27732,17/03/2019,16:00:00
UKA00559,4.85276,17/03/2019,17:00:00
UKA00559,9.52264,17/03/2019,18:00:00
UKA00559,14.77098,17/03/2019,19:00:00
UKA00559,16.24353,17/03/2019,20:00:00
UKA00559,15.28909,17/03/2019,21:00:00
UKA00559,10.66899,17/03/2019,22:00:00
UKA00559,8.95384,17/03/2019,23:00:00
UKA00559,8.4297,17/03/2019,24:00:00
UKA00559,6.66316,18/03/2019,01:00:00
UKA00559,5.20237,18/03/2019,02:00:00
UKA00559,5.426,18/03/2019,03:00:00
UKA00559,3.70718,18/03/2019,04:00:00
UKA00559,5.37869,18/03/2019,05:00:00
UKA00559,9.23853,18/03/2019,06:00:00
UKA00559,21.86418,18/03/2019,07:00:00
UKA00559,28.56213,18/03/2019,08:00:00
UKA00559,24.8274,18/03/2019,09:00:00
UKA00559,17.40124,18/03/2019,10:00:00
UKA00559,12.36085,18/03/2019,11:00:00
UKA00559,10.4621,18/03/2019,12:00:00
UKA00559,8.69919,18/03/2019,13:00:00
UKA00559,7.2305,18/03/2019,14:00:00
UKA00559,9.56182,18/03/2019,15:00:00
UKA00559,13.84313,18/03/2019,16:00:00
UKA00559,14.80467,18/03/2019,17:00:00
UKA00559,18.19214,18/03/2019,18:00:00
UKA00559,25.96413,18/03/2019,19:00:00
UKA00559,36.78099,18/03/2019,20:00:00
UKA00559,31.92375,18/03/2019,21:00:00
UKA00559,28.06284,18/03/2019,22:00:00
UKA00559,16.00453,18/03/2019,23:00:00
UKA00559,10.85916,18/03/2019,24:00:00
UKA00559,9.13753,19/03/2019,01:00:00
UKA00559,7.6159,19/03/2019,02:00:00
UKA00559,8.42327,19/03/2019,03:00:00
UKA00559,5.75544,19/03/2019,04:00:00
UKA00559,6.9468,19/03/2019,05:00:00
UKA00559,9.8529,19/03/2019,06:00:00
UKA00559,28.13156,19/03/2019,07:00:00
UKA00559,33.49671,19/03/2019,08:00:00
UKA00559,17.919,19/03/2019,09:00:00
UKA00559,15.26193,19/03/2019,10:00:00
UKA00559,,19/03/2019,11:00:00
UKA00559,11.92446,19/03/2019,12:00:00
UKA00559,13.22065,19/03/2019,13:00:00
UKA00559,11.89129,19/03/2019,14:00:00
UKA00559,9.13022,19/03/2019,15:00:00
UKA00559,6.6957,19/03/2019,16:00:00
UKA00559,8.84512,19/03/2019,17:00:00
UKA00559,13.80534,19/03/2019,18:00:00
UKA00559,17.80873,19/03/2019,19:00:00
UKA00559,17.23646,19/03/2019,20:00:00
UKA00559,14.28519,19/03/2019,21:00:00
UKA00559,11.37826,19/03/2019,22:00:00
UKA00559,11.85854,19/03/2019,23:00:00
UKA00559,7.75528,19/03/2019,24:00:00
UKA00559,4.62477,20/03/2019,01:00:00
UKA00559,3.48509,20/03/2019,02:00:00
UKA00559,3.51528,20/03/2019,03:00:00
UKA00559,4.08936,20/03/2019,04:00:00
UKA00559,4.8493,20/03/2019,05:00:00
UKA00559,7.89708,20/03/2019,06:00:00
UKA00559,13.85065,20/03/2019,07:00:00
UKA00559,21.06238,20/03/2019,08:00:00
UKA00559,16.62071,20/03/2019,09:00:00
UKA00559,17.9878,20/03/2019,10:00:00
UKA00559,7.73205,20/03/2019,11:00:00
UKA00559,10.5775,20/03/2019,12:00:00
UKA00559,7.73111,20/03/2019,13:00:00
UKA00559,6.39897,20/03/2019,14:00:00
UKA00559,7.11269,20/03/2019,15:00:00
UKA00559,8.73303,20/03/2019,16:00:00
UKA00559,12.21149,20/03/2019,17:00:00
UKA00559,15.26397,20/03/2019,18:00:00
UKA00559,20.55852,20/03/2019,19:00:00
UKA00559,23.94356,20/03/2019,20:00:00
UKA00559,23.51806,20/03/2019,21:00:00
UKA00559,15.47006,20/03/2019,22:00:00
UKA00559,12.47086,20/03/2019,23:00:00
UKA00559,10.3302,20/03/2019,24:00:00
UKA00559,8.9444,21/03/2019,01:00:00
UKA00559,9.32406,21/03/2019,02:00:00
UKA00559,5.228,21/03/2019,03:00:00
UKA00559,4.51457,21/03/2019,04:00:00
UKA00559,4.51246,21/03/2019,05:00:00
UKA00559,6.89515,21/03/2019,06:00:00
UKA00559,13.2187,21/03/2019,07:00:00
UKA00559,17.82458,21/03/2019,08:00:00
UKA00559,19.99803,21/03/2019,09:00:00
UKA00559,12.49973,21/03/2019,10:00:00
UKA00559,9.32572,21/03/2019,11:00:00
UKA00559,10.42548,21/03/2019,12:00:00
UKA00559,9.34098,21/03/2019,13:00:00
UKA00559,9.53888,21/03/2019,14:00:00
UKA00559,12.91237,21/03/2019,15:00:00
UKA00559,15.75454,21/03/2019,16:00:00
UKA00559,18.12459,21/03/2019,17:00:00
UKA00559,21.10912,21/03/2019,18:00:00
UKA00559,21.0307,21/03/2019,19:00:00
UKA00559,19.73279,21/03/2019,20:00:00
UKA00559,20.00673,21/03/2019,21:00:00
UKA00559,17.86406,21/03/2019,22:00:00
UKA00559,13.78766,21/03/2019,23:00:00
UKA00559,10.12732,21/03/2019,24:00:00
UKA00559,9.44529,22/03/2019,01:00:00
UKA00559,5.57051,22/03/2019,02:00:00
UKA00559,3.46181,22/03/2019,03:00:00
UKA00559,3.08259,22/03/2019,04:00:00
UKA00559,3.17841,22/03/2019,05:00:00
UKA00559,4.98687,22/03/2019,06:00:00
UKA00559,6.74362,22/03/2019,07:00:00
UKA00559,9.30762,22/03/2019,08:00:00
UKA00559,9.63864,22/03/2019,09:00:00
UKA00559,8.06712,22/03/2019,10:00:00
UKA00559,8.39989,22/03/2019,11:00:00
UKA00559,8.82383,22/03/2019,12:00:00
UKA00559,7.25931,22/03/2019,13:00:00
UKA00559,7.21168,22/03/2019,14:00:00
UKA00559,7.87897,22/03/2019,15:00:00
UKA00559,10.64219,22/03/2019,16:00:00
UKA00559,10.64802,22/03/2019,17:00:00
UKA00559,13.50823,22/03/2019,18:00:00
UKA00559,13.31832,22/03/2019,19:00:00
UKA00559,18.07932,22/03/2019,20:00:00
UKA00559,12.74919,22/03/2019,21:00:00
UKA00559,11.367,22/03/2019,22:00:00
UKA00559,7.55844,22/03/2019,23:00:00
UKA00559,6.99047,22/03/2019,24:00:00
UKA00559,7.91977,23/03/2019,01:00:00
UKA00559,9.25628,23/03/2019,02:00:00
UKA00559,10.26665,23/03/2019,03:00:00
UKA00559,14.36244,23/03/2019,04:00:00
UKA00559,22.408,23/03/2019,05:00:00
UKA00559,20.16775,23/03/2019,06:00:00
UKA00559,18.21571,23/03/2019,07:00:00
UKA00559,17.23922,23/03/2019,08:00:00
UKA00559,11.67133,23/03/2019,09:00:00
UKA00559,9.94201,23/03/2019,10:00:00
UKA00559,11.77774,23/03/2019,11:00:00
UKA00559,10.01934,23/03/2019,12:00:00
UKA00559,11.97138,23/03/2019,13:00:00
UKA00559,13.43772,23/03/2019,14:00:00
UKA00559,10.69484,23/03/2019,15:00:00
UKA00559,9.66018,23/03/2019,16:00:00
UKA00559,9.95543,23/03/2019,17:00:00
UKA00559,11.40164,23/03/2019,18:00:00
UKA00559,22.2917,23/03/2019,19:00:00
UKA00559,40.05621,23/03/2019,20:00:00
UKA00559,62.29838,23/03/2019,21:00:00
UKA00559,29.45246,23/03/2019,22:00:00
UKA00559,26.35968,23/03/2019,23:00:00
UKA00559,29.16999,23/03/2019,24:00:00
UKA00559,28.47594,24/03/2019,01:00:00
UKA00559,30.63008,24/03/2019,02:00:00
UKA00559,38.99905,24/03/2019,03:00:00
UKA00559,46.56531,24/03/2019,04:00:00
UKA00559,47.89254,24/03/2019,05:00:00
UKA00559,51.0414,24/03/2019,06:00:00
UKA00559,43.59949,24/03/2019,07:00:00
UKA00559,28.84221,24/03/2019,08:00:00
UKA00559,14.00678,24/03/2019,09:00:00
UKA00559,7.46444,24/03/2019,10:00:00
UKA00559,6.5524,24/03/2019,11:00:00
UKA00559,5.23421,24/03/2019,12:00:00
UKA00559,4.34024,24/03/2019,13:00:00
UKA00559,5.09766,24/03/2019,14:00:00
UKA00559,4.10224,24/03/2019,15:00:00
UKA00559,4.01747,24/03/2019,16:00:00
UKA00559,5.92354,24/03/2019,17:00:00
UKA00559,7.0239,24/03/2019,18:00:00
UKA00559,8.58912,24/03/2019,19:00:00
UKA00559,7.12048,24/03/2019,20:00:00
UKA00559,5.79395,24/03/2019,21:00:00
UKA00559,7.03432,24/03/2019,22:00:00
UKA00559,6.83836,24/03/2019,23:00:00
UKA00559,4.12379,24/03/2019,24:00:00
UKA00559,3.218,25/03/2019,01:00:00
UKA00559,4.36413,25/03/2019,02:00:00
UKA00559,3.31768,25/03/2019,03:00:00
UKA00559,5.07771,25/03/2019,04:00:00
UKA00559,5.3149,25/03/2019,05:00:00
UKA00559,10.35404,25/03/2019,06:00:00
UKA00559,17.85653,25/03/2019,07:00:00
UKA00559,22.36267,25/03/2019,08:00:00
UKA00559,21.18147,25/03/2019,09:00:00
UKA00559,16.57965,25/03/2019,10:00:00
UKA00559,13.02477,25/03/2019,11:00:00
UKA00559,8.06854,25/03/2019,12:00:00
UKA00559,7.16811,25/03/2019,13:00:00
UKA00559,7.49973,25/03/2019,14:00:00
UKA00559,11.23218,25/03/2019,15:00:00
UKA00559,15.31579,25/03/2019,16:00:00
UKA00559,14.72569,25/03/2019,17:00:00
UKA00559,20.20816,25/03/2019,18:00:00
UKA00559,25.53508,25/03/2019,19:00:00
UKA00559,30.97747,25/03/2019,20:00:00
UKA00559,37.89537,25/03/2019,21:00:00
UKA00559,39.8743,25/03/2019,22:00:00
UKA00559,47.97415,25/03/2019,23:00:00
UKA00559,38.76298,25/03/2019,24:00:00
UKA00559,28.13692,26/03/2019,01:00:00
UKA00559,25.09841,26/03/2019,02:00:00
UKA00559,19.35039,26/03/2019,03:00:00
UKA00559,14.77809,26/03/2019,04:00:00
UKA00559,14.25473,26/03/2019,05:00:00
UKA00559,15.68449,26/03/2019,06:00:00
UKA00559,46.96462,26/03/2019,07:00:00
UKA00559,51.34067,26/03/2019,08:00:00
UKA00559,40.9575,26/03/2019,09:00:00
UKA00559,28.19478,26/03/2019,10:00:00
UKA00559,22.13633,26/03/2019,11:00:00
UKA00559,10.82422,26/03/2019,12:00:00
UKA00559,9.03081,26/03/2019,13:00:00
UKA00559,8.36876,26/03/2019,14:00:00
UKA00559,6.75354,26/03/2019,15:00:00
UKA00559,8.78888,26/03/2019,16:00:00
UKA00559,12.21609,26/03/2019,17:00:00
UKA00559,24.87168,26/03/2019,18:00:00
UKA00559,22.76299,26/03/2019,19:00:00
UKA00559,19.52367,26/03/2019,20:00:00
UKA00559,23.92263,26/03/2019,21:00:00
UKA00559,30.26177,26/03/2019,22:00:00
UKA00559,31.42544,26/03/2019,23:00:00
UKA00559,27.90872,26/03/2019,24:00:00
UKA00559,23.82605,27/03/2019,01:00:00
UKA00559,20.21098,27/03/2019,02:00:00
UKA00559,22.80697,27/03/2019,03:00:00
UKA00559,18.14975,27/03/2019,04:00:00
UKA00559,20.00313,27/03/2019,05:00:00
UKA00559,22.28374,27/03/2019,06:00:00
UKA00559,28.78397,27/03/2019,07:00:00
UKA00559,38.64766,27/03/2019,08:00:00
UKA00559,39.90091,27/03/2019,09:00:00
UKA00559,25.17073,27/03/2019,10:00:00
UKA00559,14.56675,27/03/2019,11:00:00
UKA00559,11.78278,27/03/2019,12:00:00
UKA00559,10.68615,27/03/2019,13:00:00
UKA00559,6.98286,27/03/2019,14:00:00
UKA00559,9.71408,27/03/2019,15:00:00
UKA00559,11.42908,27/03/2019,16:00:00
UKA00559,16.38725,27/03/2019,17:00:00
UKA00559,25.2494,27/03/2019,18:00:00
UKA00559,30.86918,27/03/2019,19:00:00
UKA00559,39.14325,27/03/2019,20:00:00
UKA00559,44.57277,27/03/2019,21:00:00
UKA00559,41.22312,27/03/2019,22:00:00
UKA00559,40.67651,27/03/2019,23:00:00
UKA00559,20.61977,27/03/2019,24:00:00
UKA00559,19.82083,28/03/2019,01:00:00
UKA00559,26.85049,28/03/2019,02:00:00
UKA00559,25.18154,28/03/2019,03:00:00
UKA00559,24.23226,28/03/2019,04:00:00
UKA00559,26.46462,28/03/2019,05:00:00
UKA00559,45.97724,28/03/2019,06:00:00
UKA00559,57.09744,28/03/2019,07:00:00
UKA00559,56.45558,28/03/2019,08:00:00
UKA00559,51.18242,28/03/2019,09:00:00
UKA00559,26.41866,28/03/2019,10:00:00
UKA00559,27.40997,28/03/2019,11:00:00
UKA00559,25.91027,28/03/2019,12:00:00
UKA00559,23.81075,28/03/2019,13:00:00
UKA00559,15.97079,28/03/2019,14:00:00
UKA00559,10.68503,28/03/2019,15:00:00
UKA00559,11.55207,28/03/2019,16:00:00
UKA00559,11.9408,28/03/2019,17:00:00
UKA00559,16.50707,28/03/2019,18:00:00
UKA00559,24.12243,28/03/2019,19:00:00
UKA00559,58.14473,28/03/2019,20:00:00
UKA00559,75.63759,28/03/2019,21:00:00
UKA00559,61.96023,28/03/2019,22:00:00
UKA00559,58.09534,28/03/2019,23:00:00
UKA00559,41.71529,28/03/2019,24:00:00
UKA00559,32.42467,29/03/2019,01:00:00
UKA00559,21.3361,29/03/2019,02:00:00
UKA00559,17.80487,29/03/2019,03:00:00
UKA00559,17.46913,29/03/2019,04:00:00
UKA00559,18.28032,29/03/2019,05:00:00
UKA00559,24.53963,29/03/2019,06:00:00
UKA00559,33.75686,29/03/2019,07:00:00
UKA00559,34.68636,29/03/2019,08:00:00
UKA00559,27.82459,29/03/2019,09:00:00
UKA00559,19.3632,29/03/2019,10:00:00
UKA00559,14.09774,29/03/2019,11:00:00
UKA00559,10.19546,29/03/2019,12:00:00
UKA00559,10.06943,29/03/2019,13:00:00
UKA00559,8.80232,29/03/2019,14:00:00
UKA00559,8.23276,29/03/2019,15:00:00
UKA00559,10.04531,29/03/2019,16:00:00
UKA00559,12.89312,29/03/2019,17:00:00
UKA00559,16.88688,29/03/2019,18:00:00
UKA00559,27.21581,29/03/2019,19:00:00
UKA00559,41.3734,29/03/2019,20:00:00
UKA00559,61.43016,29/03/2019,21:00:00
UKA00559,57.31232,29/03/2019,22:00:00
UKA00559,60.47341,29/03/2019,23:00:00
UKA00559,36.04839,29/03/2019,24:00:00
UKA00559,28.67873,30/03/2019,01:00:00
UKA00559,29.87604,30/03/2019,02:00:00
UKA00559,27.38775,30/03/2019,03:00:00
UKA00559,30.75129,30/03/2019,04:00:00
UKA00559,26.52595,30/03/2019,05:00:00
UKA00559,33.41425,30/03/2019,06:00:00
UKA00559,39.52156,30/03/2019,07:00:00
UKA00559,41.84052,30/03/2019,08:00:00
UKA00559,53.62554,30/03/2019,09:00:00
UKA00559,46.20031,30/03/2019,10:00:00
UKA00559,42.31273,30/03/2019,11:00:00
UKA00559,39.01844,30/03/2019,12:00:00
UKA00559,31.50277,30/03/2019,13:00:00
UKA00559,24.15246,30/03/2019,14:00:00
UKA00559,22.3978,30/03/2019,15:00:00
UKA00559,17.59892,30/03/2019,16:00:00
UKA00559,21.91417,30/03/2019,17:00:00
UKA00559,22.88756,30/03/2019,18:00:00
UKA00559,32.5183,30/03/2019,19:00:00
UKA00559,49.57879,30/03/2019,20:00:00
UKA00559,49.01045,30/03/2019,21:00:00
UKA00559,58.82,30/03/2019,22:00:00
UKA00559,68.4074,30/03/2019,23:00:00
UKA00559,47.58134,30/03/2019,24:00:00
UKA00559,32.59747,31/03/2019,01:00:00
UKA00559,15.3727,31/03/2019,02:00:00
UKA00559,10.19998,31/03/2019,03:00:00
UKA00559,8.53124,31/03/2019,04:00:00
UKA00559,6.91546,31/03/2019,05:00:00
UKA00559,6.34954,31/03/2019,06:00:00
UKA00559,7.09902,31/03/2019,07:00:00
UKA00559,8.20037,31/03/2019,08:00:00
UKA00559,9.33003,31/03/2019,09:00:00
UKA00559,9.21429,31/03/2019,10:00:00
UKA00559,9.35033,31/03/2019,11:00:00
UKA00559,9.17113,31/03/2019,12:00:00
UKA00559,8.2272,31/03/2019,13:00:00
UKA00559,7.96167,31/03/2019,14:00:00
UKA00559,7.28873,31/03/2019,15:00:00
UKA00559,8.67342,31/03/2019,16:00:00
UKA00559,8.66471,31/03/2019,17:00:00
UKA00559,9.89704,31/03/2019,18:00:00
UKA00559,23.78988,31/03/2019,19:00:00
UKA00559,17.88304,31/03/2019,20:00:00
UKA00559,18.75478,31/03/2019,21:00:00
UKA00559,18.62855,31/03/2019,22:00:00
UKA00559,15.11295,31/03/2019,23:00:00
UKA00559,13.82113,31/03/2019,24:00:00
UKA00559,9.63264,01/04/2019,01:00:00
UKA00559,10.85809,01/04/2019,02:00:00
UKA00559,8.42515,01/04/2019,03:00:00
UKA00559,7.59759,01/04/2019,04:00:00
UKA00559,12.16281,01/04/2019,05:00:00
UKA00559,26.55288,01/04/2019,06:00:00
UKA00559,53.20252,01/04/2019,07:00:00
UKA00559,48.50591,01/04/2019,08:00:00
UKA00559,31.47384,01/04/2019,09:00:00
UKA00559,20.21415,01/04/2019,10:00:00
UKA00559,19.38098,01/04/2019,11:00:00
UKA00559,15.37568,01/04/2019,12:00:00
UKA00559,13.65927,01/04/2019,13:00:00
UKA00559,10.94362,01/04/2019,14:00:00
UKA00559,13.33469,01/04/2019,15:00:00
UKA00559,14.50704,01/04/2019,16:00:00
UKA00559,18.13737,01/04/2019,17:00:00
UKA00559,23.16932,01/04/2019,18:00:00
UKA00559,38.77553,01/04/2019,19:00:00
UKA00559,45.72205,01/04/2019,20:00:00
UKA00559,30.32793,01/04/2019,21:00:00
UKA00559,28.32545,01/04/2019,22:00:00
UKA00559,22.61819,01/04/2019,23:00:00
UKA00559,20.70754,01/04/2019,24:00:00
UKA00559,17.98282,02/04/2019,01:00:00
UKA00559,16.5606,02/04/2019,02:00:00
UKA00559,17.84675,02/04/2019,03:00:00
UKA00559,19.87088,02/04/2019,04:00:00
UKA00559,14.78214,02/04/2019,05:00:00
UKA00559,12.37002,02/04/2019,06:00:00
UKA00559,27.97618,02/04/2019,07:00:00
UKA00559,33.42598,02/04/2019,08:00:00
UKA00559,28.19665,02/04/2019,09:00:00
UKA00559,16.28215,02/04/2019,10:00:00
UKA00559,17.77101,02/04/2019,11:00:00
UKA00559,12.80218,02/04/2019,12:00:00
UKA00559,10.08226,02/04/2019,13:00:00
UKA00559,8.96711,02/04/2019,14:00:00
UKA00559,12.98606,02/04/2019,15:00:00
UKA00559,16.71149,02/04/2019,16:00:00
UKA00559,18.94732,02/04/2019,17:00:00
UKA00559,16.37112,02/04/2019,18:00:00
UKA00559,20.52695,02/04/2019,19:00:00
UKA00559,20.04643,02/04/2019,20:00:00
UKA00559,27.27965,02/04/2019,21:00:00
UKA00559,28.61871,02/04/2019,22:00:00
UKA00559,28.27045,02/04/2019,23:00:00
UKA00559,27.39465,02/04/2019,24:00:00
UKA00559,17.64275,03/04/2019,01:00:00
UKA00559,13.5102,03/04/2019,02:00:00
UKA00559,12.17974,03/04/2019,03:00:00
UKA00559,12.55714,03/04/2019,04:00:00
UKA00559,23.13732,03/04/2019,05:00:00
UKA00559,37.27169,03/04/2019,06:00:00
UKA00559,42.58337,03/04/2019,07:00:00
UKA00559,51.65214,03/04/2019,08:00:00
UKA00559,41.33679,03/04/2019,09:00:00
UKA00559,,03/04/2019,10:00:00
UKA00559,20.64306,03/04/2019,11:00:00
UKA00559,15.6283,03/04/2019,12:00:00
UKA00559,19.58253,03/04/2019,13:00:00
UKA00559,20.36123,03/04/2019,14:00:00
UKA00559,29.65733,03/04/2019,15:00:00
UKA00559,35.80053,03/04/2019,16:00:00
UKA00559,28.8824,03/04/2019,17:00:00
UKA00559,16.84728,03/04/2019,18:00:00
UKA00559,32.05254,03/04/2019,19:00:00
UKA00559,45.83598,03/04/2019,20:00:00
UKA00559,61.39703,03/04/2019,21:00:00
UKA00559,36.69493,03/04/2019,22:00:00
UKA00559,31.98774,03/04/2019,23:00:00
UKA00559,27.61039,03/04/2019,24:00:00
UKA00559,17.41388,04/04/2019,01:00:00
UKA00559,11.32085,04/04/2019,02:00:00
UKA00559,11.53039,04/04/2019,03:00:00
UKA00559,13.43847,04/04/2019,04:00:00
UKA00559,23.64055,04/04/2019,05:00:00
UKA00559,31.46579,04/04/2019,06:00:00
UKA00559,41.30639,04/04/2019,07:00:00
UKA00559,38.50396,04/04/2019,08:00:00
UKA00559,32.24992,04/04/2019,09:00:00
UKA00559,28.89931,04/04/2019,10:00:00
UKA00559,26.5884,04/04/2019,11:00:00
UKA00559,17.50718,04/04/2019,12:00:00
UKA00559,13.37954,04/04/2019,13:00:00
UKA00559,12.62974,04/04/2019,14:00:00
UKA00559,13.75127,04/04/2019,15:00:00
UKA00559,15.68471,04/04/2019,16:00:00
UKA00559,15.25146,04/04/2019,17:00:00
UKA00559,13.51527,04/04/2019,18:00:00
UKA00559,12.1971,04/04/2019,19:00:00
UKA00559,13.55396,04/04/2019,20:00:00
UKA00559,12.03089,04/04/2019,21:00:00
UKA00559,13.12005,04/04/2019,22:00:00
UKA00559,7.91719,04/04/2019,23:00:00
UKA00559,7.58163,04/04/2019,24:00:00
UKA00559,7.28755,05/04/2019,01:00:00
UKA00559,6.89774,05/04/2019,02:00:00
UKA00559,8.46063,05/04/2019,03:00:00
UKA00559,11.12837,05/04/2019,04:00:00
UKA00559,12.07264,05/04/2019,05:00:00
UKA00559,15.83054,05/04/2019,06:00:00
UKA00559,18.17651,05/04/2019,07:00:00
UKA00559,19.58021,05/04/2019,08:00:00
UKA00559,15.66526,05/04/2019,09:00:00
UKA00559,16.42109,05/04/2019,10:00:00
UKA00559,17.08997,05/04/2019,11:00:00
UKA00559,15.40451,05/04/2019,12:00:00
UKA00559,20.84971,05/04/2019,13:00:00
UKA00559,16.07176,05/04/2019,14:00:00
UKA00559,25.72719,05/04/2019,15:00:00
UKA00559,24.09229,05/04/2019,16:00:00
UKA00559,25.03784,05/04/2019,17:00:00
UKA00559,30.48014,05/04/2019,18:00:00
UKA00559,31.06322,05/04/2019,19:00:00
UKA00559,20.55956,05/04/2019,20:00:00
UKA00559,17.87484,05/04/2019,21:00:00
UKA00559,25.41166,05/04/2019,22:00:00
UKA00559,23.9802,05/04/2019,23:00:00
UKA00559,22.01533,05/04/2019,24:00:00
UKA00559,19.31714,06/04/2019,01:00:00
UKA00559,14.10374,06/04/2019,02:00:00
UKA00559,16.39901,06/04/2019,03:00:00
UKA00559,14.05556,06/04/2019,04:00:00
UKA00559,12.2941,06/04/2019,05:00:00
UKA00559,16.89715,06/04/2019,06:00:00
UKA00559,17.22235,06/04/2019,07:00:00
UKA00559,18.42,06/04/2019,08:00:00
UKA00559,17.36184,06/04/2019,09:00:00
UKA00559,14.96163,06/04/2019,10:00:00
UKA00559,14.59255,06/04/2019,11:00:00
UKA00559,10.93927,06/04/2019,12:00:00
UKA00559,10.88766,06/04/2019,13:00:00
UKA00559,8.9829,06/04/2019,14:00:00
UKA00559,8.22411,06/04/2019,15:00:00
UKA00559,8.06019,06/04/2019,16:00:00
UKA00559,9.02027,06/04/2019,17:00:00
UKA00559,11.0695,06/04/2019,18:00:00
UKA00559,14.14074,06/04/2019,19:00:00
UKA00559,15.95769,06/04/2019,20:00:00
UKA00559,15.6312,06/04/2019,21:00:00
UKA00559,17.452,06/04/2019,22:00:00
UKA00559,9.72223,06/04/2019,23:00:00
UKA00559,7.87518,06/04/2019,24:00:00
UKA00559,6.77525,07/04/2019,01:00:00
UKA00559,6.03966,07/04/2019,02:00:00
UKA00559,4.99508,07/04/2019,03:00:00
UKA00559,5.72165,07/04/2019,04:00:00
UKA00559,5.81601,07/04/2019,05:00:00
UKA00559,7.15921,07/04/2019,06:00:00
UKA00559,10.56413,07/04/2019,07:00:00
UKA00559,12.59728,07/04/2019,08:00:00
UKA00559,11.8746,07/04/2019,09:00:00
UKA00559,9.74165,07/04/2019,10:00:00
UKA00559,12.05944,07/04/2019,11:00:00
UKA00559,12.84813,07/04/2019,12:00:00
UKA00559,14.43934,07/04/2019,13:00:00
UKA00559,12.88297,07/04/2019,14:00:00
UKA00559,14.07747,07/04/2019,15:00:00
UKA00559,16.19637,07/04/2019,16:00:00
UKA00559,18.778,07/04/2019,17:00:00
UKA00559,23.57939,07/04/2019,18:00:00
UKA00559,29.31663,07/04/2019,19:00:00
UKA00559,25.55999,07/04/2019,20:00:00
UKA00559,21.96114,07/04/2019,21:00:00
UKA00559,16.62475,07/04/2019,22:00:00
UKA00559,13.03345,07/04/2019,23:00:00
UKA00559,11.58471,07/04/2019,24:00:00
UKA00559,10.90948,08/04/2019,01:00:00
UKA00559,9.24834,08/04/2019,02:00:00
UKA00559,9.51594,08/04/2019,03:00:00
UKA00559,10.15066,08/04/2019,04:00:00
UKA00559,10.96133,08/04/2019,05:00:00
UKA00559,14.19484,08/04/2019,06:00:00
UKA00559,19.0654,08/04/2019,07:00:00
UKA00559,30.23773,08/04/2019,08:00:00
UKA00559,28.52186,08/04/2019,09:00:00
UKA00559,27.57923,08/04/2019,10:00:00
UKA00559,24.13964,08/04/2019,11:00:00
UKA00559,21.0881,08/04/2019,12:00:00
UKA00559,19.90587,08/04/2019,13:00:00
UKA00559,24.11684,08/04/2019,14:00:00
UKA00559,24.31036,08/04/2019,15:00:00
UKA00559,23.92833,08/04/2019,16:00:00
UKA00559,31.59721,08/04/2019,17:00:00
UKA00559,45.88341,08/04/2019,18:00:00
UKA00559,35.74115,08/04/2019,19:00:00
UKA00559,32.38747,08/04/2019,20:00:00
UKA00559,22.5267,08/04/2019,21:00:00
UKA00559,15.62188,08/04/2019,22:00:00
UKA00559,12.34308,08/04/2019,23:00:00
UKA00559,11.33925,08/04/2019,24:00:00
UKA00559,9.39628,09/04/2019,01:00:00
UKA00559,7.91363,09/04/2019,02:00:00
UKA00559,8.04603,09/04/2019,03:00:00
UKA00559,8.37941,09/04/2019,04:00:00
UKA00559,9.62749,09/04/2019,05:00:00
UKA00559,12.53984,09/04/2019,06:00:00
UKA00559,15.22405,09/04/2019,07:00:00
UKA00559,17.60224,09/04/2019,08:00:00
UKA00559,17.23802,09/04/2019,09:00:00
UKA00559,17.77973,09/04/2019,10:00:00
UKA00559,15.74512,09/04/2019,11:00:00
UKA00559,14.10198,09/04/2019,12:00:00
UKA00559,11.81367,09/04/2019,13:00:00
UKA00559,10.56823,09/04/2019,14:00:00
UKA00559,11.3658,09/04/2019,15:00:00
UKA00559,11.2482,09/04/2019,16:00:00
UKA00559,13.67967,09/04/2019,17:00:00
UKA00559,17.05308,09/04/2019,18:00:00
UKA00559,16.19827,09/04/2019,19:00:00
UKA00559,15.0246,09/04/2019,20:00:00
UKA00559,14.15742,09/04/2019,21:00:00
UKA00559,14.99196,09/04/2019,22:00:00
UKA00559,11.12219,09/04/2019,23:00:00
UKA00559,12.25886,09/04/2019,24:00:00
UKA00559,10.82,10/04/2019,01:00:00
UKA00559,9.08526,10/04/2019,02:00:00
UKA00559,9.65117,10/04/2019,03:00:00
UKA00559,11.90069,10/04/2019,04:00:00
UKA00559,15.88939,10/04/2019,05:00:00
UKA00559,23.30187,10/04/2019,06:00:00
UKA00559,36.19798,10/04/2019,07:00:00
UKA00559,26.89578,10/04/2019,08:00:00
UKA00559,15.37694,10/04/2019,09:00:00
UKA00559,11.11169,10/04/2019,10:00:00
UKA00559,10.55193,10/04/2019,11:00:00
UKA00559,8.05797,10/04/2019,12:00:00
UKA00559,6.91449,10/04/2019,13:00:00
UKA00559,7.88957,10/04/2019,14:00:00
UKA00559,10.34095,10/04/2019,15:00:00
UKA00559,8.83937,10/04/2019,16:00:00
UKA00559,10.84046,10/04/2019,17:00:00
UKA00559,12.54219,10/04/2019,18:00:00
UKA00559,21.69955,10/04/2019,19:00:00
UKA00559,22.88979,10/04/2019,20:00:00
UKA00559,22.57807,10/04/2019,21:00:00
UKA00559,27.64866,10/04/2019,22:00:00
UKA00559,23.89889,10/04/2019,23:00:00
UKA00559,20.69242,10/04/2019,24:00:00
UKA00559,23.54997,11/04/2019,01:00:00
UKA00559,23.60168,11/04/2019,02:00:00
UKA00559,21.98742,11/04/2019,03:00:00
UKA00559,30.12215,11/04/2019,04:00:00
UKA00559,49.32197,11/04/2019,05:00:00
UKA00559,63.26116,11/04/2019,06:00:00
UKA00559,67.11107,11/04/2019,07:00:00
UKA00559,58.8839,11/04/2019,08:00:00
UKA00559,24.29236,11/04/2019,09:00:00
UKA00559,10.83485,11/04/2019,10:00:00
UKA00559,10.8951,11/04/2019,11:00:00
UKA00559,9.26656,11/04/2019,12:00:00
UKA00559,10.08821,11/04/2019,13:00:00
UKA00559,10.56592,11/04/2019,14:00:00
UKA00559,11.94018,11/04/2019,15:00:00
UKA00559,11.36487,11/04/2019,16:00:00
UKA00559,13.91934,11/04/2019,17:00:00
UKA00559,17.40129,11/04/2019,18:00:00
UKA00559,39.00147,11/04/2019,19:00:00
UKA00559,58.95887,11/04/2019,20:00:00
UKA00559,54.42648,11/04/2019,21:00:00
UKA00559,31.58553,11/04/2019,22:00:00
UKA00559,16.82866,11/04/2019,23:00:00
UKA00559,18.40947,11/04/2019,24:00:00
UKA00559,18.44427,12/04/2019,01:00:00
UKA00559,18.18476,12/04/2019,02:00:00
UKA00559,24.53309,12/04/2019,03:00:00
UKA00559,26.316,12/04/2019,04:00:00
UKA00559,31.7734,12/04/2019,05:00:00
UKA00559,48.35495,12/04/2019,06:00:00
UKA00559,58.87805,12/04/2019,07:00:00
UKA00559,52.57786,12/04/2019,08:00:00
UKA00559,39.44334,12/04/2019,09:00:00
UKA00559,15.19618,12/04/2019,10:00:00
UKA00559,13.51018,12/04/2019,11:00:00
UKA00559,12.13363,12/04/2019,12:00:00
UKA00559,11.85488,12/04/2019,13:00:00
UKA00559,12.73031,12/04/2019,14:00:00
UKA00559,13.01582,12/04/2019,15:00:00
UKA00559,15.04543,12/04/2019,16:00:00
UKA00559,15.1487,12/04/2019,17:00:00
UKA00559,16.02683,12/04/2019,18:00:00
UKA00559,18.3821,12/04/2019,19:00:00
UKA00559,17.08449,12/04/2019,20:00:00
UKA00559,17.24549,12/04/2019,21:00:00
UKA00559,15.13828,12/04/2019,22:00:00
UKA00559,10.00288,12/04/2019,23:00:00
UKA00559,9.55876,12/04/2019,24:00:00
UKA00559,9.30884,13/04/2019,01:00:00
UKA00559,8.73755,13/04/2019,02:00:00
UKA00559,9.98158,13/04/2019,03:00:00
UKA00559,13.4638,13/04/2019,04:00:00
UKA00559,14.48041,13/04/2019,05:00:00
UKA00559,21.3073,13/04/2019,06:00:00
UKA00559,25.03941,13/04/2019,07:00:00
UKA00559,23.45764,13/04/2019,08:00:00
UKA00559,17.32733,13/04/2019,09:00:00
UKA00559,12.99805,13/04/2019,10:00:00
UKA00559,12.32394,13/04/2019,11:00:00
UKA00559,12.28922,13/04/2019,12:00:00
UKA00559,10.20424,13/04/2019,13:00:00
UKA00559,9.3708,13/04/2019,14:00:00
UKA00559,8.7641,13/04/2019,15:00:00
UKA00559,8.67967,13/04/2019,16:00:00
UKA00559,10.28051,13/04/2019,17:00:00
UKA00559,9.94073,13/04/2019,18:00:00
UKA00559,10.24578,13/04/2019,19:00:00
UKA00559,13.19892,13/04/2019,20:00:00
UKA00559,12.3934,13/04/2019,21:00:00
UKA00559,12.00527,13/04/2019,22:00:00
UKA00559,11.2869,13/04/2019,23:00:00
UKA00559,14.59617,13/04/2019,24:00:00
UKA00559,21.26013,14/04/2019,01:00:00
UKA00559,20.56445,14/04/2019,02:00:00
UKA00559,16.97998,14/04/2019,03:00:00
UKA00559,17.21939,14/04/2019,04:00:00
UKA00559,22.15795,14/04/2019,05:00:00
UKA00559,21.27248,14/04/2019,06:00:00
UKA00559,26.21871,14/04/2019,07:00:00
UKA00559,24.93423,14/04/2019,08:00:00
UKA00559,11.05302,14/04/2019,09:00:00
UKA00559,11.48478,14/04/2019,10:00:00
UKA00559,9.73441,14/04/2019,11:00:00
UKA00559,8.41815,14/04/2019,12:00:00
UKA00559,8.71834,14/04/2019,13:00:00
UKA00559,9.68421,14/04/2019,14:00:00
UKA00559,9.71303,14/04/2019,15:00:00
UKA00559,10.63733,14/04/2019,16:00:00
UKA00559,12.193,14/04/2019,17:00:00
UKA00559,11.53555,14/04/2019,18:00:00
UKA00559,13.47827,14/04/2019,19:00:00
UKA00559,12.44299,14/04/2019,20:00:00
UKA00559,13.70219,14/04/2019,21:00:00
UKA00559,12.07201,14/04/2019,22:00:00
UKA00559,10.82242,14/04/2019,23:00:00
UKA00559,12.29527,14/04/2019,24:00:00
UKA00559,10.46108,15/04/2019,01:00:00
UKA00559,9.30591,15/04/2019,02:00:00
UKA00559,9.63124,15/04/2019,03:00:00
UKA00559,9.20012,15/04/2019,04:00:00
UKA00559,9.42611,15/04/2019,05:00:00
UKA00559,13.13697,15/04/2019,06:00:00
UKA00559,18.0082,15/04/2019,07:00:00
UKA00559,19.56085,15/04/2019,08:00:00
UKA00559,17.63414,15/04/2019,09:00:00
UKA00559,16.19801,15/04/2019,10:00:00
UKA00559,14.97945,15/04/2019,11:00:00
UKA00559,14.88104,15/04/2019,12:00:00
UKA00559,13.58354,15/04/2019,13:00:00
UKA00559,15.79317,15/04/2019,14:00:00
UKA00559,16.84946,15/04/2019,15:00:00
UKA00559,19.86866,15/04/2019,16:00:00
UKA00559,17.93756,15/04/2019,17:00:00
UKA00559,17.17236,15/04/2019,18:00:00
UKA00559,21.46254,15/04/2019,19:00:00
UKA00559,19.22802,15/04/2019,20:00:00
UKA00559,16.85337,15/04/2019,21:00:00
UKA00559,19.03799,15/04/2019,22:00:00
UKA00559,20.09278,15/04/2019,23:00:00
UKA00559,22.53568,15/04/2019,24:00:00
UKA00559,24.07864,16/04/2019,01:00:00
UKA00559,19.22403,16/04/2019,02:00:00
UKA00559,20.66815,16/04/2019,03:00:00
UKA00559,29.80808,16/04/2019,04:00:00
UKA00559,30.67595,16/04/2019,05:00:00
UKA00559,36.59825,16/04/2019,06:00:00
UKA00559,48.58337,16/04/2019,07:00:00
UKA00559,38.86193,16/04/2019,08:00:00
UKA00559,34.85863,16/04/2019,09:00:00
UKA00559,36.09967,16/04/2019,10:00:00
UKA00559,38.0812,16/04/2019,11:00:00
UKA00559,38.46925,16/04/2019,12:00:00
UKA00559,34.08983,16/04/2019,13:00:00
UKA00559,29.64059,16/04/2019,14:00:00
UKA00559,31.42632,16/04/2019,15:00:00
UKA00559,34.57306,16/04/2019,16:00:00
UKA00559,33.86509,16/04/2019,17:00:00
UKA00559,33.39439,16/04/2019,18:00:00
UKA00559,34.93588,16/04/2019,19:00:00
UKA00559,39.05728,16/04/2019,20:00:00
UKA00559,31.35482,16/04/2019,21:00:00
UKA00559,27.54593,16/04/2019,22:00:00
UKA00559,21.11254,16/04/2019,23:00:00
UKA00559,18.95739,16/04/2019,24:00:00
UKA00559,16.40141,17/04/2019,01:00:00
UKA00559,17.3789,17/04/2019,02:00:00
UKA00559,15.17502,17/04/2019,03:00:00
UKA00559,14.68113,17/04/2019,04:00:00
UKA00559,13.70457,17/04/2019,05:00:00
UKA00559,16.02893,17/04/2019,06:00:00
UKA00559,17.86879,17/04/2019,07:00:00
UKA00559,21.47402,17/04/2019,08:00:00
UKA00559,21.24936,17/04/2019,09:00:00
UKA00559,18.96009,17/04/2019,10:00:00
UKA00559,19.59075,17/04/2019,11:00:00
UKA00559,21.08128,17/04/2019,12:00:00
UKA00559,18.55278,17/04/2019,13:00:00
UKA00559,17.46385,17/04/2019,14:00:00
UKA00559,16.57625,17/04/2019,15:00:00
UKA00559,16.52616,17/04/2019,16:00:00
UKA00559,16.85758,17/04/2019,17:00:00
UKA00559,22.03906,17/04/2019,18:00:00
UKA00559,28.92222,17/04/2019,19:00:00
UKA00559,35.8396,17/04/2019,20:00:00
UKA00559,32.07988,17/04/2019,21:00:00
UKA00559,36.24497,17/04/2019,22:00:00
UKA00559,30.49048,17/04/2019,23:00:00
UKA00559,23.46795,17/04/2019,24:00:00
UKA00559,23.37847,18/04/2019,01:00:00
UKA00559,21.88135,18/04/2019,02:00:00
UKA00559,21.91528,18/04/2019,03:00:00
UKA00559,19.08787,18/04/2019,04:00:00
UKA00559,24.30657,18/04/2019,05:00:00
UKA00559,33.74658,18/04/2019,06:00:00
UKA00559,32.10878,18/04/2019,07:00:00
UKA00559,30.27873,18/04/2019,08:00:00
UKA00559,25.06567,18/04/2019,09:00:00
UKA00559,23.50987,18/04/2019,10:00:00
UKA00559,25.39859,18/04/2019,11:00:00
UKA00559,20.90726,18/04/2019,12:00:00
UKA00559,19.21648,18/04/2019,13:00:00
UKA00559,17.29809,18/04/2019,14:00:00
UKA00559,14.77251,18/04/2019,15:00:00
UKA00559,15.45675,18/04/2019,16:00:00
UKA00559,19.78905,18/04/2019,17:00:00
UKA00559,23.86406,18/04/2019,18:00:00
UKA00559,31.75538,18/04/2019,19:00:00
UKA00559,47.49133,18/04/2019,20:00:00
UKA00559,41.2159,18/04/2019,21:00:00
UKA00559,40.17259,18/04/2019,22:00:00
UKA00559,41.46331,18/04/2019,23:00:00
UKA00559,44.82016,18/04/2019,24:00:00
UKA00559,36.70355,19/04/2019,01:00:00
UKA00559,22.38314,19/04/2019,02:00:00
UKA00559,22.68641,19/04/2019,03:00:00
UKA00559,25.95992,19/04/2019,04:00:00
UKA00559,24.3936,19/04/2019,05:00:00
UKA00559,33.00451,19/04/2019,06:00:00
UKA00559,29.39554,19/04/2019,07:00:00
UKA00559,26.25621,19/04/2019,08:00:00
UKA00559,24.34789,19/04/2019,09:00:00
UKA00559,24.50586,19/04/2019,10:00:00
UKA00559,24.3607,19/04/2019,11:00:00
UKA00559,19.69978,19/04/2019,12:00:00
UKA00559,18.41051,19/04/2019,13:00:00
UKA00559,14.72576,19/04/2019,14:00:00
UKA00559,12.45648,19/04/2019,15:00:00
UKA00559,11.43188,19/04/2019,16:00:00
UKA00559,11.33986,19/04/2019,17:00:00
UKA00559,14.18077,19/04/2019,18:00:00
UKA00559,19.81515,19/04/2019,19:00:00
UKA00559,32.5155,19/04/2019,20:00:00
UKA00559,49.7497,19/04/2019,21:00:00
UKA00559,46.61849,19/04/2019,22:00:00
UKA00559,59.88804,19/04/2019,23:00:00
UKA00559,59.88742,19/04/2019,24:00:00
UKA00559,46.0305,20/04/2019,01:00:00
UKA00559,26.72351,20/04/2019,02:00:00
UKA00559,27.61747,20/04/2019,03:00:00
UKA00559,30.20576,20/04/2019,04:00:00
UKA00559,48.4432,20/04/2019,05:00:00
UKA00559,51.98327,20/04/2019,06:00:00
UKA00559,38.99319,20/04/2019,07:00:00
UKA00559,34.33363,20/04/2019,08:00:00
UKA00559,34.12351,20/04/2019,09:00:00
UKA00559,30.89879,20/04/2019,10:00:00
UKA00559,25.1218,20/04/2019,11:00:00
UKA00559,18.87834,20/04/2019,12:00:00
UKA00559,13.68438,20/04/2019,13:00:00
UKA00559,10.8096,20/04/2019,14:00:00
UKA00559,10.80243,20/04/2019,15:00:00
UKA00559,11.70781,20/04/2019,16:00:00
UKA00559,13.50869,20/04/2019,17:00:00
UKA00559,12.98896,20/04/2019,18:00:00
UKA00559,20.18373,20/04/2019,19:00:00
UKA00559,37.36162,20/04/2019,20:00:00
UKA00559,57.59876,20/04/2019,21:00:00
UKA00559,82.71594,20/04/2019,22:00:00
UKA00559,48.64902,20/04/2019,23:00:00
UKA00559,44.47003,20/04/2019,24:00:00
UKA00559,38.7236,21/04/2019,01:00:00
UKA00559,28.98885,21/04/2019,02:00:00
UKA00559,34.41426,21/04/2019,03:00:00
UKA00559,48.90532,21/04/2019,04:00:00
UKA00559,41.23926,21/04/2019,05:00:00
UKA00559,43.04558,21/04/2019,06:00:00
UKA00559,38.52898,21/04/2019,07:00:00
UKA00559,27.54402,21/04/2019,08:00:00
UKA00559,18.53727,21/04/2019,09:00:00
UKA00559,12.69564,21/04/2019,10:00:00
UKA00559,11.62711,21/04/2019,11:00:00
UKA00559,10.92769,21/04/2019,12:00:00
UKA00559,11.57663,21/04/2019,13:00:00
UKA00559,10.40571,21/04/2019,14:00:00
UKA00559,9.57076,21/04/2019,15:00:00
UKA00559,9.09492,21/04/2019,16:00:00
UKA00559,9.64436,21/04/2019,17:00:00
UKA00559,9.97456,21/04/2019,18:00:00
UKA00559,23.83401,21/04/2019,19:00:00
UKA00559,50.20899,21/04/2019,20:00:00
UKA00559,81.96966,21/04/2019,21:00:00
UKA00559,95.13381,21/04/2019,22:00:00
UKA00559,31.82871,21/04/2019,23:00:00
UKA00559,21.60367,21/04/2019,24:00:00
UKA00559,24.33389,22/04/2019,01:00:00
UKA00559,17.12452,22/04/2019,02:00:00
UKA00559,17.06583,22/04/2019,03:00:00
UKA00559,16.97342,22/04/2019,04:00:00
UKA00559,21.23915,22/04/2019,05:00:00
UKA00559,26.68073,22/04/2019,06:00:00
UKA00559,27.08637,22/04/2019,07:00:00
UKA00559,18.64878,22/04/2019,08:00:00
UKA00559,19.8057,22/04/2019,09:00:00
UKA00559,21.03358,22/04/2019,10:00:00
UKA00559,19.60779,22/04/2019,11:00:00
UKA00559,13.93228,22/04/2019,12:00:00
UKA00559,13.21593,22/04/2019,13:00:00
UKA00559,12.18452,22/04/2019,14:00:00
UKA00559,12.3275,22/04/2019,15:00:00
UKA00559,12.24382,22/04/2019,16:00:00
UKA00559,13.2203,22/04/2019,17:00:00
UKA00559,14.70103,22/04/2019,18:00:00
UKA00559,20.53844,22/04/2019,19:00:00
UKA00559,19.02898,22/04/2019,20:00:00
UKA00559,18.43814,22/04/2019,21:00:00
UKA00559,18.49162,22/04/2019,22:00:00
UKA00559,20.99649,22/04/2019,23:00:00
UKA00559,26.6201,22/04/2019,24:00:00
UKA00559,24.71976,23/04/2019,01:00:00
UKA00559,26.33827,23/04/2019,02:00:00
UKA00559,26.98472,23/04/2019,03:00:00
UKA00559,32.75145,23/04/2019,04:00:00
UKA00559,27.02806,23/04/2019,05:00:00
UKA00559,31.15065,23/04/2019,06:00:00
UKA00559,40.38651,23/04/2019,07:00:00
UKA00559,45.01968,23/04/2019,08:00:00
UKA00559,32.01167,23/04/2019,09:00:00
UKA00559,25.34679,23/04/2019,10:00:00
UKA00559,23.45436,23/04/2019,11:00:00
UKA00559,22.84635,23/04/2019,12:00:00
UKA00559,22.62821,23/04/2019,13:00:00
UKA00559,21.88058,23/04/2019,14:00:00
UKA00559,20.6667,23/04/2019,15:00:00
UKA00559,19.67014,23/04/2019,16:00:00
UKA00559,24.41034,23/04/2019,17:00:00
UKA00559,25.58089,23/04/2019,18:00:00
UKA00559,26.96437,23/04/2019,19:00:00
UKA00559,24.9882,23/04/2019,20:00:00
UKA00559,25.03511,23/04/2019,21:00:00
UKA00559,24.83831,23/04/2019,22:00:00
UKA00559,20.54678,23/04/2019,23:00:00
UKA00559,18.40254,23/04/2019,24:00:00
UKA00559,16.72971,24/04/2019,01:00:00
UKA00559,17.124,24/04/2019,02:00:00
UKA00559,15.30436,24/04/2019,03:00:00
UKA00559,16.92932,24/04/2019,04:00:00
UKA00559,18.75586,24/04/2019,05:00:00
UKA00559,20.26896,24/04/2019,06:00:00
UKA00559,25.03994,24/04/2019,07:00:00
UKA00559,35.1665,24/04/2019,08:00:00
UKA00559,38.07719,24/04/2019,09:00:00
UKA00559,30.93457,24/04/2019,10:00:00
UKA00559,29.55344,24/04/2019,11:00:00
UKA00559,27.24916,24/04/2019,12:00:00
UKA00559,23.80835,24/04/2019,13:00:00
UKA00559,27.07712,24/04/2019,14:00:00
UKA00559,23.54364,24/04/2019,15:00:00
UKA00559,11.64593,24/04/2019,16:00:00
UKA00559,13.93967,24/04/2019,17:00:00
UKA00559,12.01604,24/04/2019,18:00:00
UKA00559,15.36601,24/04/2019,19:00:00
UKA00559,22.75302,24/04/2019,20:00:00
UKA00559,23.76588,24/04/2019,21:00:00
UKA00559,22.50955,24/04/2019,22:00:00
UKA00559,16.17822,24/04/2019,23:00:00
UKA00559,14.55128,24/04/2019,24:00:00
UKA00559,12.26826,25/04/2019,01:00:00
UKA00559,14.25909,25/04/2019,02:00:00
UKA00559,10.83946,25/04/2019,03:00:00
UKA00559,11.82243,25/04/2019,04:00:00
UKA00559,15.66301,25/04/2019,05:00:00
UKA00559,14.84035,25/04/2019,06:00:00
UKA00559,16.87678,25/04/2019,07:00:00
UKA00559,16.10201,25/04/2019,08:00:00
UKA00559,14.46531,25/04/2019,09:00:00
UKA00559,13.6361,25/04/2019,10:00:00
UKA00559,14.85552,25/04/2019,11:00:00
UKA00559,13.16648,25/04/2019,12:00:00
UKA00559,13.06922,25/04/2019,13:00:00
UKA00559,10.09324,25/04/2019,14:00:00
UKA00559,10.29816,25/04/2019,15:00:00
UKA00559,14.09977,25/04/2019,16:00:00
UKA00559,15.23532,25/04/2019,17:00:00
UKA00559,14.9376,25/04/2019,18:00:00
UKA00559,17.4166,25/04/2019,19:00:00
UKA00559,35.92085,25/04/2019,20:00:00
UKA00559,38.1051,25/04/2019,21:00:00
UKA00559,17.82346,25/04/2019,22:00:00
UKA00559,18.20654,25/04/2019,23:00:00
UKA00559,12.98851,25/04/2019,24:00:00
UKA00559,9.6187,26/04/2019,01:00:00
UKA00559,9.8575,26/04/2019,02:00:00
UKA00559,8.71349,26/04/2019,03:00:00
UKA00559,8.27586,26/04/2019,04:00:00
UKA00559,10.39354,26/04/2019,05:00:00
UKA00559,18.30972,26/04/2019,06:00:00
UKA00559,25.02255,26/04/2019,07:00:00
UKA00559,17.92468,26/04/2019,08:00:00
UKA00559,12.6177,26/04/2019,09:00:00
UKA00559,10.68883,26/04/2019,10:00:00
UKA00559,11.03952,26/04/2019,11:00:00
UKA00559,11.00204,26/04/2019,12:00:00
UKA00559,11.45165,26/04/2019,13:00:00
UKA00559,10.84768,26/04/2019,14:00:00
UKA00559,10.32012,26/04/2019,15:00:00
UKA00559,10.3321,26/04/2019,16:00:00
UKA00559,10.72477,26/04/2019,17:00:00
UKA00559,9.84651,26/04/2019,18:00:00
UKA00559,11.14438,26/04/2019,19:00:00
UKA00559,12.57564,26/04/2019,20:00:00
UKA00559,11.1564,26/04/2019,21:00:00
UKA00559,6.94352,26/04/2019,22:00:00
UKA00559,6.10574,26/04/2019,23:00:00
UKA00559,5.31941,26/04/2019,24:00:00
UKA00559,4.32759,27/04/2019,01:00:00
UKA00559,3.66903,27/04/2019,02:00:00
UKA00559,,27/04/2019,03:00:00
UKA00559,3.74565,27/04/2019,04:00:00
UKA00559,4.09244,27/04/2019,05:00:00
UKA00559,4.38065,27/04/2019,06:00:00
UKA00559,5.1854,27/04/2019,07:00:00
UKA00559,6.10711,27/04/2019,08:00:00
UKA00559,5.7588,27/04/2019,09:00:00
UKA00559,5.84884,27/04/2019,10:00:00
UKA00559,5.63559,27/04/2019,11:00:00
UKA00559,5.44345,27/04/2019,12:00:00
UKA00559,5.5951,27/04/2019,13:00:00
UKA00559,5.05465,27/04/2019,14:00:00
UKA00559,5.05314,27/04/2019,15:00:00
UKA00559,5.39693,27/04/2019,16:00:00
UKA00559,6.1461,27/04/2019,17:00:00
UKA00559,7.29764,27/04/2019,18:00:00
UKA00559,7.31121,27/04/2019,19:00:00
UKA00559,6.75569,27/04/2019,20:00:00
UKA00559,7.25564,27/04/2019,21:00:00
UKA00559,6.17022,27/04/2019,22:00:00
UKA00559,6.41341,27/04/2019,23:00:00
UKA00559,7.37023,27/04/2019,24:00:00
UKA00559,5.00673,28/04/2019,01:00:00
UKA00559,4.47939,28/04/2019,02:00:00
UKA00559,3.8153,28/04/2019,03:00:00
UKA00559,3.69343,28/04/2019,04:00:00
UKA00559,4.14296,28/04/2019,05:00:00
UKA00559,4.64684,28/04/2019,06:00:00
UKA00559,5.91743,28/04/2019,07:00:00
UKA00559,8.34267,28/04/2019,08:00:00
UKA00559,9.43905,28/04/2019,09:00:00
UKA00559,12.05872,28/04/2019,10:00:00
UKA00559,12.45679,28/04/2019,11:00:00
UKA00559,11.40653,28/04/2019,12:00:00
UKA00559,8.90936,28/04/2019,13:00:00
UKA00559,8.72907,28/04/2019,14:00:00
UKA00559,11.16845,28/04/2019,15:00:00
UKA00559,11.68598,28/04/2019,16:00:00
UKA00559,11.07071,28/04/2019,17:00:00
UKA00559,10.90711,28/04/2019,18:00:00
UKA00559,14.87282,28/04/2019,19:00:00
UKA00559,18.06421,28/04/2019,20:00:00
UKA00559,27.98986,28/04/2019,21:00:00
UKA00559,41.78955,28/04/2019,22:00:00
UKA00559,35.74553,28/04/2019,23:00:00
UKA00559,35.9201,28/04/2019,24:00:00
UKA00559,39.79354,29/04/2019,01:00:00
UKA00559,17.78991,29/04/2019,02:00:00
UKA00559,11.05713,29/04/2019,03:00:00
UKA00559,11.80131,29/04/2019,04:00:00
UKA00559,16.25109,29/04/2019,05:00:00
UKA00559,32.2088,29/04/2019,06:00:00
UKA00559,44.23785,29/04/2019,07:00:00
UKA00559,30.57656,29/04/2019,08:00:00
UKA00559,27.33287,29/04/2019,09:00:00
UKA00559,23.87816,29/04/2019,10:00:00
UKA00559,20.08456,29/04/2019,11:00:00
UKA00559,10.85834,29/04/2019,12:00:00
UKA00559,8.85676,29/04/2019,13:00:00
UKA00559,10.37649,29/04/2019,14:00:00
UKA00559,10.75738,29/04/2019,15:00:00
UKA00559,12.43848,29/04/2019,16:00:00
UKA00559,14.30773,29/04/2019,17:00:00
UKA00559,17.2653,29/04/2019,18:00:00
UKA00559,19.83055,29/04/2019,19:00:00
UKA00559,32.15651,29/04/2019,20:00:00
UKA00559,35.71603,29/04/2019,21:00:00
UKA00559,37.7313,29/04/2019,22:00:00
UKA00559,36.30641,29/04/2019,23:00:00
UKA00559,26.40086,29/04/2019,24:00:00
UKA00559,25.25907,30/04/2019,01:00:00
UKA00559,20.00533,30/04/2019,02:00:00
UKA00559,20.82436,30/04/2019,03:00:00
UKA00559,21.10931,30/04/2019,04:00:00
UKA00559,25.7679,30/04/2019,05:00:00
UKA00559,31.99895,30/04/2019,06:00:00
UKA00559,34.39031,30/04/2019,07:00:00
UKA00559,35.7128,30/04/2019,08:00:00
UKA00559,24.25864,30/04/2019,09:00:00
UKA00559,18.84997,30/04/2019,10:00:00
UKA00559,14.21138,30/04/2019,11:00:00
UKA00559,11.91545,30/04/2019,12:00:00
UKA00559,10.32803,30/04/2019,13:00:00
UKA00559,10.14114,30/04/2019,14:00:00
UKA00559,11.82816,30/04/2019,15:00:00
UKA00559,11.43592,30/04/2019,16:00:00
UKA00559,15.58059,30/04/2019,17:00:00
UKA00559,15.79518,30/04/2019,18:00:00
UKA00559,24.81347,30/04/2019,19:00:00
UKA00559,52.51168,30/04/2019,20:00:00
UKA00559,67.70783,30/04/2019,21:00:00
UKA00559,78.97555,30/04/2019,22:00:00
UKA00559,64.22122,30/04/2019,23:00:00
UKA00559,63.68508,30/04/2019,24:00:00
UKA00559,35.13793,01/05/2019,01:00:00
UKA00559,28.35773,01/05/2019,02:00:00
UKA00559,33.33888,01/05/2019,03:00:00
UKA00559,26.0433,01/05/2019,04:00:00
UKA00559,22.05096,01/05/2019,05:00:00
UKA00559,31.33539,01/05/2019,06:00:00
UKA00559,38.99347,01/05/2019,07:00:00
UKA00559,37.74135,01/05/2019,08:00:00
UKA00559,34.72781,01/05/2019,09:00:00
UKA00559,18.85541,01/05/2019,10:00:00
UKA00559,18.10684,01/05/2019,11:00:00
UKA00559,14.79316,01/05/2019,12:00:00
UKA00559,12.94897,01/05/2019,13:00:00
UKA00559,13.6644,01/05/2019,14:00:00
UKA00559,14.53724,01/05/2019,15:00:00
UKA00559,14.60107,01/05/2019,16:00:00
UKA00559,17.14675,01/05/2019,17:00:00
UKA00559,29.78186,01/05/2019,18:00:00
UKA00559,22.0587,01/05/2019,19:00:00
UKA00559,30.1323,01/05/2019,20:00:00
UKA00559,23.65657,01/05/2019,21:00:00
UKA00559,23.95123,01/05/2019,22:00:00
UKA00559,21.31043,01/05/2019,23:00:00
UKA00559,17.25416,01/05/2019,24:00:00
UKA00559,15.25773,02/05/2019,01:00:00
UKA00559,11.34696,02/05/2019,02:00:00
UKA00559,9.23047,02/05/2019,03:00:00
UKA00559,9.93648,02/05/2019,04:00:00
UKA00559,18.42006,02/05/2019,05:00:00
UKA00559,21.68244,02/05/2019,06:00:00
UKA00559,26.26049,02/05/2019,07:00:00
UKA00559,31.52624,02/05/2019,08:00:00
UKA00559,21.30784,02/05/2019,09:00:00
UKA00559,14.67219,02/05/2019,10:00:00
UKA00559,12.54611,02/05/2019,11:00:00
UKA00559,13.41105,02/05/2019,12:00:00
UKA00559,15.6979,02/05/2019,13:00:00
UKA00559,16.02843,02/05/2019,14:00:00
UKA00559,18.26046,02/05/2019,15:00:00
UKA00559,16.68738,02/05/2019,16:00:00
UKA00559,22.73352,02/05/2019,17:00:00
UKA00559,18.33019,02/05/2019,18:00:00
UKA00559,15.51669,02/05/2019,19:00:00
UKA00559,23.48447,02/05/2019,20:00:00
UKA00559,30.11305,02/05/2019,21:00:00
UKA00559,35.44205,02/05/2019,22:00:00
UKA00559,38.64186,02/05/2019,23:00:00
UKA00559,32.21188,02/05/2019,24:00:00
UKA00559,20.1757,03/05/2019,01:00:00
UKA00559,13.92979,03/05/2019,02:00:00
UKA00559,8.55239,03/05/2019,03:00:00
UKA00559,10.4365,03/05/2019,04:00:00
UKA00559,14.22486,03/05/2019,05:00:00
UKA00559,15.05866,03/05/2019,06:00:00
UKA00559,20.94484,03/05/2019,07:00:00
UKA00559,28.77922,03/05/2019,08:00:00
UKA00559,24.4733,03/05/2019,09:00:00
UKA00559,20.43433,03/05/2019,10:00:00
UKA00559,14.97499,03/05/2019,11:00:00
UKA00559,9.13248,03/05/2019,12:00:00
UKA00559,11.98577,03/05/2019,13:00:00
UKA00559,23.65402,03/05/2019,14:00:00
UKA00559,28.46354,03/05/2019,15:00:00
UKA00559,30.99972,03/05/2019,16:00:00
UKA00559,29.64429,03/05/2019,17:00:00
UKA00559,26.53209,03/05/2019,18:00:00
UKA00559,30.66305,03/05/2019,19:00:00
UKA00559,35.36607,03/05/2019,20:00:00
UKA00559,13.29626,03/05/2019,21:00:00
UKA00559,15.54804,03/05/2019,22:00:00
UKA00559,13.13863,03/05/2019,23:00:00
UKA00559,13.6721,03/05/2019,24:00:00
UKA00559,15.19868,04/05/2019,01:00:00
UKA00559,22.35146,04/05/2019,02:00:00
UKA00559,49.50781,04/05/2019,03:00:00
UKA00559,26.77276,04/05/2019,04:00:00
UKA00559,12.69069,04/05/2019,05:00:00
UKA00559,10.21508,04/05/2019,06:00:00
UKA00559,8.95029,04/05/2019,07:00:00
UKA00559,6.90454,04/05/2019,08:00:00
UKA00559,5.27626,04/05/2019,09:00:00
UKA00559,4.92415,04/05/2019,10:00:00
UKA00559,5.00992,04/05/2019,11:00:00
UKA00559,6.50103,04/05/2019,12:00:00
UKA00559,6.08666,04/05/2019,13:00:00
UKA00559,6.72525,04/05/2019,14:00:00
UKA00559,7.78158,04/05/2019,15:00:00
UKA00559,7.37806,04/05/2019,16:00:00
UKA00559,9.66691,04/05/2019,17:00:00
UKA00559,11.96505,04/05/2019,18:00:00
UKA00559,15.57656,04/05/2019,19:00:00
UKA00559,20.50763,04/05/2019,20:00:00
UKA00559,19.95609,04/05/2019,21:00:00
UKA00559,17.07669,04/05/2019,22:00:00
UKA00559,21.5141,04/05/2019,23:00:00
UKA00559,49.54341,04/05/2019,24:00:00
UKA00559,48.89274,05/05/2019,01:00:00
UKA00559,48.41095,05/05/2019,02:00:00
UKA00559,31.85427,05/05/2019,03:00:00
UKA00559,35.25335,05/05/2019,04:00:00
UKA00559,31.19693,05/05/2019,05:00:00
UKA00559,28.26845,05/05/2019,06:00:00
UKA00559,28.08973,05/05/2019,07:00:00
UKA00559,25.48979,05/05/2019,08:00:00
UKA00559,16.17563,05/05/2019,09:00:00
UKA00559,7.7257,05/05/2019,10:00:00
UKA00559,7.79104,05/05/2019,11:00:00
UKA00559,7.3814,05/05/2019,12:00:00
UKA00559,8.07619,05/05/2019,13:00:00
UKA00559,5.51655,05/05/2019,14:00:00
UKA00559,5.68469,05/05/2019,15:00:00
UKA00559,7.17708,05/05/2019,16:00:00
UKA00559,7.66009,05/05/2019,17:00:00
UKA00559,10.79752,05/05/2019,18:00:00
UKA00559,12.38497,05/05/2019,19:00:00
UKA00559,10.12907,05/05/2019,20:00:00
UKA00559,10.60406,05/05/2019,21:00:00
UKA00559,18.21403,05/05/2019,22:00:00
UKA00559,17.06283,05/05/2019,23:00:00
UKA00559,15.44121,05/05/2019,24:00:00
UKA00559,12.59746,06/05/2019,01:00:00
UKA00559,8.68077,06/05/2019,02:00:00
UKA00559,9.59917,06/05/2019,03:00:00
UKA00559,8.35005,06/05/2019,04:00:00
UKA00559,7.65072,06/05/2019,05:00:00
UKA00559,11.26432,06/05/2019,06:00:00
UKA00559,8.75678,06/05/2019,07:00:00
UKA00559,4.85033,06/05/2019,08:00:00
UKA00559,4.63237,06/05/2019,09:00:00
UKA00559,4.97661,06/05/2019,10:00:00
UKA00559,5.0311,06/05/2019,11:00:00
UKA00559,6.91886,06/05/2019,12:00:00
UKA00559,4.43611,06/05/2019,13:00:00
UKA00559,5.07939,06/05/2019,14:00:00
UKA00559,5.89234,06/05/2019,15:00:00
UKA00559,5.79111,06/05/2019,16:00:00
UKA00559,5.545,06/05/2019,17:00:00
UKA00559,7.14302,06/05/2019,18:00:00
UKA00559,8.89055,06/05/2019,19:00:00
UKA00559,19.1454,06/05/2019,20:00:00
UKA00559,22.4473,06/05/2019,21:00:00
UKA00559,18.31825,06/05/2019,22:00:00
UKA00559,24.54217,06/05/2019,23:00:00
UKA00559,33.33339,06/05/2019,24:00:00
UKA00559,33.11209,07/05/2019,01:00:00
UKA00559,17.91481,07/05/2019,02:00:00
UKA00559,24.52391,07/05/2019,03:00:00
UKA00559,24.91792,07/05/2019,04:00:00
UKA00559,26.17302,07/05/2019,05:00:00
UKA00559,37.32248,07/05/2019,06:00:00
UKA00559,39.65009,07/05/2019,07:00:00
UKA00559,28.9899,07/05/2019,08:00:00
UKA00559,12.25327,07/05/2019,09:00:00
UKA00559,8.3989,07/05/2019,10:00:00
UKA00559,6.49573,07/05/2019,11:00:00
UKA00559,5.61579,07/05/2019,12:00:00
UKA00559,5.91324,07/05/2019,13:00:00
UKA00559,3.88716,07/05/2019,14:00:00
UKA00559,7.88483,07/05/2019,15:00:00
UKA00559,11.1926,07/05/2019,16:00:00
UKA00559,11.03381,07/05/2019,17:00:00
UKA00559,16.44073,07/05/2019,18:00:00
UKA00559,17.46347,07/05/2019,19:00:00
UKA00559,21.2959,07/05/2019,20:00:00
UKA00559,21.35658,07/05/2019,21:00:00
UKA00559,20.24608,07/05/2019,22:00:00
UKA00559,14.21793,07/05/2019,23:00:00
UKA00559,13.52131,07/05/2019,24:00:00
UKA00559,13.84902,08/05/2019,01:00:00
UKA00559,11.72321,08/05/2019,02:00:00
UKA00559,8.94963,08/05/2019,03:00:00
UKA00559,10.04265,08/05/2019,04:00:00
UKA00559,10.07388,08/05/2019,05:00:00
UKA00559,11.85203,08/05/2019,06:00:00
UKA00559,17.58041,08/05/2019,07:00:00
UKA00559,26.83125,08/05/2019,08:00:00
UKA00559,24.2477,08/05/2019,09:00:00
UKA00559,22.58958,08/05/2019,10:00:00
UKA00559,22.00409,08/05/2019,11:00:00
UKA00559,25.54775,08/05/2019,12:00:00
UKA00559,26.96033,08/05/2019,13:00:00
UKA00559,23.36995,08/05/2019,14:00:00
UKA00559,15.19222,08/05/2019,15:00:00
UKA00559,11.11886,08/05/2019,16:00:00
UKA00559,15.62335,08/05/2019,17:00:00
UKA00559,14.07704,08/05/2019,18:00:00
UKA00559,14.03496,08/05/2019,19:00:00
UKA00559,14.80091,08/05/2019,20:00:00
UKA00559,12.62882,08/05/2019,21:00:00
UKA00559,10.885,08/05/2019,22:00:00
UKA00559,11.47358,08/05/2019,23:00:00
UKA00559,13.30517,08/05/2019,24:00:00
UKA00559,13.58089,09/05/2019,01:00:00
UKA00559,12.32719,09/05/2019,02:00:00
UKA00559,12.61884,09/05/2019,03:00:00
UKA00559,12.37597,09/05/2019,04:00:00
UKA00559,12.1238,09/05/2019,05:00:00
UKA00559,17.5288,09/05/2019,06:00:00
UKA00559,26.69184,09/05/2019,07:00:00
UKA00559,30.51098,09/05/2019,08:00:00
UKA00559,23.72488,09/05/2019,09:00:00
UKA00559,18.54903,09/05/2019,10:00:00
UKA00559,20.42161,09/05/2019,11:00:00
UKA00559,22.31147,09/05/2019,12:00:00
UKA00559,20.36095,09/05/2019,13:00:00
UKA00559,20.6149,09/05/2019,14:00:00
UKA00559,27.27481,09/05/2019,15:00:00
UKA00559,31.6379,09/05/2019,16:00:00
UKA00559,35.2261,09/05/2019,17:00:00
UKA00559,31.7125,09/05/2019,18:00:00
UKA00559,27.03945,09/05/2019,19:00:00
UKA00559,28.14444,09/05/2019,20:00:00
UKA00559,20.73577,09/05/2019,21:00:00
UKA00559,20.26861,09/05/2019,22:00:00
UKA00559,16.34565,09/05/2019,23:00:00
UKA00559,12.1238,09/05/2019,24:00:00
UKA00559,9.60022,10/05/2019,01:00:00
UKA00559,14.5144,10/05/2019,02:00:00
UKA00559,13.41196,10/05/2019,03:00:00
UKA00559,8.48427,10/05/2019,04:00:00
UKA00559,10.7054,10/05/2019,05:00:00
UKA00559,16.2996,10/05/2019,06:00:00
UKA00559,19.40793,10/05/2019,07:00:00
UKA00559,20.13044,10/05/2019,08:00:00
UKA00559,13.19591,10/05/2019,09:00:00
UKA00559,9.11957,10/05/2019,10:00:00
UKA00559,9.74558,10/05/2019,11:00:00
UKA00559,7.51959,10/05/2019,12:00:00
UKA00559,8.27287,10/05/2019,13:00:00
UKA00559,9.23468,10/05/2019,14:00:00
UKA00559,19.51241,10/05/2019,15:00:00
UKA00559,18.59421,10/05/2019,16:00:00
UKA00559,15.28355,10/05/2019,17:00:00
UKA00559,22.40248,10/05/2019,18:00:00
UKA00559,30.15361,10/05/2019,19:00:00
UKA00559,29.39855,10/05/2019,20:00:00
UKA00559,33.10256,10/05/2019,21:00:00
UKA00559,28.18263,10/05/2019,22:00:00
UKA00559,27.09464,10/05/2019,23:00:00
UKA00559,30.17014,10/05/2019,24:00:00
UKA00559,26.92174,11/05/2019,01:00:00
UKA00559,17.29429,11/05/2019,02:00:00
UKA00559,20.97256,11/05/2019,03:00:00
UKA00559,17.54585,11/05/2019,04:00:00
UKA00559,15.65046,11/05/2019,05:00:00
UKA00559,17.66116,11/05/2019,06:00:00
UKA00559,11.01334,11/05/2019,07:00:00
UKA00559,11.63591,11/05/2019,08:00:00
UKA00559,9.38729,11/05/2019,09:00:00
UKA00559,7.96642,11/05/2019,10:00:00
UKA00559,11.33248,11/05/2019,11:00:00
UKA00559,11.86475,11/05/2019,12:00:00
UKA00559,10.83451,11/05/2019,13:00:00
UKA00559,10.31618,11/05/2019,14:00:00
UKA00559,9.32954,11/05/2019,15:00:00
UKA00559,10.22434,11/05/2019,16:00:00
UKA00559,9.92555,11/05/2019,17:00:00
UKA00559,9.78081,11/05/2019,18:00:00
UKA00559,10.55721,11/05/2019,19:00:00
UKA00559,14.65297,11/05/2019,20:00:00
UKA00559,19.83188,11/05/2019,21:00:00
UKA00559,32.53945,11/05/2019,22:00:00
UKA00559,33.02192,11/05/2019,23:00:00
UKA00559,26.4549,11/05/2019,24:00:00
UKA00559,25.44,12/05/2019,01:00:00
UKA00559,19.80145,12/05/2019,02:00:00
UKA00559,17.70297,12/05/2019,03:00:00
UKA00559,19.97929,12/05/2019,04:00:00
UKA00559,18.95718,12/05/2019,05:00:00
UKA00559,18.08444,12/05/2019,06:00:00
UKA00559,16.3531,12/05/2019,07:00:00
UKA00559,9.28139,12/05/2019,08:00:00
UKA00559,6.81522,12/05/2019,09:00:00
UKA00559,6.07789,12/05/2019,10:00:00
UKA00559,5.54706,12/05/2019,11:00:00
UKA00559,6.78867,12/05/2019,12:00:00
UKA00559,7.96655,12/05/2019,13:00:00
UKA00559,6.66875,12/05/2019,14:00:00
UKA00559,6.71699,12/05/2019,15:00:00
UKA00559,5.22024,12/05/2019,16:00:00
UKA00559,5.69312,12/05/2019,17:00:00
UKA00559,6.48974,12/05/2019,18:00:00
UKA00559,9.32148,12/05/2019,19:00:00
UKA00559,22.70681,12/05/2019,20:00:00
UKA00559,36.83276,12/05/2019,21:00:00
UKA00559,34.33869,12/05/2019,22:00:00
UKA00559,14.96151,12/05/2019,23:00:00
UKA00559,12.84554,12/05/2019,24:00:00
UKA00559,11.92025,13/05/2019,01:00:00
UKA00559,11.25445,13/05/2019,02:00:00
UKA00559,9.93113,13/05/2019,03:00:00
UKA00559,9.66829,13/05/2019,04:00:00
UKA00559,14.92788,13/05/2019,05:00:00
UKA00559,29.79145,13/05/2019,06:00:00
UKA00559,21.17106,13/05/2019,07:00:00
UKA00559,19.67767,13/05/2019,08:00:00
UKA00559,14.1225,13/05/2019,09:00:00
UKA00559,9.81956,13/05/2019,10:00:00
UKA00559,7.91225,13/05/2019,11:00:00
UKA00559,7.08769,13/05/2019,12:00:00
UKA00559,6.10294,13/05/2019,13:00:00
UKA00559,8.32133,13/05/2019,14:00:00
UKA00559,11.66761,13/05/2019,15:00:00
UKA00559,10.01539,13/05/2019,16:00:00
UKA00559,12.96652,13/05/2019,17:00:00
UKA00559,14.36965,13/05/2019,18:00:00
UKA00559,15.12254,13/05/2019,19:00:00
UKA00559,16.35754,13/05/2019,20:00:00
UKA00559,23.34373,13/05/2019,21:00:00
UKA00559,26.73495,13/05/2019,22:00:00
UKA00559,24.80439,13/05/2019,23:00:00
UKA00559,29.15859,13/05/2019,24:00:00
UKA00559,20.1231,14/05/2019,01:00:00
UKA00559,15.02472,14/05/2019,02:00:00
UKA00559,14.76335,14/05/2019,03:00:00
UKA00559,17.49144,14/05/2019,04:00:00
UKA00559,26.66378,14/05/2019,05:00:00
UKA00559,36.03457,14/05/2019,06:00:00
UKA00559,26.01713,14/05/2019,07:00:00
UKA00559,20.13332,14/05/2019,08:00:00
UKA00559,12.89294,14/05/2019,09:00:00
UKA00559,10.21752,14/05/2019,10:00:00
UKA00559,6.85635,14/05/2019,11:00:00
UKA00559,8.49569,14/05/2019,12:00:00
UKA00559,8.61538,14/05/2019,13:00:00
UKA00559,10.38388,14/05/2019,14:00:00
UKA00559,12.58328,14/05/2019,15:00:00
UKA00559,12.15704,14/05/2019,16:00:00
UKA00559,15.47309,14/05/2019,17:00:00
UKA00559,15.53526,14/05/2019,18:00:00
UKA00559,15.97681,14/05/2019,19:00:00
UKA00559,22.05815,14/05/2019,20:00:00
UKA00559,23.7891,14/05/2019,21:00:00
UKA00559,27.68827,14/05/2019,22:00:00
UKA00559,34.10251,14/05/2019,23:00:00
UKA00559,23.98554,14/05/2019,24:00:00
UKA00559,12.5816,15/05/2019,01:00:00
UKA00559,12.91128,15/05/2019,02:00:00
UKA00559,14.51658,15/05/2019,03:00:00
UKA00559,15.7856,15/05/2019,04:00:00
UKA00559,17.4107,15/05/2019,05:00:00
UKA00559,21.91908,15/05/2019,06:00:00
UKA00559,19.51364,15/05/2019,07:00:00
UKA00559,17.48596,15/05/2019,08:00:00
UKA00559,13.18748,15/05/2019,09:00:00
UKA00559,9.6449,15/05/2019,10:00:00
UKA00559,9.64025,15/05/2019,11:00:00
UKA00559,10.43954,15/05/2019,12:00:00
UKA00559,10.98692,15/05/2019,13:00:00
UKA00559,12.03038,15/05/2019,14:00:00
UKA00559,13.74881,15/05/2019,15:00:00
UKA00559,13.66323,15/05/2019,16:00:00
UKA00559,15.2043,15/05/2019,17:00:00
UKA00559,15.52457,15/05/2019,18:00:00
UKA00559,14.84804,15/05/2019,19:00:00
UKA00559,20.56139,15/05/2019,20:00:00
UKA00559,20.64989,15/05/2019,21:00:00
UKA00559,23.65111,15/05/2019,22:00:00
UKA00559,16.59419,15/05/2019,23:00:00
UKA00559,15.82859,15/05/2019,24:00:00
UKA00559,10.59338,16/05/2019,01:00:00
UKA00559,12.69552,16/05/2019,02:00:00
UKA00559,11.41382,16/05/2019,03:00:00
UKA00559,19.36815,16/05/2019,04:00:00
UKA00559,24.6964,16/05/2019,05:00:00
UKA00559,27.35552,16/05/2019,06:00:00
UKA00559,31.07822,16/05/2019,07:00:00
UKA00559,27.82893,16/05/2019,08:00:00
UKA00559,21.83806,16/05/2019,09:00:00
UKA00559,14.39952,16/05/2019,10:00:00
UKA00559,11.08912,16/05/2019,11:00:00
UKA00559,10.89476,16/05/2019,12:00:00
UKA00559,9.52336,16/05/2019,13:00:00
UKA00559,9.90434,16/05/2019,14:00:00
UKA00559,11.90239,16/05/2019,15:00:00
UKA00559,11.05796,16/05/2019,16:00:00
UKA00559,11.00511,16/05/2019,17:00:00
UKA00559,12.53817,16/05/2019,18:00:00
UKA00559,11.29743,16/05/2019,19:00:00
UKA00559,12.67968,16/05/2019,20:00:00
UKA00559,8.66034,16/05/2019,21:00:00
UKA00559,8.67119,16/05/2019,22:00:00
UKA00559,7.75222,16/05/2019,23:00:00
UKA00559,8.14715,16/05/2019,24:00:00
UKA00559,8.81103,17/05/2019,01:00:00
UKA00559,8.73644,17/05/2019,02:00:00
UKA00559,8.97742,17/05/2019,03:00:00
UKA00559,8.08666,17/05/2019,04:00:00
UKA00559,9.52616,17/05/2019,05:00:00
UKA00559,12.69586,17/05/2019,06:00:00
UKA00559,18.06068,17/05/2019,07:00:00
UKA00559,20.20915,17/05/2019,08:00:00
UKA00559,21.38117,17/05/2019,09:00:00
UKA00559,21.06101,17/05/2019,10:00:00
UKA00559,22.64679,17/05/2019,11:00:00
UKA00559,14.51952,17/05/2019,12:00:00
UKA00559,11.00177,17/05/2019,13:00:00
UKA00559,8.12572,17/05/2019,14:00:00
UKA00559,13.79676,17/05/2019,15:00:00
UKA00559,12.19873,17/05/2019,16:00:00
UKA00559,14.60506,17/05/2019,17:00:00
UKA00559,19.40084,17/05/2019,18:00:00
UKA00559,18.57688,17/05/2019,19:00:00
UKA00559,20.80438,17/05/2019,20:00:00
UKA00559,18.20821,17/05/2019,21:00:00
UKA00559,18.15536,17/05/2019,22:00:00
UKA00559,21.85505,17/05/2019,23:00:00
UKA00559,14.49648,17/05/2019,24:00:00
UKA00559,12.44024,18/05/2019,01:00:00
UKA00559,9.99074,18/05/2019,02:00:00
UKA00559,7.49306,18/05/2019,03:00:00
UKA00559,7.44487,18/05/2019,04:00:00
UKA00559,7.57703,18/05/2019,05:00:00
UKA00559,8.9137,18/05/2019,06:00:00
UKA00559,11.67721,18/05/2019,07:00:00
UKA00559,14.02888,18/05/2019,08:00:00
UKA00559,13.51928,18/05/2019,09:00:00
UKA00559,11.84686,18/05/2019,10:00:00
UKA00559,12.7531,18/05/2019,11:00:00
UKA00559,13.13054,18/05/2019,12:00:00
UKA00559,16.09469,18/05/2019,13:00:00
UKA00559,13.88137,18/05/2019,14:00:00
UKA00559,14.62896,18/05/2019,15:00:00
UKA00559,14.93822,18/05/2019,16:00:00
UKA00559,12.51342,18/05/2019,17:00:00
UKA00559,15.65607,18/05/2019,18:00:00
UKA00559,16.11763,18/05/2019,19:00:00
UKA00559,19.96278,18/05/2019,20:00:00
UKA00559,24.23076,18/05/2019,21:00:00
UKA00559,30.57525,18/05/2019,22:00:00
UKA00559,32.16214,18/05/2019,23:00:00
UKA00559,40.44575,18/05/2019,24:00:00
UKA00559,31.79273,19/05/2019,01:00:00
UKA00559,23.16254,19/05/2019,02:00:00
UKA00559,19.70287,19/05/2019,03:00:00
UKA00559,21.44177,19/05/2019,04:00:00
UKA00559,34.24809,19/05/2019,05:00:00
UKA00559,21.2585,19/05/2019,06:00:00
UKA00559,16.86238,19/05/2019,07:00:00
UKA00559,10.96346,19/05/2019,08:00:00
UKA00559,9.15005,19/05/2019,09:00:00
UKA00559,9.03665,19/05/2019,10:00:00
UKA00559,11.76389,19/05/2019,11:00:00
UKA00559,11.77473,19/05/2019,12:00:00
UKA00559,15.50736,19/05/2019,13:00:00
UKA00559,13.54617,19/05/2019,14:00:00
UKA00559,10.56565,19/05/2019,15:00:00
UKA00559,18.62607,19/05/2019,16:00:00
UKA00559,23.59905,19/05/2019,17:00:00
UKA00559,18.0247,19/05/2019,18:00:00
UKA00559,20.36961,19/05/2019,19:00:00
UKA00559,21.43712,19/05/2019,20:00:00
UKA00559,20.74094,19/05/2019,21:00:00
UKA00559,22.19542,19/05/2019,22:00:00
UKA00559,25.67941,19/05/2019,23:00:00
UKA00559,20.78598,19/05/2019,24:00:00
UKA00559,27.07375,20/05/2019,01:00:00
UKA00559,19.31151,20/05/2019,02:00:00
UKA00559,14.98236,20/05/2019,03:00:00
UKA00559,16.12433,20/05/2019,04:00:00
UKA00559,19.83925,20/05/2019,05:00:00
UKA00559,26.28726,20/05/2019,06:00:00
UKA00559,25.4764,20/05/2019,07:00:00
UKA00559,22.34893,20/05/2019,08:00:00
UKA00559,19.30386,20/05/2019,09:00:00
UKA00559,16.24767,20/05/2019,10:00:00
UKA00559,13.30474,20/05/2019,11:00:00
UKA00559,12.77333,20/05/2019,12:00:00
UKA00559,13.56714,20/05/2019,13:00:00
UKA00559,15.82474,20/05/2019,14:00:00
UKA00559,13.87643,20/05/2019,15:00:00
UKA00559,13.8577,20/05/2019,16:00:00
UKA00559,14.85981,20/05/2019,17:00:00
UKA00559,20.1098,20/05/2019,18:00:00
UKA00559,19.70572,20/05/2019,19:00:00
UKA00559,18.5684,20/05/2019,20:00:00
UKA00559,20.04277,20/05/2019,21:00:00
UKA00559,28.21516,20/05/2019,22:00:00
UKA00559,24.67431,20/05/2019,23:00:00
UKA00559,23.22887,20/05/2019,24:00:00
UKA00559,15.74141,21/05/2019,01:00:00
UKA00559,14.01608,21/05/2019,02:00:00
UKA00559,12.0577,21/05/2019,03:00:00
UKA00559,11.5047,21/05/2019,04:00:00
UKA00559,13.17623,21/05/2019,05:00:00
UKA00559,16.94807,21/05/2019,06:00:00
UKA00559,20.22449,21/05/2019,07:00:00
UKA00559,20.21686,21/05/2019,08:00:00
UKA00559,15.67149,21/05/2019,09:00:00
UKA00559,13.01042,21/05/2019,10:00:00
UKA00559,9.93606,21/05/2019,11:00:00
UKA00559,9.83807,21/05/2019,12:00:00
UKA00559,8.05782,21/05/2019,13:00:00
UKA00559,8.82529,21/05/2019,14:00:00
UKA00559,9.37209,21/05/2019,15:00:00
UKA00559,8.7087,21/05/2019,16:00:00
UKA00559,10.20011,21/05/2019,17:00:00
UKA00559,11.55311,21/05/2019,18:00:00
UKA00559,13.26337,21/05/2019,19:00:00
UKA00559,15.48623,21/05/2019,20:00:00
UKA00559,19.90882,21/05/2019,21:00:00
UKA00559,18.75918,21/05/2019,22:00:00
UKA00559,30.73606,21/05/2019,23:00:00
UKA00559,27.86845,21/05/2019,24:00:00
UKA00559,20.25308,22/05/2019,01:00:00
UKA00559,26.54644,22/05/2019,02:00:00
UKA00559,21.18965,22/05/2019,03:00:00
UKA00559,17.95601,22/05/2019,04:00:00
UKA00559,16.00838,22/05/2019,05:00:00
UKA00559,23.8177,22/05/2019,06:00:00
UKA00559,19.45655,22/05/2019,07:00:00
UKA00559,15.5644,22/05/2019,08:00:00
UKA00559,10.04906,22/05/2019,09:00:00
UKA00559,7.26893,22/05/2019,10:00:00
UKA00559,7.15081,22/05/2019,11:00:00
UKA00559,3.68416,22/05/2019,12:00:00
UKA00559,3.33006,22/05/2019,13:00:00
UKA00559,4.41263,22/05/2019,14:00:00
UKA00559,2.99145,22/05/2019,15:00:00
UKA00559,3.78202,22/05/2019,16:00:00
UKA00559,5.58209,22/05/2019,17:00:00
UKA00559,5.98124,22/05/2019,18:00:00
UKA00559,6.75941,22/05/2019,19:00:00
UKA00559,12.51229,22/05/2019,20:00:00
UKA00559,16.05343,22/05/2019,21:00:00
UKA00559,22.68532,22/05/2019,22:00:00
UKA00559,18.31321,22/05/2019,23:00:00
UKA00559,14.81088,22/05/2019,24:00:00
UKA00559,16.92638,23/05/2019,01:00:00
UKA00559,18.90373,23/05/2019,02:00:00
UKA00559,19.42964,23/05/2019,03:00:00
UKA00559,19.78523,23/05/2019,04:00:00
UKA00559,19.58182,23/05/2019,05:00:00
UKA00559,31.2181,23/05/2019,06:00:00
UKA00559,27.15886,23/05/2019,07:00:00
UKA00559,16.15174,23/05/2019,08:00:00
UKA00559,8.16053,23/05/2019,09:00:00
UKA00559,5.41343,23/05/2019,10:00:00
UKA00559,3.7425,23/05/2019,11:00:00
UKA00559,3.68815,23/05/2019,12:00:00
UKA00559,3.04371,23/05/2019,13:00:00
UKA00559,3.63846,23/05/2019,14:00:00
UKA00559,4.17113,23/05/2019,15:00:00
UKA00559,4.18817,23/05/2019,16:00:00
UKA00559,5.57335,23/05/2019,17:00:00
UKA00559,5.11837,23/05/2019,18:00:00
UKA00559,6.21624,23/05/2019,19:00:00
UKA00559,10.47735,23/05/2019,20:00:00
UKA00559,17.70282,23/05/2019,21:00:00
UKA00559,23.95625,23/05/2019,22:00:00
UKA00559,29.29498,23/05/2019,23:00:00
UKA00559,22.22685,23/05/2019,24:00:00
UKA00559,17.36585,24/05/2019,01:00:00
UKA00559,15.7993,24/05/2019,02:00:00
UKA00559,14.48733,24/05/2019,03:00:00
UKA00559,11.6337,24/05/2019,04:00:00
UKA00559,16.3443,24/05/2019,05:00:00
UKA00559,20.93394,24/05/2019,06:00:00
UKA00559,20.40156,24/05/2019,07:00:00
UKA00559,17.25138,24/05/2019,08:00:00
UKA00559,13.91796,24/05/2019,09:00:00
UKA00559,9.05657,24/05/2019,10:00:00
UKA00559,10.04713,24/05/2019,11:00:00
UKA00559,10.85446,24/05/2019,12:00:00
UKA00559,9.44473,24/05/2019,13:00:00
UKA00559,8.73203,24/05/2019,14:00:00
UKA00559,8.46657,24/05/2019,15:00:00
UKA00559,10.11386,24/05/2019,16:00:00
UKA00559,14.46264,24/05/2019,17:00:00
UKA00559,11.10433,24/05/2019,18:00:00
UKA00559,12.65545,24/05/2019,19:00:00
UKA00559,11.9163,24/05/2019,20:00:00
UKA00559,11.17415,24/05/2019,21:00:00
UKA00559,15.613,24/05/2019,22:00:00
UKA00559,14.92983,24/05/2019,23:00:00
UKA00559,17.59203,24/05/2019,24:00:00
UKA00559,19.93345,25/05/2019,01:00:00
UKA00559,15.66817,25/05/2019,02:00:00
UKA00559,12.48385,25/05/2019,03:00:00
UKA00559,8.85452,25/05/2019,04:00:00
UKA00559,7.26804,25/05/2019,05:00:00
UKA00559,6.5602,25/05/2019,06:00:00
UKA00559,5.64282,25/05/2019,07:00:00
UKA00559,4.93963,25/05/2019,08:00:00
UKA00559,7.18591,25/05/2019,09:00:00
UKA00559,7.01529,25/05/2019,10:00:00
UKA00559,6.6209,25/05/2019,11:00:00
UKA00559,6.13655,25/05/2019,12:00:00
UKA00559,4.49411,25/05/2019,13:00:00
UKA00559,4.41964,25/05/2019,14:00:00
UKA00559,4.26124,25/05/2019,15:00:00
UKA00559,4.41336,25/05/2019,16:00:00
UKA00559,3.97714,25/05/2019,17:00:00
UKA00559,6.866,25/05/2019,18:00:00
UKA00559,5.03579,25/05/2019,19:00:00
UKA00559,5.92838,25/05/2019,20:00:00
UKA00559,5.29036,25/05/2019,21:00:00
UKA00559,5.89575,25/05/2019,22:00:00
UKA00559,5.59616,25/05/2019,23:00:00
UKA00559,5.34004,25/05/2019,24:00:00
UKA00559,4.21334,26/05/2019,01:00:00
UKA00559,3.00897,26/05/2019,02:00:00
UKA00559,2.61523,26/05/2019,03:00:00
UKA00559,3.39593,26/05/2019,04:00:00
UKA00559,4.04469,26/05/2019,05:00:00
UKA00559,3.85842,26/05/2019,06:00:00
UKA00559,3.77776,26/05/2019,07:00:00
UKA00559,3.63032,26/05/2019,08:00:00
UKA00559,3.7157,26/05/2019,09:00:00
UKA00559,4.60193,26/05/2019,10:00:00
UKA00559,3.40531,26/05/2019,11:00:00
UKA00559,7.15975,26/05/2019,12:00:00
UKA00559,6.18814,26/05/2019,13:00:00
UKA00559,3.60862,26/05/2019,14:00:00
UKA00559,2.23193,26/05/2019,15:00:00
UKA00559,1.89357,26/05/2019,16:00:00
UKA00559,2.81552,26/05/2019,17:00:00
UKA00559,4.24963,26/05/2019,18:00:00
UKA00559,5.50366,26/05/2019,19:00:00
UKA00559,8.3439,26/05/2019,20:00:00
UKA00559,12.33884,26/05/2019,21:00:00
UKA00559,10.35222,26/05/2019,22:00:00
UKA00559,7.2745,26/05/2019,23:00:00
UKA00559,6.529,26/05/2019,24:00:00
UKA00559,4.87881,27/05/2019,01:00:00
UKA00559,4.52917,27/05/2019,02:00:00
UKA00559,4.04242,27/05/2019,03:00:00
UKA00559,4.6445,27/05/2019,04:00:00
UKA00559,4.53899,27/05/2019,05:00:00
UKA00559,4.37917,27/05/2019,06:00:00
UKA00559,3.58466,27/05/2019,07:00:00
UKA00559,2.59462,27/05/2019,08:00:00
UKA00559,2.69084,27/05/2019,09:00:00
UKA00559,2.78395,27/05/2019,10:00:00
UKA00559,3.28827,27/05/2019,11:00:00
UKA00559,4.01763,27/05/2019,12:00:00
UKA00559,1.94753,27/05/2019,13:00:00
UKA00559,2.98103,27/05/2019,14:00:00
UKA00559,3.21382,27/05/2019,15:00:00
UKA00559,2.28738,27/05/2019,16:00:00
UKA00559,3.37983,27/05/2019,17:00:00
UKA00559,2.49531,27/05/2019,18:00:00
UKA00559,4.13863,27/05/2019,19:00:00
UKA00559,5.13952,27/05/2019,20:00:00
UKA00559,13.3624,27/05/2019,21:00:00
UKA00559,17.34425,27/05/2019,22:00:00
UKA00559,11.53595,27/05/2019,23:00:00
UKA00559,7.20026,27/05/2019,24:00:00
UKA00559,6.07776,28/05/2019,01:00:00
UKA00559,5.52133,28/05/2019,02:00:00
UKA00559,5.57924,28/05/2019,03:00:00
UKA00559,6.7134,28/05/2019,04:00:00
UKA00559,8.14079,28/05/2019,05:00:00
UKA00559,9.61009,28/05/2019,06:00:00
UKA00559,14.33298,28/05/2019,07:00:00
UKA00559,12.50381,28/05/2019,08:00:00
UKA00559,10.62022,28/05/2019,09:00:00
UKA00559,14.02895,28/05/2019,10:00:00
UKA00559,13.36183,28/05/2019,11:00:00
UKA00559,14.11424,28/05/2019,12:00:00
UKA00559,10.90881,28/05/2019,13:00:00
UKA00559,10.03529,28/05/2019,14:00:00
UKA00559,8.78628,28/05/2019,15:00:00
UKA00559,8.89642,28/05/2019,16:00:00
UKA00559,8.53184,28/05/2019,17:00:00
UKA00559,9.76375,28/05/2019,18:00:00
UKA00559,10.33157,28/05/2019,19:00:00
UKA00559,14.30651,28/05/2019,20:00:00
UKA00559,17.67942,28/05/2019,21:00:00
UKA00559,18.03005,28/05/2019,22:00:00
UKA00559,24.59599,28/05/2019,23:00:00
UKA00559,36.63204,28/05/2019,24:00:00
UKA00559,31.59131,29/05/2019,01:00:00
UKA00559,29.39272,29/05/2019,02:00:00
UKA00559,25.4805,29/05/2019,03:00:00
UKA00559,20.11791,29/05/2019,04:00:00
UKA00559,19.37182,29/05/2019,05:00:00
UKA00559,19.14537,29/05/2019,06:00:00
UKA00559,21.68162,29/05/2019,07:00:00
UKA00559,22.56744,29/05/2019,08:00:00
UKA00559,17.76327,29/05/2019,09:00:00
UKA00559,,29/05/2019,10:00:00
UKA00559,10.03809,29/05/2019,11:00:00
UKA00559,9.16627,29/05/2019,12:00:00
UKA00559,12.7745,29/05/2019,13:00:00
UKA00559,12.20052,29/05/2019,14:00:00
UKA00559,13.28019,29/05/2019,15:00:00
UKA00559,15.65048,29/05/2019,16:00:00
UKA00559,16.87287,29/05/2019,17:00:00
UKA00559,16.78443,29/05/2019,18:00:00
UKA00559,14.41879,29/05/2019,19:00:00
UKA00559,12.33234,29/05/2019,20:00:00
UKA00559,12.11824,29/05/2019,21:00:00
UKA00559,9.87672,29/05/2019,22:00:00
UKA00559,5.91798,29/05/2019,23:00:00
UKA00559,4.39932,29/05/2019,24:00:00
UKA00559,3.40164,30/05/2019,01:00:00
UKA00559,3.80806,30/05/2019,02:00:00
UKA00559,2.80177,30/05/2019,03:00:00
UKA00559,3.00223,30/05/2019,04:00:00
UKA00559,5.43784,30/05/2019,05:00:00
UKA00559,6.5862,30/05/2019,06:00:00
UKA00559,7.83253,30/05/2019,07:00:00
UKA00559,7.17235,30/05/2019,08:00:00
UKA00559,6.20632,30/05/2019,09:00:00
UKA00559,4.74744,30/05/2019,10:00:00
UKA00559,5.75125,30/05/2019,11:00:00
UKA00559,3.89889,30/05/2019,12:00:00
UKA00559,3.76932,30/05/2019,13:00:00
UKA00559,4.99613,30/05/2019,14:00:00
UKA00559,4.5636,30/05/2019,15:00:00
UKA00559,3.31716,30/05/2019,16:00:00
UKA00559,4.06925,30/05/2019,17:00:00
UKA00559,4.09796,30/05/2019,18:00:00
UKA00559,4.33002,30/05/2019,19:00:00
UKA00559,5.13186,30/05/2019,20:00:00
UKA00559,7.32482,30/05/2019,21:00:00
UKA00559,6.67673,30/05/2019,22:00:00
UKA00559,4.19894,30/05/2019,23:00:00
UKA00559,6.21961,30/05/2019,24:00:00
UKA00559,5.59748,31/05/2019,01:00:00
UKA00559,5.27646,31/05/2019,02:00:00
UKA00559,4.29441,31/05/2019,03:00:00
UKA00559,3.71111,31/05/2019,04:00:00
UKA00559,4.35013,31/05/2019,05:00:00
UKA00559,4.73704,31/05/2019,06:00:00
UKA00559,6.70541,31/05/2019,07:00:00
UKA00559,5.61051,31/05/2019,08:00:00
UKA00559,5.89627,31/05/2019,09:00:00
UKA00559,5.45512,31/05/2019,10:00:00
UKA00559,5.40381,31/05/2019,11:00:00
UKA00559,5.70282,31/05/2019,12:00:00
UKA00559,6.38873,31/05/2019,13:00:00
UKA00559,4.06269,31/05/2019,14:00:00
UKA00559,3.72562,31/05/2019,15:00:00
UKA00559,4.05533,31/05/2019,16:00:00
UKA00559,4.17266,31/05/2019,17:00:00
UKA00559,5.36723,31/05/2019,18:00:00
UKA00559,7.11439,31/05/2019,19:00:00
UKA00559,8.82496,31/05/2019,20:00:00
UKA00559,8.98772,31/05/2019,21:00:00
UKA00559,9.53737,31/05/2019,22:00:00
UKA00559,10.82719,31/05/2019,23:00:00
UKA00559,10.67825,31/05/2019,24:00:00
UKA00559,9.4899,01/06/2019,01:00:00
UKA00559,2.96538,01/06/2019,02:00:00
UKA00559,3.61641,01/06/2019,03:00:00
UKA00559,3.76908,01/06/2019,04:00:00
UKA00559,7.49682,01/06/2019,05:00:00
UKA00559,6.20694,01/06/2019,06:00:00
UKA00559,5.16982,01/06/2019,07:00:00
UKA00559,6.38231,01/06/2019,08:00:00
UKA00559,5.93291,01/06/2019,09:00:00
UKA00559,5.67035,01/06/2019,10:00:00
UKA00559,4.40794,01/06/2019,11:00:00
UKA00559,4.17261,01/06/2019,12:00:00
UKA00559,3.58345,01/06/2019,13:00:00
UKA00559,3.51225,01/06/2019,14:00:00
UKA00559,4.39384,01/06/2019,15:00:00
UKA00559,3.51798,01/06/2019,16:00:00
UKA00559,6.78773,01/06/2019,17:00:00
UKA00559,5.85191,01/06/2019,18:00:00
UKA00559,11.58556,01/06/2019,19:00:00
UKA00559,13.7783,01/06/2019,20:00:00
UKA00559,9.039,01/06/2019,21:00:00
UKA00559,8.94343,01/06/2019,22:00:00
UKA00559,8.10031,01/06/2019,23:00:00
UKA00559,7.02847,01/06/2019,24:00:00
UKA00559,6.43526,02/06/2019,01:00:00
UKA00559,7.50444,02/06/2019,02:00:00
UKA00559,7.52391,02/06/2019,03:00:00
UKA00559,7.18067,02/06/2019,04:00:00
UKA00559,8.22015,02/06/2019,05:00:00
UKA00559,8.41748,02/06/2019,06:00:00
UKA00559,7.00966,02/06/2019,07:00:00
UKA00559,7.05829,02/06/2019,08:00:00
UKA00559,6.95684,02/06/2019,09:00:00
UKA00559,4.89862,02/06/2019,10:00:00
UKA00559,5.91596,02/06/2019,11:00:00
UKA00559,4.73877,02/06/2019,12:00:00
UKA00559,6.33695,02/06/2019,13:00:00
UKA00559,5.07085,02/06/2019,14:00:00
UKA00559,3.79377,02/06/2019,15:00:00
UKA00559,4.85975,02/06/2019,16:00:00
UKA00559,4.84162,02/06/2019,17:00:00
UKA00559,2.66259,02/06/2019,18:00:00
UKA00559,3.31996,02/06/2019,19:00:00
UKA00559,4.16769,02/06/2019,20:00:00
UKA00559,6.77903,02/06/2019,21:00:00
UKA00559,7.47527,02/06/2019,22:00:00
UKA00559,4.37199,02/06/2019,23:00:00
UKA00559,2.6404,02/06/2019,24:00:00
UKA00559,2.24536,03/06/2019,01:00:00
UKA00559,3.17566,03/06/2019,02:00:00
UKA00559,3.57669,03/06/2019,03:00:00
UKA00559,2.67709,03/06/2019,04:00:00
UKA00559,3.88152,03/06/2019,05:00:00
UKA00559,5.92322,03/06/2019,06:00:00
UKA00559,6.49222,03/06/2019,07:00:00
UKA00559,6.47324,03/06/2019,08:00:00
UKA00559,3.45203,03/06/2019,09:00:00
UKA00559,2.61883,03/06/2019,10:00:00
UKA00559,2.67031,03/06/2019,11:00:00
UKA00559,2.6229,03/06/2019,12:00:00
UKA00559,2.98193,03/06/2019,13:00:00
UKA00559,3.40461,03/06/2019,14:00:00
UKA00559,2.80579,03/06/2019,15:00:00
UKA00559,3.85576,03/06/2019,16:00:00
UKA00559,4.06035,03/06/2019,17:00:00
UKA00559,6.32967,03/06/2019,18:00:00
UKA00559,6.02347,03/06/2019,19:00:00
UKA00559,8.78052,03/06/2019,20:00:00
UKA00559,11.04849,03/06/2019,21:00:00
UKA00559,9.78851,03/06/2019,22:00:00
UKA00559,10.15567,03/06/2019,23:00:00
UKA00559,11.92414,03/06/2019,24:00:00
UKA00559,8.73943,04/06/2019,01:00:00
UKA00559,5.72587,04/06/2019,02:00:00
UKA00559,5.90427,04/06/2019,03:00:00
UKA00559,5.44433,04/06/2019,04:00:00
UKA00559,9.4624,04/06/2019,05:00:00
UKA00559,12.50266,04/06/2019,06:00:00
UKA00559,15.11063,04/06/2019,07:00:00
UKA00559,20.72989,04/06/2019,08:00:00
UKA00559,17.19019,04/06/2019,09:00:00
UKA00559,11.46294,04/06/2019,10:00:00
UKA00559,10.23345,04/06/2019,11:00:00
UKA00559,9.39805,04/06/2019,12:00:00
UKA00559,13.0288,04/06/2019,13:00:00
UKA00559,10.22932,04/06/2019,14:00:00
UKA00559,14.67177,04/06/2019,15:00:00
UKA00559,27.49536,04/06/2019,16:00:00
UKA00559,24.39698,04/06/2019,17:00:00
UKA00559,22.18045,04/06/2019,18:00:00
UKA00559,17.39828,04/06/2019,19:00:00
UKA00559,13.06418,04/06/2019,20:00:00
UKA00559,20.12628,04/06/2019,21:00:00
UKA00559,24.74179,04/06/2019,22:00:00
UKA00559,17.67443,04/06/2019,23:00:00
UKA00559,8.07502,04/06/2019,24:00:00
UKA00559,4.74011,05/06/2019,01:00:00
UKA00559,2.98874,05/06/2019,02:00:00
UKA00559,3.75382,05/06/2019,03:00:00
UKA00559,3.9385,05/06/2019,04:00:00
UKA00559,5.09211,05/06/2019,05:00:00
UKA00559,6.13357,05/06/2019,06:00:00
UKA00559,6.08452,05/06/2019,07:00:00
UKA00559,5.9826,05/06/2019,08:00:00
UKA00559,5.30666,05/06/2019,09:00:00
UKA00559,3.4097,05/06/2019,10:00:00
UKA00559,3.01606,05/06/2019,11:00:00
UKA00559,2.83138,05/06/2019,12:00:00
UKA00559,2.87659,05/06/2019,13:00:00
UKA00559,2.83649,05/06/2019,14:00:00
UKA00559,3.58751,05/06/2019,15:00:00
UKA00559,5.49854,05/06/2019,16:00:00
UKA00559,3.78497,05/06/2019,17:00:00
UKA00559,4.55645,05/06/2019,18:00:00
UKA00559,5.49726,05/06/2019,19:00:00
UKA00559,7.2121,05/06/2019,20:00:00
UKA00559,13.41213,05/06/2019,21:00:00
UKA00559,25.11965,05/06/2019,22:00:00
UKA00559,16.37867,05/06/2019,23:00:00
UKA00559,20.3774,05/06/2019,24:00:00
UKA00559,21.89862,06/06/2019,01:00:00
UKA00559,14.34395,06/06/2019,02:00:00
UKA00559,12.67398,06/06/2019,03:00:00
UKA00559,10.71126,06/06/2019,04:00:00
UKA00559,11.54983,06/06/2019,05:00:00
UKA00559,15.96793,06/06/2019,06:00:00
UKA00559,11.38826,06/06/2019,07:00:00
UKA00559,8.02365,06/06/2019,08:00:00
UKA00559,4.38627,06/06/2019,09:00:00
UKA00559,4.87809,06/06/2019,10:00:00
UKA00559,3.54398,06/06/2019,11:00:00
UKA00559,4.0358,06/06/2019,12:00:00
UKA00559,3.38404,06/06/2019,13:00:00
UKA00559,3.62747,06/06/2019,14:00:00
UKA00559,4.33213,06/06/2019,15:00:00
UKA00559,5.4414,06/06/2019,16:00:00
UKA00559,6.49405,06/06/2019,17:00:00
UKA00559,4.2474,06/06/2019,18:00:00
UKA00559,5.15499,06/06/2019,19:00:00
UKA00559,9.72227,06/06/2019,20:00:00
UKA00559,21.33654,06/06/2019,21:00:00
UKA00559,25.59634,06/06/2019,22:00:00
UKA00559,20.12767,06/06/2019,23:00:00
UKA00559,23.95433,06/06/2019,24:00:00
UKA00559,23.23652,07/06/2019,01:00:00
UKA00559,25.07045,07/06/2019,02:00:00
UKA00559,22.43061,07/06/2019,03:00:00
UKA00559,18.55024,07/06/2019,04:00:00
UKA00559,32.56336,07/06/2019,05:00:00
UKA00559,44.45984,07/06/2019,06:00:00
UKA00559,34.78657,07/06/2019,07:00:00
UKA00559,29.21856,07/06/2019,08:00:00
UKA00559,25.68342,07/06/2019,09:00:00
UKA00559,23.72518,07/06/2019,10:00:00
UKA00559,20.96814,07/06/2019,11:00:00
UKA00559,15.90292,07/06/2019,12:00:00
UKA00559,16.27217,07/06/2019,13:00:00
UKA00559,20.94773,07/06/2019,14:00:00
UKA00559,25.95772,07/06/2019,15:00:00
UKA00559,23.84191,07/06/2019,16:00:00
UKA00559,25.18081,07/06/2019,17:00:00
UKA00559,23.0131,07/06/2019,18:00:00
UKA00559,23.13335,07/06/2019,19:00:00
UKA00559,31.76253,07/06/2019,20:00:00
UKA00559,41.70705,07/06/2019,21:00:00
UKA00559,35.12855,07/06/2019,22:00:00
UKA00559,7.74874,07/06/2019,23:00:00
UKA00559,8.25793,07/06/2019,24:00:00
UKA00559,11.37935,08/06/2019,01:00:00
UKA00559,4.96322,08/06/2019,02:00:00
UKA00559,3.9755,08/06/2019,03:00:00
UKA00559,2.61001,08/06/2019,04:00:00
UKA00559,1.65642,08/06/2019,05:00:00
UKA00559,2.96897,08/06/2019,06:00:00
UKA00559,3.37391,08/06/2019,07:00:00
UKA00559,4.62888,08/06/2019,08:00:00
UKA00559,5.68602,08/06/2019,09:00:00
UKA00559,5.83206,08/06/2019,10:00:00
UKA00559,6.63729,08/06/2019,11:00:00
UKA00559,4.14195,08/06/2019,12:00:00
UKA00559,4.40782,08/06/2019,13:00:00
UKA00559,3.30005,08/06/2019,14:00:00
UKA00559,2.83985,08/06/2019,15:00:00
UKA00559,4.25364,08/06/2019,16:00:00
UKA00559,4.25132,08/06/2019,17:00:00
UKA00559,1.99215,08/06/2019,18:00:00
UKA00559,3.39315,08/06/2019,19:00:00
UKA00559,5.43061,08/06/2019,20:00:00
UKA00559,5.03265,08/06/2019,21:00:00
UKA00559,4.6463,08/06/2019,22:00:00
UKA00559,6.9078,08/06/2019,23:00:00
UKA00559,8.13832,08/06/2019,24:00:00
UKA00559,4.05119,09/06/2019,01:00:00
UKA00559,4.98289,09/06/2019,02:00:00
UKA00559,3.78451,09/06/2019,03:00:00
UKA00559,4.19023,09/06/2019,04:00:00
UKA00559,4.2838,09/06/2019,05:00:00
UKA00559,4.22073,09/06/2019,06:00:00
UKA00559,2.39163,09/06/2019,07:00:00
UKA00559,1.74357,09/06/2019,08:00:00
UKA00559,1.93857,09/06/2019,09:00:00
UKA00559,2.94388,09/06/2019,10:00:00
UKA00559,2.13244,09/06/2019,11:00:00
UKA00559,1.94418,09/06/2019,12:00:00
UKA00559,3.60766,09/06/2019,13:00:00
UKA00559,3.25378,09/06/2019,14:00:00
UKA00559,2.19439,09/06/2019,15:00:00
UKA00559,2.0501,09/06/2019,16:00:00
UKA00559,2.36001,09/06/2019,17:00:00
UKA00559,4.2241,09/06/2019,18:00:00
UKA00559,4.58135,09/06/2019,19:00:00
UKA00559,4.48666,09/06/2019,20:00:00
UKA00559,7.43036,09/06/2019,21:00:00
UKA00559,18.58198,09/06/2019,22:00:00
UKA00559,39.05389,09/06/2019,23:00:00
UKA00559,41.81313,09/06/2019,24:00:00
UKA00559,38.02056,10/06/2019,01:00:00
UKA00559,32.45783,10/06/2019,02:00:00
UKA00559,29.60727,10/06/2019,03:00:00
UKA00559,21.90762,10/06/2019,04:00:00
UKA00559,32.38554,10/06/2019,05:00:00
UKA00559,32.38725,10/06/2019,06:00:00
UKA00559,35.69177,10/06/2019,07:00:00
UKA00559,33.3544,10/06/2019,08:00:00
UKA00559,18.63565,10/06/2019,09:00:00
UKA00559,16.35141,10/06/2019,10:00:00
UKA00559,16.6174,10/06/2019,11:00:00
UKA00559,20.87357,10/06/2019,12:00:00
UKA00559,19.20558,10/06/2019,13:00:00
UKA00559,13.36555,10/06/2019,14:00:00
UKA00559,10.76435,10/06/2019,15:00:00
UKA00559,10.48767,10/06/2019,16:00:00
UKA00559,12.15364,10/06/2019,17:00:00
UKA00559,14.34292,10/06/2019,18:00:00
UKA00559,12.53318,10/06/2019,19:00:00
UKA00559,12.12018,10/06/2019,20:00:00
UKA00559,10.73213,10/06/2019,21:00:00
UKA00559,10.68891,10/06/2019,22:00:00
UKA00559,8.15804,10/06/2019,23:00:00
UKA00559,8.38076,10/06/2019,24:00:00
UKA00559,5.68104,11/06/2019,01:00:00
UKA00559,3.10577,11/06/2019,02:00:00
UKA00559,2.22123,11/06/2019,03:00:00
UKA00559,2.63374,11/06/2019,04:00:00
UKA00559,4.05923,11/06/2019,05:00:00
UKA00559,6.59533,11/06/2019,06:00:00
UKA00559,9.48153,11/06/2019,07:00:00
UKA00559,13.98536,11/06/2019,08:00:00
UKA00559,13.9355,11/06/2019,09:00:00
UKA00559,13.10838,11/06/2019,10:00:00
UKA00559,12.75724,11/06/2019,11:00:00
UKA00559,13.01075,11/06/2019,12:00:00
UKA00559,10.92552,11/06/2019,13:00:00
UKA00559,10.86624,11/06/2019,14:00:00
UKA00559,14.22214,11/06/2019,15:00:00
UKA00559,13.8825,11/06/2019,16:00:00
UKA00559,16.14732,11/06/2019,17:00:00
UKA00559,16.01027,11/06/2019,18:00:00
UKA00559,17.4668,11/06/2019,19:00:00
UKA00559,14.65138,11/06/2019,20:00:00
UKA00559,14.41878,11/06/2019,21:00:00
UKA00559,12.64215,11/06/2019,22:00:00
UKA00559,10.81879,11/06/2019,23:00:00
UKA00559,8.66777,11/06/2019,24:00:00
UKA00559,6.92199,12/06/2019,01:00:00
UKA00559,5.07664,12/06/2019,02:00:00
UKA00559,12.97986,12/06/2019,03:00:00
UKA00559,30.04037,12/06/2019,04:00:00
UKA00559,37.00598,12/06/2019,05:00:00
UKA00559,24.92749,12/06/2019,06:00:00
UKA00559,31.89712,12/06/2019,07:00:00
UKA00559,39.79059,12/06/2019,08:00:00
UKA00559,35.61264,12/06/2019,09:00:00
UKA00559,31.09709,12/06/2019,10:00:00
UKA00559,27.97956,12/06/2019,11:00:00
UKA00559,27.35538,12/06/2019,12:00:00
UKA00559,30.31721,12/06/2019,13:00:00
UKA00559,30.59406,12/06/2019,14:00:00
UKA00559,34.44181,12/06/2019,15:00:00
UKA00559,31.42563,12/06/2019,16:00:00
UKA00559,33.46696,12/06/2019,17:00:00
UKA00559,33.1542,12/06/2019,18:00:00
UKA00559,30.36084,12/06/2019,19:00:00
UKA00559,24.39324,12/06/2019,20:00:00
UKA00559,18.60853,12/06/2019,21:00:00
UKA00559,12.39562,12/06/2019,22:00:00
UKA00559,11.09458,12/06/2019,23:00:00
UKA00559,15.54492,12/06/2019,24:00:00
UKA00559,6.86831,13/06/2019,01:00:00
UKA00559,4.26062,13/06/2019,02:00:00
UKA00559,6.9802,13/06/2019,03:00:00
UKA00559,13.36262,13/06/2019,04:00:00
UKA00559,12.17847,13/06/2019,05:00:00
UKA00559,11.76672,13/06/2019,06:00:00
UKA00559,14.5727,13/06/2019,07:00:00
UKA00559,19.63487,13/06/2019,08:00:00
UKA00559,19.15673,13/06/2019,09:00:00
UKA00559,16.29384,13/06/2019,10:00:00
UKA00559,10.68575,13/06/2019,11:00:00
UKA00559,9.40036,13/06/2019,12:00:00
UKA00559,12.21312,13/06/2019,13:00:00
UKA00559,12.25434,13/06/2019,14:00:00
UKA00559,13.9871,13/06/2019,15:00:00
UKA00559,17.51437,13/06/2019,16:00:00
UKA00559,24.70072,13/06/2019,17:00:00
UKA00559,17.7968,13/06/2019,18:00:00
UKA00559,16.96285,13/06/2019,19:00:00
UKA00559,20.36294,13/06/2019,20:00:00
UKA00559,18.46158,13/06/2019,21:00:00
UKA00559,20.29848,13/06/2019,22:00:00
UKA00559,21.83456,13/06/2019,23:00:00
UKA00559,18.62677,13/06/2019,24:00:00
UKA00559,7.95678,14/06/2019,01:00:00
UKA00559,4.41534,14/06/2019,02:00:00
UKA00559,3.71463,14/06/2019,03:00:00
UKA00559,4.68657,14/06/2019,04:00:00
UKA00559,5.04221,14/06/2019,05:00:00
UKA00559,8.24759,14/06/2019,06:00:00
UKA00559,11.95478,14/06/2019,07:00:00
UKA00559,13.53837,14/06/2019,08:00:00
UKA00559,12.7955,14/06/2019,09:00:00
UKA00559,7.96648,14/06/2019,10:00:00
UKA00559,7.86407,14/06/2019,11:00:00
UKA00559,4.86629,14/06/2019,12:00:00
UKA00559,6.58863,14/06/2019,13:00:00
UKA00559,6.48715,14/06/2019,14:00:00
UKA00559,7.97763,14/06/2019,15:00:00
UKA00559,8.63398,14/06/2019,16:00:00
UKA00559,8.33605,14/06/2019,17:00:00
UKA00559,9.42155,14/06/2019,18:00:00
UKA00559,10.24545,14/06/2019,19:00:00
UKA00559,15.21499,14/06/2019,20:00:00
UKA00559,10.72487,14/06/2019,21:00:00
UKA00559,10.87105,14/06/2019,22:00:00
UKA00559,12.86427,14/06/2019,23:00:00
UKA00559,9.66481,14/06/2019,24:00:00
UKA00559,6.67132,15/06/2019,01:00:00
UKA00559,5.5852,15/06/2019,02:00:00
UKA00559,4.69924,15/06/2019,03:00:00
UKA00559,4.17999,15/06/2019,04:00:00
UKA00559,5.87383,15/06/2019,05:00:00
UKA00559,4.16931,15/06/2019,06:00:00
UKA00559,3.50328,15/06/2019,07:00:00
UKA00559,3.34671,15/06/2019,08:00:00
UKA00559,5.39253,15/06/2019,09:00:00
UKA00559,5.68965,15/06/2019,10:00:00
UKA00559,8.72177,15/06/2019,11:00:00
UKA00559,11.06382,15/06/2019,12:00:00
UKA00559,6.91554,15/06/2019,13:00:00
UKA00559,7.48876,15/06/2019,14:00:00
UKA00559,5.43225,15/06/2019,15:00:00
UKA00559,4.52931,15/06/2019,16:00:00
UKA00559,3.35116,15/06/2019,17:00:00
UKA00559,5.09451,15/06/2019,18:00:00
UKA00559,5.05034,15/06/2019,19:00:00
UKA00559,5.0539,15/06/2019,20:00:00
UKA00559,7.31739,15/06/2019,21:00:00
UKA00559,11.57807,15/06/2019,22:00:00
UKA00559,10.54136,15/06/2019,23:00:00
UKA00559,9.35205,15/06/2019,24:00:00
UKA00559,10.46952,16/06/2019,01:00:00
UKA00559,9.71226,16/06/2019,02:00:00
UKA00559,8.77477,16/06/2019,03:00:00
UKA00559,5.73626,16/06/2019,04:00:00
UKA00559,3.52524,16/06/2019,05:00:00
UKA00559,3.51843,16/06/2019,06:00:00
UKA00559,3.3188,16/06/2019,07:00:00
UKA00559,3.40712,16/06/2019,08:00:00
UKA00559,4.1764,16/06/2019,09:00:00
UKA00559,3.61016,16/06/2019,10:00:00
UKA00559,2.78862,16/06/2019,11:00:00
UKA00559,3.15608,16/06/2019,12:00:00
UKA00559,3.98613,16/06/2019,13:00:00
UKA00559,2.59495,16/06/2019,14:00:00
UKA00559,1.632,16/06/2019,15:00:00
UKA00559,1.57123,16/06/2019,16:00:00
UKA00559,1.66636,16/06/2019,17:00:00
UKA00559,4.18577,16/06/2019,18:00:00
UKA00559,4.03838,16/06/2019,19:00:00
UKA00559,4.29282,16/06/2019,20:00:00
UKA00559,3.73851,16/06/2019,21:00:00
UKA00559,3.11831,16/06/2019,22:00:00
UKA00559,1.98753,16/06/2019,23:00:00
UKA00559,1.14915,16/06/2019,24:00:00
UKA00559,1.08776,17/06/2019,01:00:00
UKA00559,0.59411,17/06/2019,02:00:00
UKA00559,0.39165,17/06/2019,03:00:00
UKA00559,0.39572,17/06/2019,04:00:00
UKA00559,1.47308,17/06/2019,05:00:00
UKA00559,3.53377,17/06/2019,06:00:00
UKA00559,5.57739,17/06/2019,07:00:00
UKA00559,7.41583,17/06/2019,08:00:00
UKA00559,5.41314,17/06/2019,09:00:00
UKA00559,5.06486,17/06/2019,10:00:00
UKA00559,4.14686,17/06/2019,11:00:00
UKA00559,2.59301,17/06/2019,12:00:00
UKA00559,3.06136,17/06/2019,13:00:00
UKA00559,4.13954,17/06/2019,14:00:00
UKA00559,4.80656,17/06/2019,15:00:00
UKA00559,5.21935,17/06/2019,16:00:00
UKA00559,6.92444,17/06/2019,17:00:00
UKA00559,7.59471,17/06/2019,18:00:00
UKA00559,6.82063,17/06/2019,19:00:00
UKA00559,8.26173,17/06/2019,20:00:00
UKA00559,12.22211,17/06/2019,21:00:00
UKA00559,7.86927,17/06/2019,22:00:00
UKA00559,6.7797,17/06/2019,23:00:00
UKA00559,5.40699,17/06/2019,24:00:00
UKA00559,3.69107,18/06/2019,01:00:00
UKA00559,3.21365,18/06/2019,02:00:00
UKA00559,6.58321,18/06/2019,03:00:00
UKA00559,8.08333,18/06/2019,04:00:00
UKA00559,8.23114,18/06/2019,05:00:00
UKA00559,10.42881,18/06/2019,06:00:00
UKA00559,14.01798,18/06/2019,07:00:00
UKA00559,16.70604,18/06/2019,08:00:00
UKA00559,12.62852,18/06/2019,09:00:00
UKA00559,8.36967,18/06/2019,10:00:00
UKA00559,6.85949,18/06/2019,11:00:00
UKA00559,5.41948,18/06/2019,12:00:00
UKA00559,4.65872,18/06/2019,13:00:00
UKA00559,8.04384,18/06/2019,14:00:00
UKA00559,10.34702,18/06/2019,15:00:00
UKA00559,15.91537,18/06/2019,16:00:00
UKA00559,20.69354,18/06/2019,17:00:00
UKA00559,21.64083,18/06/2019,18:00:00
UKA00559,16.80254,18/06/2019,19:00:00
UKA00559,15.2364,18/06/2019,20:00:00
UKA00559,21.77034,18/06/2019,21:00:00
UKA00559,28.49904,18/06/2019,22:00:00
UKA00559,25.14489,18/06/2019,23:00:00
UKA00559,24.74065,18/06/2019,24:00:00
UKA00559,19.89626,19/06/2019,01:00:00
UKA00559,21.8212,19/06/2019,02:00:00
UKA00559,21.78919,19/06/2019,03:00:00
UKA00559,20.08555,19/06/2019,04:00:00
UKA00559,20.2857,19/06/2019,05:00:00
UKA00559,39.53556,19/06/2019,06:00:00
UKA00559,30.62555,19/06/2019,07:00:00
UKA00559,28.02675,19/06/2019,08:00:00
UKA00559,27.81725,19/06/2019,09:00:00
UKA00559,21.43386,19/06/2019,10:00:00
UKA00559,16.66177,19/06/2019,11:00:00
UKA00559,14.78813,19/06/2019,12:00:00
UKA00559,13.11758,19/06/2019,13:00:00
UKA00559,13.01493,19/06/2019,14:00:00
UKA00559,13.31258,19/06/2019,15:00:00
UKA00559,15.09513,19/06/2019,16:00:00
UKA00559,18.91963,19/06/2019,17:00:00
UKA00559,11.43747,19/06/2019,18:00:00
UKA00559,13.10266,19/06/2019,19:00:00
UKA00559,18.00608,19/06/2019,20:00:00
UKA00559,26.12032,19/06/2019,21:00:00
UKA00559,32.63724,19/06/2019,22:00:00
UKA00559,43.17882,19/06/2019,23:00:00
UKA00559,10.11896,19/06/2019,24:00:00
UKA00559,7.2946,20/06/2019,01:00:00
UKA00559,6.47617,20/06/2019,02:00:00
UKA00559,4.80186,20/06/2019,03:00:00
UKA00559,3.56516,20/06/2019,04:00:00
UKA00559,4.12719,20/06/2019,05:00:00
UKA00559,7.74066,20/06/2019,06:00:00
UKA00559,11.8084,20/06/2019,07:00:00
UKA00559,12.62868,20/06/2019,08:00:00
UKA00559,6.83654,20/06/2019,09:00:00
UKA00559,4.06774,20/06/2019,10:00:00
UKA00559,2.41324,20/06/2019,11:00:00
UKA00559,4.83693,20/06/2019,12:00:00
UKA00559,5.13095,20/06/2019,13:00:00
UKA00559,2.92557,20/06/2019,14:00:00
UKA00559,4.79001,20/06/2019,15:00:00
UKA00559,4.72499,20/06/2019,16:00:00
UKA00559,4.37709,20/06/2019,17:00:00
UKA00559,3.19009,20/06/2019,18:00:00
UKA00559,4.28117,20/06/2019,19:00:00
UKA00559,5.05105,20/06/2019,20:00:00
UKA00559,11.99303,20/06/2019,21:00:00
UKA00559,19.29196,20/06/2019,22:00:00
UKA00559,18.47446,20/06/2019,23:00:00
UKA00559,18.00348,20/06/2019,24:00:00
UKA00559,14.23259,21/06/2019,01:00:00
UKA00559,6.97003,21/06/2019,02:00:00
UKA00559,5.12177,21/06/2019,03:00:00
UKA00559,6.26397,21/06/2019,04:00:00
UKA00559,9.10925,21/06/2019,05:00:00
UKA00559,7.54406,21/06/2019,06:00:00
UKA00559,8.19821,21/06/2019,07:00:00
UKA00559,10.97187,21/06/2019,08:00:00
UKA00559,6.48525,21/06/2019,09:00:00
UKA00559,3.18613,21/06/2019,10:00:00
UKA00559,4.20086,21/06/2019,11:00:00
UKA00559,3.6551,21/06/2019,12:00:00
UKA00559,2.11162,21/06/2019,13:00:00
UKA00559,3.39763,21/06/2019,14:00:00
UKA00559,4.70207,21/06/2019,15:00:00
UKA00559,3.92046,21/06/2019,16:00:00
UKA00559,5.06528,21/06/2019,17:00:00
UKA00559,14.15809,21/06/2019,18:00:00
UKA00559,17.05328,21/06/2019,19:00:00
UKA00559,21.79153,21/06/2019,20:00:00
UKA00559,21.64048,21/06/2019,21:00:00
UKA00559,31.62994,21/06/2019,22:00:00
UKA00559,27.58202,21/06/2019,23:00:00
UKA00559,33.88521,21/06/2019,24:00:00
UKA00559,49.84847,22/06/2019,01:00:00
UKA00559,49.01251,22/06/2019,02:00:00
UKA00559,45.84446,22/06/2019,03:00:00
UKA00559,38.57579,22/06/2019,04:00:00
UKA00559,33.37722,22/06/2019,05:00:00
UKA00559,30.82987,22/06/2019,06:00:00
UKA00559,32.3251,22/06/2019,07:00:00
UKA00559,25.91542,22/06/2019,08:00:00
UKA00559,13.57132,22/06/2019,09:00:00
UKA00559,12.40599,22/06/2019,10:00:00
UKA00559,10.75978,22/06/2019,11:00:00
UKA00559,7.34111,22/06/2019,12:00:00
UKA00559,5.81123,22/06/2019,13:00:00
UKA00559,4.23187,22/06/2019,14:00:00
UKA00559,3.9769,22/06/2019,15:00:00
UKA00559,5.32729,22/06/2019,16:00:00
UKA00559,5.12925,22/06/2019,17:00:00
UKA00559,5.69862,22/06/2019,18:00:00
UKA00559,7.88449,22/06/2019,19:00:00
UKA00559,9.91255,22/06/2019,20:00:00
UKA00559,15.41809,22/06/2019,21:00:00
UKA00559,11.52411,22/06/2019,22:00:00
UKA00559,10.79693,22/06/2019,23:00:00
UKA00559,7.40672,22/06/2019,24:00:00
UKA00559,8.25153,23/06/2019,01:00:00
UKA00559,7.69752,23/06/2019,02:00:00
UKA00559,9.72626,23/06/2019,03:00:00
UKA00559,9.57001,23/06/2019,04:00:00
UKA00559,13.99421,23/06/2019,05:00:00
UKA00559,13.30667,23/06/2019,06:00:00
UKA00559,17.40734,23/06/2019,07:00:00
UKA00559,12.34364,23/06/2019,08:00:00
UKA00559,9.96695,23/06/2019,09:00:00
UKA00559,10.25333,23/06/2019,10:00:00
UKA00559,12.14807,23/06/2019,11:00:00
UKA00559,10.36446,23/06/2019,12:00:00
UKA00559,10.68161,23/06/2019,13:00:00
UKA00559,10.0109,23/06/2019,14:00:00
UKA00559,10.95944,23/06/2019,15:00:00
UKA00559,11.32518,23/06/2019,16:00:00
UKA00559,13.35818,23/06/2019,17:00:00
UKA00559,12.94557,23/06/2019,18:00:00
UKA00559,13.77601,23/06/2019,19:00:00
UKA00559,13.72508,23/06/2019,20:00:00
UKA00559,12.91206,23/06/2019,21:00:00
UKA00559,12.17477,23/06/2019,22:00:00
UKA00559,8.99942,23/06/2019,23:00:00
UKA00559,8.81018,23/06/2019,24:00:00
UKA00559,9.01544,24/06/2019,01:00:00
UKA00559,7.91711,24/06/2019,02:00:00
UKA00559,8.02346,24/06/2019,03:00:00
UKA00559,6.41125,24/06/2019,04:00:00
UKA00559,7.45325,24/06/2019,05:00:00
UKA00559,11.67614,24/06/2019,06:00:00
UKA00559,18.07819,24/06/2019,07:00:00
UKA00559,25.47945,24/06/2019,08:00:00
UKA00559,22.04957,24/06/2019,09:00:00
UKA00559,21.97518,24/06/2019,10:00:00
UKA00559,25.00061,24/06/2019,11:00:00
UKA00559,25.8458,24/06/2019,12:00:00
UKA00559,34.75706,24/06/2019,13:00:00
UKA00559,32.77074,24/06/2019,14:00:00
UKA00559,,24/06/2019,15:00:00
UKA00559,22.63818,24/06/2019,16:00:00
UKA00559,14.26679,24/06/2019,17:00:00
UKA00559,15.06088,24/06/2019,18:00:00
UKA00559,17.30305,24/06/2019,19:00:00
UKA00559,18.6065,24/06/2019,20:00:00
UKA00559,29.56727,24/06/2019,21:00:00
UKA00559,22.99135,24/06/2019,22:00:00
UKA00559,35.82631,24/06/2019,23:00:00
UKA00559,44.29183,24/06/2019,24:00:00
UKA00559,11.77526,25/06/2019,01:00:00
UKA00559,13.49043,25/06/2019,02:00:00
UKA00559,10.52929,25/06/2019,03:00:00
UKA00559,13.28098,25/06/2019,04:00:00
UKA00559,20.59846,25/06/2019,05:00:00
UKA00559,24.20771,25/06/2019,06:00:00
UKA00559,25.4751,25/06/2019,07:00:00
UKA00559,25.39426,25/06/2019,08:00:00
UKA00559,21.52774,25/06/2019,09:00:00
UKA00559,24.99847,25/06/2019,10:00:00
UKA00559,25.26478,25/06/2019,11:00:00
UKA00559,21.44608,25/06/2019,12:00:00
UKA00559,18.74635,25/06/2019,13:00:00
UKA00559,17.55728,25/06/2019,14:00:00
UKA00559,19.63362,25/06/2019,15:00:00
UKA00559,25.25657,25/06/2019,16:00:00
UKA00559,29.76295,25/06/2019,17:00:00
UKA00559,30.83826,25/06/2019,18:00:00
UKA00559,27.17293,25/06/2019,19:00:00
UKA00559,22.67559,25/06/2019,20:00:00
UKA00559,22.62281,25/06/2019,21:00:00
UKA00559,15.24021,25/06/2019,22:00:00
UKA00559,13.9621,25/06/2019,23:00:00
UKA00559,9.54335,25/06/2019,24:00:00
UKA00559,8.67092,26/06/2019,01:00:00
UKA00559,6.7268,26/06/2019,02:00:00
UKA00559,6.08057,26/06/2019,03:00:00
UKA00559,6.02664,26/06/2019,04:00:00
UKA00559,6.13562,26/06/2019,05:00:00
UKA00559,8.8534,26/06/2019,06:00:00
UKA00559,13.78619,26/06/2019,07:00:00
UKA00559,17.51616,26/06/2019,08:00:00
UKA00559,13.96978,26/06/2019,09:00:00
UKA00559,13.2302,26/06/2019,10:00:00
UKA00559,11.18365,26/06/2019,11:00:00
UKA00559,10.7204,26/06/2019,12:00:00
UKA00559,9.98858,26/06/2019,13:00:00
UKA00559,10.58299,26/06/2019,14:00:00
UKA00559,11.7832,26/06/2019,15:00:00
UKA00559,12.87261,26/06/2019,16:00:00
UKA00559,12.51501,26/06/2019,17:00:00
UKA00559,11.23315,26/06/2019,18:00:00
UKA00559,9.83786,26/06/2019,19:00:00
UKA00559,9.64208,26/06/2019,20:00:00
UKA00559,8.78172,26/06/2019,21:00:00
UKA00559,6.78356,26/06/2019,22:00:00
UKA00559,5.32143,26/06/2019,23:00:00
UKA00559,3.01787,26/06/2019,24:00:00
UKA00559,3.61426,27/06/2019,01:00:00
UKA00559,4.08552,27/06/2019,02:00:00
UKA00559,3.46489,27/06/2019,03:00:00
UKA00559,3.32018,27/06/2019,04:00:00
UKA00559,5.53271,27/06/2019,05:00:00
UKA00559,9.85339,27/06/2019,06:00:00
UKA00559,12.41655,27/06/2019,07:00:00
UKA00559,11.71795,27/06/2019,08:00:00
UKA00559,8.74011,27/06/2019,09:00:00
UKA00559,8.27116,27/06/2019,10:00:00
UKA00559,7.23449,27/06/2019,11:00:00
UKA00559,8.45346,27/06/2019,12:00:00
UKA00559,7.99426,27/06/2019,13:00:00
UKA00559,7.70623,27/06/2019,14:00:00
UKA00559,8.5453,27/06/2019,15:00:00
UKA00559,8.41033,27/06/2019,16:00:00
UKA00559,7.84398,27/06/2019,17:00:00
UKA00559,7.49053,27/06/2019,18:00:00
UKA00559,10.09686,27/06/2019,19:00:00
UKA00559,13.0135,27/06/2019,20:00:00
UKA00559,12.36649,27/06/2019,21:00:00
UKA00559,12.60028,27/06/2019,22:00:00
UKA00559,10.11364,27/06/2019,23:00:00
UKA00559,8.95959,27/06/2019,24:00:00
UKA00559,5.39664,28/06/2019,01:00:00
UKA00559,4.74136,28/06/2019,02:00:00
UKA00559,5.04577,28/06/2019,03:00:00
UKA00559,3.97947,28/06/2019,04:00:00
UKA00559,4.47358,28/06/2019,05:00:00
UKA00559,7.99943,28/06/2019,06:00:00
UKA00559,7.31635,28/06/2019,07:00:00
UKA00559,9.81737,28/06/2019,08:00:00
UKA00559,8.24522,28/06/2019,09:00:00
UKA00559,7.30657,28/06/2019,10:00:00
UKA00559,8.57622,28/06/2019,11:00:00
UKA00559,8.41575,28/06/2019,12:00:00
UKA00559,8.65764,28/06/2019,13:00:00
UKA00559,11.04149,28/06/2019,14:00:00
UKA00559,12.61029,28/06/2019,15:00:00
UKA00559,11.27236,28/06/2019,16:00:00
UKA00559,11.20937,28/06/2019,17:00:00
UKA00559,10.30186,28/06/2019,18:00:00
UKA00559,10.70184,28/06/2019,19:00:00
UKA00559,12.86029,28/06/2019,20:00:00
UKA00559,14.38524,28/06/2019,21:00:00
UKA00559,15.65153,28/06/2019,22:00:00
UKA00559,15.41705,28/06/2019,23:00:00
UKA00559,11.56644,28/06/2019,24:00:00
UKA00559,10.29637,29/06/2019,01:00:00
UKA00559,9.73906,29/06/2019,02:00:00
UKA00559,13.13862,29/06/2019,03:00:00
UKA00559,10.78174,29/06/2019,04:00:00
UKA00559,11.42545,29/06/2019,05:00:00
UKA00559,12.43816,29/06/2019,06:00:00
UKA00559,10.9703,29/06/2019,07:00:00
UKA00559,11.54731,29/06/2019,08:00:00
UKA00559,13.37052,29/06/2019,09:00:00
UKA00559,14.33213,29/06/2019,10:00:00
UKA00559,13.75708,29/06/2019,11:00:00
UKA00559,12.032,29/06/2019,12:00:00
UKA00559,10.11654,29/06/2019,13:00:00
UKA00559,9.6357,29/06/2019,14:00:00
UKA00559,8.7585,29/06/2019,15:00:00
UKA00559,9.00578,29/06/2019,16:00:00
UKA00559,6.87455,29/06/2019,17:00:00
UKA00559,7.55157,29/06/2019,18:00:00
UKA00559,10.53054,29/06/2019,19:00:00
UKA00559,10.61691,29/06/2019,20:00:00
UKA00559,12.79133,29/06/2019,21:00:00
UKA00559,10.00071,29/06/2019,22:00:00
UKA00559,5.82069,29/06/2019,23:00:00
UKA00559,5.40855,29/06/2019,24:00:00
UKA00559,2.94092,30/06/2019,01:00:00
UKA00559,1.70696,30/06/2019,02:00:00
UKA00559,1.52072,30/06/2019,03:00:00
UKA00559,1.48563,30/06/2019,04:00:00
UKA00559,1.93378,30/06/2019,05:00:00
UKA00559,1.57151,30/06/2019,06:00:00
UKA00559,1.31979,30/06/2019,07:00:00
UKA00559,1.78141,30/06/2019,08:00:00
UKA00559,1.3661,30/06/2019,09:00:00
UKA00559,1.56029,30/06/2019,10:00:00
UKA00559,1.41689,30/06/2019,11:00:00
UKA00559,1.77916,30/06/2019,12:00:00
UKA00559,1.4938,30/06/2019,13:00:00
UKA00559,1.26451,30/06/2019,14:00:00
UKA00559,1.77244,30/06/2019,15:00:00
UKA00559,1.49829,30/06/2019,16:00:00
UKA00559,1.87178,30/06/2019,17:00:00
UKA00559,2.18775,30/06/2019,18:00:00
UKA00559,2.74197,30/06/2019,19:00:00
UKA00559,4.41138,30/06/2019,20:00:00
UKA00559,5.90454,30/06/2019,21:00:00
UKA00559,2.76665,30/06/2019,22:00:00
UKA00559,1.98458,30/06/2019,23:00:00
UKA00559,2.26668,30/06/2019,24:00:00
UKA00559,1.2438,01/07/2019,01:00:00
UKA00559,1.37527,01/07/2019,02:00:00
UKA00559,1.97694,01/07/2019,03:00:00
UKA00559,1.78733,01/07/2019,04:00:00
UKA00559,1.39211,01/07/2019,05:00:00
UKA00559,4.49992,01/07/2019,06:00:00
UKA00559,7.56898,01/07/2019,07:00:00
UKA00559,8.08724,01/07/2019,08:00:00
UKA00559,6.10022,01/07/2019,09:00:00
UKA00559,2.94267,01/07/2019,10:00:00
UKA00559,3.16768,01/07/2019,11:00:00
UKA00559,3.95138,01/07/2019,12:00:00
UKA00559,4.10306,01/07/2019,13:00:00
UKA00559,3.49212,01/07/2019,14:00:00
UKA00559,,01/07/2019,15:00:00
UKA00559,,01/07/2019,16:00:00
UKA00559,10.82009,01/07/2019,17:00:00
UKA00559,8.66112,01/07/2019,18:00:00
UKA00559,7.49062,01/07/2019,19:00:00
UKA00559,8.83807,01/07/2019,20:00:00
UKA00559,9.87705,01/07/2019,21:00:00
UKA00559,12.72108,01/07/2019,22:00:00
UKA00559,8.94419,01/07/2019,23:00:00
UKA00559,10.12983,01/07/2019,24:00:00
UKA00559,8.44823,02/07/2019,01:00:00
UKA00559,9.30243,02/07/2019,02:00:00
UKA00559,8.74267,02/07/2019,03:00:00
UKA00559,9.9327,02/07/2019,04:00:00
UKA00559,16.79685,02/07/2019,05:00:00
UKA00559,17.26237,02/07/2019,06:00:00
UKA00559,20.68831,02/07/2019,07:00:00
UKA00559,16.97269,02/07/2019,08:00:00
UKA00559,14.36927,02/07/2019,09:00:00
UKA00559,8.72841,02/07/2019,10:00:00
UKA00559,9.0969,02/07/2019,11:00:00
UKA00559,10.61483,02/07/2019,12:00:00
UKA00559,9.49747,02/07/2019,13:00:00
UKA00559,9.38698,02/07/2019,14:00:00
UKA00559,11.68131,02/07/2019,15:00:00
UKA00559,9.56499,02/07/2019,16:00:00
UKA00559,10.08259,02/07/2019,17:00:00
UKA00559,13.53506,02/07/2019,18:00:00
UKA00559,11.86803,02/07/2019,19:00:00
UKA00559,15.8482,02/07/2019,20:00:00
UKA00559,18.92109,02/07/2019,21:00:00
UKA00559,20.64396,02/07/2019,22:00:00
UKA00559,23.86298,02/07/2019,23:00:00
UKA00559,19.41611,02/07/2019,24:00:00
UKA00559,16.60608,03/07/2019,01:00:00
UKA00559,12.31616,03/07/2019,02:00:00
UKA00559,14.34771,03/07/2019,03:00:00
UKA00559,17.128,03/07/2019,04:00:00
UKA00559,24.60731,03/07/2019,05:00:00
UKA00559,25.7889,03/07/2019,06:00:00
UKA00559,30.1623,03/07/2019,07:00:00
UKA00559,20.03078,03/07/2019,08:00:00
UKA00559,13.05449,03/07/2019,09:00:00
UKA00559,8.917,03/07/2019,10:00:00
UKA00559,6.81351,03/07/2019,11:00:00
UKA00559,7.14641,03/07/2019,12:00:00
UKA00559,6.71839,03/07/2019,13:00:00
UKA00559,7.73173,03/07/2019,14:00:00
UKA00559,9.29563,03/07/2019,15:00:00
UKA00559,9.85535,03/07/2019,16:00:00
UKA00559,11.09917,03/07/2019,17:00:00
UKA00559,11.31317,03/07/2019,18:00:00
UKA00559,13.76604,03/07/2019,19:00:00
UKA00559,18.33521,03/07/2019,20:00:00
UKA00559,23.39642,03/07/2019,21:00:00
UKA00559,20.54481,03/07/2019,22:00:00
UKA00559,17.88343,03/07/2019,23:00:00
UKA00559,10.76444,03/07/2019,24:00:00
UKA00559,10.4793,04/07/2019,01:00:00
UKA00559,12.54103,04/07/2019,02:00:00
UKA00559,13.26559,04/07/2019,03:00:00
UKA00559,22.51969,04/07/2019,04:00:00
UKA00559,21.60792,04/07/2019,05:00:00
UKA00559,27.99494,04/07/2019,06:00:00
UKA00559,22.92649,04/07/2019,07:00:00
UKA00559,20.0682,04/07/2019,08:00:00
UKA00559,13.97036,04/07/2019,09:00:00
UKA00559,10.26988,04/07/2019,10:00:00
UKA00559,8.13468,04/07/2019,11:00:00
UKA00559,7.16424,04/07/2019,12:00:00
UKA00559,6.33807,04/07/2019,13:00:00
UKA00559,6.64436,04/07/2019,14:00:00
UKA00559,6.38369,04/07/2019,15:00:00
UKA00559,6.66065,04/07/2019,16:00:00
UKA00559,7.47054,04/07/2019,17:00:00
UKA00559,8.0935,04/07/2019,18:00:00
UKA00559,18.06328,04/07/2019,19:00:00
UKA00559,21.0143,04/07/2019,20:00:00
UKA00559,21.36353,04/07/2019,21:00:00
UKA00559,19.89247,04/07/2019,22:00:00
UKA00559,23.25611,04/07/2019,23:00:00
UKA00559,24.60807,04/07/2019,24:00:00
UKA00559,16.02576,05/07/2019,01:00:00
UKA00559,9.85533,05/07/2019,02:00:00
UKA00559,11.6483,05/07/2019,03:00:00
UKA00559,12.84246,05/07/2019,04:00:00
UKA00559,16.96949,05/07/2019,05:00:00
UKA00559,18.58748,05/07/2019,06:00:00
UKA00559,14.76017,05/07/2019,07:00:00
UKA00559,13.48923,05/07/2019,08:00:00
UKA00559,14.3518,05/07/2019,09:00:00
UKA00559,10.1978,05/07/2019,10:00:00
UKA00559,8.83237,05/07/2019,11:00:00
UKA00559,8.53699,05/07/2019,12:00:00
UKA00559,7.67443,05/07/2019,13:00:00
UKA00559,6.08001,05/07/2019,14:00:00
UKA00559,6.01796,05/07/2019,15:00:00
UKA00559,5.50604,05/07/2019,16:00:00
UKA00559,4.83625,05/07/2019,17:00:00
UKA00559,5.55791,05/07/2019,18:00:00
UKA00559,5.57828,05/07/2019,19:00:00
UKA00559,13.64071,05/07/2019,20:00:00
UKA00559,19.35668,05/07/2019,21:00:00
UKA00559,17.64382,05/07/2019,22:00:00
UKA00559,17.59647,05/07/2019,23:00:00
UKA00559,15.63783,05/07/2019,24:00:00
UKA00559,17.09393,06/07/2019,01:00:00
UKA00559,11.67052,06/07/2019,02:00:00
UKA00559,12.24313,06/07/2019,03:00:00
UKA00559,10.05158,06/07/2019,04:00:00
UKA00559,6.35098,06/07/2019,05:00:00
UKA00559,5.35608,06/07/2019,06:00:00
UKA00559,7.68856,06/07/2019,07:00:00
UKA00559,9.71412,06/07/2019,08:00:00
UKA00559,8.99717,06/07/2019,09:00:00
UKA00559,11.07571,06/07/2019,10:00:00
UKA00559,14.69749,06/07/2019,11:00:00
UKA00559,12.89795,06/07/2019,12:00:00
UKA00559,15.06418,06/07/2019,13:00:00
UKA00559,14.93969,06/07/2019,14:00:00
UKA00559,13.63186,06/07/2019,15:00:00
UKA00559,13.61255,06/07/2019,16:00:00
UKA00559,13.95915,06/07/2019,17:00:00
UKA00559,14.56622,06/07/2019,18:00:00
UKA00559,10.92408,06/07/2019,19:00:00
UKA00559,14.57405,06/07/2019,20:00:00
UKA00559,11.40091,06/07/2019,21:00:00
UKA00559,19.76205,06/07/2019,22:00:00
UKA00559,18.66823,06/07/2019,23:00:00
UKA00559,18.51007,06/07/2019,24:00:00
UKA00559,23.44944,07/07/2019,01:00:00
UKA00559,26.0413,07/07/2019,02:00:00
UKA00559,20.2633,07/07/2019,03:00:00
UKA00559,16.69457,07/07/2019,04:00:00
UKA00559,15.58458,07/07/2019,05:00:00
UKA00559,10.53557,07/07/2019,06:00:00
UKA00559,8.89206,07/07/2019,07:00:00
UKA00559,7.77295,07/07/2019,08:00:00
UKA00559,7.05105,07/07/2019,09:00:00
UKA00559,6.89608,07/07/2019,10:00:00
UKA00559,7.79075,07/07/2019,11:00:00
UKA00559,6.48021,07/07/2019,12:00:00
UKA00559,7.11443,07/07/2019,13:00:00
UKA00559,5.39367,07/07/2019,14:00:00
UKA00559,5.50089,07/07/2019,15:00:00
UKA00559,5.49872,07/07/2019,16:00:00
UKA00559,9.91264,07/07/2019,17:00:00
UKA00559,14.31614,07/07/2019,18:00:00
UKA00559,17.25498,07/07/2019,19:00:00
UKA00559,18.4709,07/07/2019,20:00:00
UKA00559,25.82714,07/07/2019,21:00:00
UKA00559,44.57066,07/07/2019,22:00:00
UKA00559,42.69014,07/07/2019,23:00:00
UKA00559,10.44224,07/07/2019,24:00:00
UKA00559,4.93174,08/07/2019,01:00:00
UKA00559,5.42424,08/07/2019,02:00:00
UKA00559,5.23044,08/07/2019,03:00:00
UKA00559,6.18241,08/07/2019,04:00:00
UKA00559,11.20272,08/07/2019,05:00:00
UKA00559,21.0268,08/07/2019,06:00:00
UKA00559,25.08797,08/07/2019,07:00:00
UKA00559,25.50446,08/07/2019,08:00:00
UKA00559,16.74079,08/07/2019,09:00:00
UKA00559,13.88781,08/07/2019,10:00:00
UKA00559,12.35866,08/07/2019,11:00:00
UKA00559,12.77969,08/07/2019,12:00:00
UKA00559,9.98196,08/07/2019,13:00:00
UKA00559,9.08473,08/07/2019,14:00:00
UKA00559,8.97902,08/07/2019,15:00:00
UKA00559,6.12733,08/07/2019,16:00:00
UKA00559,9.08747,08/07/2019,17:00:00
UKA00559,8.82354,08/07/2019,18:00:00
UKA00559,18.28176,08/07/2019,19:00:00
UKA00559,21.71732,08/07/2019,20:00:00
UKA00559,21.0304,08/07/2019,21:00:00
UKA00559,11.67806,08/07/2019,22:00:00
UKA00559,10.30515,08/07/2019,23:00:00
UKA00559,12.78867,08/07/2019,24:00:00
UKA00559,16.81294,09/07/2019,01:00:00
UKA00559,14.89878,09/07/2019,02:00:00
UKA00559,17.71536,09/07/2019,03:00:00
UKA00559,11.49264,09/07/2019,04:00:00
UKA00559,14.25674,09/07/2019,05:00:00
UKA00559,22.72596,09/07/2019,06:00:00
UKA00559,26.98676,09/07/2019,07:00:00
UKA00559,30.61781,09/07/2019,08:00:00
UKA00559,29.73768,09/07/2019,09:00:00
UKA00559,26.1706,09/07/2019,10:00:00
UKA00559,14.86963,09/07/2019,11:00:00
UKA00559,13.21496,09/07/2019,12:00:00
UKA00559,14.64112,09/07/2019,13:00:00
UKA00559,17.94124,09/07/2019,14:00:00
UKA00559,17.71983,09/07/2019,15:00:00
UKA00559,16.9774,09/07/2019,16:00:00
UKA00559,15.76082,09/07/2019,17:00:00
UKA00559,15.0126,09/07/2019,18:00:00
UKA00559,17.56187,09/07/2019,19:00:00
UKA00559,25.12911,09/07/2019,20:00:00
UKA00559,24.21924,09/07/2019,21:00:00
UKA00559,27.3048,09/07/2019,22:00:00
UKA00559,28.72779,09/07/2019,23:00:00
UKA00559,28.57035,09/07/2019,24:00:00
UKA00559,39.85817,10/07/2019,01:00:00
UKA00559,27.78579,10/07/2019,02:00:00
UKA00559,22.12477,10/07/2019,03:00:00
UKA00559,25.61691,10/07/2019,04:00:00
UKA00559,21.81718,10/07/2019,05:00:00
UKA00559,11.42304,10/07/2019,06:00:00
UKA00559,7.84286,10/07/2019,07:00:00
UKA00559,7.10598,10/07/2019,08:00:00
UKA00559,6.51799,10/07/2019,09:00:00
UKA00559,6.13609,10/07/2019,10:00:00
UKA00559,5.27689,10/07/2019,11:00:00
UKA00559,5.64656,10/07/2019,12:00:00
UKA00559,6.60849,10/07/2019,13:00:00
UKA00559,5.9141,10/07/2019,14:00:00
UKA00559,5.80708,10/07/2019,15:00:00
UKA00559,8.53358,10/07/2019,16:00:00
UKA00559,8.43268,10/07/2019,17:00:00
UKA00559,7.99788,10/07/2019,18:00:00
UKA00559,9.1665,10/07/2019,19:00:00
UKA00559,9.74959,10/07/2019,20:00:00
UKA00559,15.47563,10/07/2019,21:00:00
UKA00559,10.39292,10/07/2019,22:00:00
UKA00559,10.43786,10/07/2019,23:00:00
UKA00559,16.2807,10/07/2019,24:00:00
UKA00559,7.97929,11/07/2019,01:00:00
UKA00559,8.64069,11/07/2019,02:00:00
UKA00559,9.60686,11/07/2019,03:00:00
UKA00559,7.60724,11/07/2019,04:00:00
UKA00559,9.33,11/07/2019,05:00:00
UKA00559,10.31634,11/07/2019,06:00:00
UKA00559,9.84911,11/07/2019,07:00:00
UKA00559,9.4703,11/07/2019,08:00:00
UKA00559,,11/07/2019,09:00:00
UKA00559,,11/07/2019,10:00:00
UKA00559,,11/07/2019,11:00:00
UKA00559,,11/07/2019,12:00:00
UKA00559,,11/07/2019,13:00:00
UKA00559,,11/07/2019,14:00:00
UKA00559,,11/07/2019,15:00:00
UKA00559,,11/07/2019,16:00:00
UKA00559,,11/07/2019,17:00:00
UKA00559,,11/07/2019,18:00:00
UKA00559,,11/07/2019,19:00:00
UKA00559,,11/07/2019,20:00:00
UKA00559,,11/07/2019,21:00:00
UKA00559,,11/07/2019,22:00:00
UKA00559,,11/07/2019,23:00:00
UKA00559,,11/07/2019,24:00:00
UKA00559,,12/07/2019,01:00:00
UKA00559,,12/07/2019,02:00:00
UKA00559,,12/07/2019,03:00:00
UKA00559,,12/07/2019,04:00:00
UKA00559,,12/07/2019,05:00:00
UKA00559,,12/07/2019,06:00:00
UKA00559,,12/07/2019,07:00:00
UKA00559,,12/07/2019,08:00:00
UKA00559,,12/07/2019,09:00:00
UKA00559,,12/07/2019,10:00:00
UKA00559,1.99653,12/07/2019,11:00:00
UKA00559,0.61139,12/07/2019,12:00:00
UKA00559,1.04425,12/07/2019,13:00:00
UKA00559,0.18586,12/07/2019,14:00:00
UKA00559,0.27986,12/07/2019,15:00:00
UKA00559,-0.19919,12/07/2019,16:00:00
UKA00559,0.08677,12/07/2019,17:00:00
UKA00559,0.23255,12/07/2019,18:00:00
UKA00559,1.76367,12/07/2019,19:00:00
UKA00559,2.43528,12/07/2019,20:00:00
UKA00559,3.01025,12/07/2019,21:00:00
UKA00559,4.3488,12/07/2019,22:00:00
UKA00559,2.86753,12/07/2019,23:00:00
UKA00559,1.91118,12/07/2019,24:00:00
UKA00559,4.37942,13/07/2019,01:00:00
UKA00559,5.06959,13/07/2019,02:00:00
UKA00559,4.71679,13/07/2019,03:00:00
UKA00559,3.94639,13/07/2019,04:00:00
UKA00559,2.93531,13/07/2019,05:00:00
UKA00559,3.07944,13/07/2019,06:00:00
UKA00559,2.54902,13/07/2019,07:00:00
UKA00559,2.25824,13/07/2019,08:00:00
UKA00559,3.69934,13/07/2019,09:00:00
UKA00559,5.52827,13/07/2019,10:00:00
UKA00559,5.66988,13/07/2019,11:00:00
UKA00559,4.85463,13/07/2019,12:00:00
UKA00559,4.27936,13/07/2019,13:00:00
UKA00559,6.63968,13/07/2019,14:00:00
UKA00559,6.01187,13/07/2019,15:00:00
UKA00559,7.21684,13/07/2019,16:00:00
UKA00559,8.22694,13/07/2019,17:00:00
UKA00559,9.23845,13/07/2019,18:00:00
UKA00559,8.37303,13/07/2019,19:00:00
UKA00559,11.35759,13/07/2019,20:00:00
UKA00559,9.77047,13/07/2019,21:00:00
UKA00559,7.89376,13/07/2019,22:00:00
UKA00559,11.69567,13/07/2019,23:00:00
UKA00559,10.10764,13/07/2019,24:00:00
UKA00559,10.27346,14/07/2019,01:00:00
UKA00559,12.27603,14/07/2019,02:00:00
UKA00559,9.49775,14/07/2019,03:00:00
UKA00559,8.96475,14/07/2019,04:00:00
UKA00559,8.86768,14/07/2019,05:00:00
UKA00559,6.73511,14/07/2019,06:00:00
UKA00559,8.28457,14/07/2019,07:00:00
UKA00559,5.37696,14/07/2019,08:00:00
UKA00559,6.05157,14/07/2019,09:00:00
UKA00559,6.63448,14/07/2019,10:00:00
UKA00559,6.15059,14/07/2019,11:00:00
UKA00559,4.79409,14/07/2019,12:00:00
UKA00559,4.01917,14/07/2019,13:00:00
UKA00559,3.77736,14/07/2019,14:00:00
UKA00559,4.35981,14/07/2019,15:00:00
UKA00559,4.35988,14/07/2019,16:00:00
UKA00559,5.28016,14/07/2019,17:00:00
UKA00559,4.69896,14/07/2019,18:00:00
UKA00559,4.69915,14/07/2019,19:00:00
UKA00559,8.96391,14/07/2019,20:00:00
UKA00559,15.31259,14/07/2019,21:00:00
UKA00559,15.21593,14/07/2019,22:00:00
UKA00559,9.88506,14/07/2019,23:00:00
UKA00559,9.98187,14/07/2019,24:00:00
UKA00559,10.99293,15/07/2019,01:00:00
UKA00559,8.71628,15/07/2019,02:00:00
UKA00559,9.17155,15/07/2019,03:00:00
UKA00559,11.31796,15/07/2019,04:00:00
UKA00559,11.80466,15/07/2019,05:00:00
UKA00559,18.24222,15/07/2019,06:00:00
UKA00559,12.68295,15/07/2019,07:00:00
UKA00559,8.7316,15/07/2019,08:00:00
UKA00559,8.97564,15/07/2019,09:00:00
UKA00559,9.61,15/07/2019,10:00:00
UKA00559,9.12185,15/07/2019,11:00:00
UKA00559,7.51231,15/07/2019,12:00:00
UKA00559,9.02473,15/07/2019,13:00:00
UKA00559,12.7322,15/07/2019,14:00:00
UKA00559,14.48848,15/07/2019,15:00:00
UKA00559,13.85449,15/07/2019,16:00:00
UKA00559,12.73252,15/07/2019,17:00:00
UKA00559,11.75696,15/07/2019,18:00:00
UKA00559,13.26937,15/07/2019,19:00:00
UKA00559,14.44036,15/07/2019,20:00:00
UKA00559,17.07485,15/07/2019,21:00:00
UKA00559,18.29449,15/07/2019,22:00:00
UKA00559,11.26944,15/07/2019,23:00:00
UKA00559,9.70828,15/07/2019,24:00:00
UKA00559,8.77462,16/07/2019,01:00:00
UKA00559,7.85799,16/07/2019,02:00:00
UKA00559,8.84009,16/07/2019,03:00:00
UKA00559,7.90714,16/07/2019,04:00:00
UKA00559,8.10356,16/07/2019,05:00:00
UKA00559,16.79738,16/07/2019,06:00:00
UKA00559,18.71458,16/07/2019,07:00:00
UKA00559,14.58878,16/07/2019,08:00:00
UKA00559,16.55368,16/07/2019,09:00:00
UKA00559,12.77193,16/07/2019,10:00:00
UKA00559,9.38152,16/07/2019,11:00:00
UKA00559,8.3987,16/07/2019,12:00:00
UKA00559,7.12186,16/07/2019,13:00:00
UKA00559,4.81355,16/07/2019,14:00:00
UKA00559,5.35376,16/07/2019,15:00:00
UKA00559,5.64825,16/07/2019,16:00:00
UKA00559,5.30442,16/07/2019,17:00:00
UKA00559,11.14967,16/07/2019,18:00:00
UKA00559,18.95844,16/07/2019,19:00:00
UKA00559,14.73457,16/07/2019,20:00:00
UKA00559,22.34629,16/07/2019,21:00:00
UKA00559,48.1801,16/07/2019,22:00:00
UKA00559,61.29426,16/07/2019,23:00:00
UKA00559,58.30283,16/07/2019,24:00:00
UKA00559,54.79088,17/07/2019,01:00:00
UKA00559,44.69636,17/07/2019,02:00:00
UKA00559,36.04242,17/07/2019,03:00:00
UKA00559,26.79674,17/07/2019,04:00:00
UKA00559,22.4962,17/07/2019,05:00:00
UKA00559,23.73687,17/07/2019,06:00:00
UKA00559,33.73811,17/07/2019,07:00:00
UKA00559,26.26386,17/07/2019,08:00:00
UKA00559,15.2322,17/07/2019,09:00:00
UKA00559,7.41773,17/07/2019,10:00:00
UKA00559,5.24134,17/07/2019,11:00:00
UKA00559,3.56062,17/07/2019,12:00:00
UKA00559,3.46164,17/07/2019,13:00:00
UKA00559,3.31327,17/07/2019,14:00:00
UKA00559,4.69733,17/07/2019,15:00:00
UKA00559,4.54914,17/07/2019,16:00:00
UKA00559,5.19151,17/07/2019,17:00:00
UKA00559,5.33993,17/07/2019,18:00:00
UKA00559,7.21874,17/07/2019,19:00:00
UKA00559,8.85008,17/07/2019,20:00:00
UKA00559,10.72844,17/07/2019,21:00:00
UKA00559,7.3667,17/07/2019,22:00:00
UKA00559,6.378,17/07/2019,23:00:00
UKA00559,3.16457,17/07/2019,24:00:00
UKA00559,1.72558,18/07/2019,01:00:00
UKA00559,1.32774,18/07/2019,02:00:00
UKA00559,1.89174,18/07/2019,03:00:00
UKA00559,2.58864,18/07/2019,04:00:00
UKA00559,3.28536,18/07/2019,05:00:00
UKA00559,6.32147,18/07/2019,06:00:00
UKA00559,11.20099,18/07/2019,07:00:00
UKA00559,16.53207,18/07/2019,08:00:00
UKA00559,14.49381,18/07/2019,09:00:00
UKA00559,11.8595,18/07/2019,10:00:00
UKA00559,5.63284,18/07/2019,11:00:00
UKA00559,2.79105,18/07/2019,12:00:00
UKA00559,2.34215,18/07/2019,13:00:00
UKA00559,2.34144,18/07/2019,14:00:00
UKA00559,2.19287,18/07/2019,15:00:00
UKA00559,2.74067,18/07/2019,16:00:00
UKA00559,3.03816,18/07/2019,17:00:00
UKA00559,4.33163,18/07/2019,18:00:00
UKA00559,2.93793,18/07/2019,19:00:00
UKA00559,4.38192,18/07/2019,20:00:00
UKA00559,9.80462,18/07/2019,21:00:00
UKA00559,12.73988,18/07/2019,22:00:00
UKA00559,11.04824,18/07/2019,23:00:00
UKA00559,11.94364,18/07/2019,24:00:00
UKA00559,7.61369,19/07/2019,01:00:00
UKA00559,5.27645,19/07/2019,02:00:00
UKA00559,4.35909,19/07/2019,03:00:00
UKA00559,4.65959,19/07/2019,04:00:00
UKA00559,6.3132,19/07/2019,05:00:00
UKA00559,9.57069,19/07/2019,06:00:00
UKA00559,10.97569,19/07/2019,07:00:00
UKA00559,15.35227,19/07/2019,08:00:00
UKA00559,9.58227,19/07/2019,09:00:00
UKA00559,7.77673,19/07/2019,10:00:00
UKA00559,7.22593,19/07/2019,11:00:00
UKA00559,6.92627,19/07/2019,12:00:00
UKA00559,7.37823,19/07/2019,13:00:00
UKA00559,8.12731,19/07/2019,14:00:00
UKA00559,8.03016,19/07/2019,15:00:00
UKA00559,7.77431,19/07/2019,16:00:00
UKA00559,7.77226,19/07/2019,17:00:00
UKA00559,8.22,19/07/2019,18:00:00
UKA00559,6.31501,19/07/2019,19:00:00
UKA00559,7.41746,19/07/2019,20:00:00
UKA00559,6.26348,19/07/2019,21:00:00
UKA00559,6.71496,19/07/2019,22:00:00
UKA00559,5.06135,19/07/2019,23:00:00
UKA00559,3.35862,19/07/2019,24:00:00
UKA00559,3.63244,20/07/2019,01:00:00
UKA00559,,20/07/2019,02:00:00
UKA00559,1.21239,20/07/2019,03:00:00
UKA00559,1.31214,20/07/2019,04:00:00
UKA00559,1.26325,20/07/2019,05:00:00
UKA00559,1.81835,20/07/2019,06:00:00
UKA00559,1.46565,20/07/2019,07:00:00
UKA00559,1.51621,20/07/2019,08:00:00
UKA00559,1.31518,20/07/2019,09:00:00
UKA00559,1.21422,20/07/2019,10:00:00
UKA00559,2.07146,20/07/2019,11:00:00
UKA00559,1.31473,20/07/2019,12:00:00
UKA00559,2.22314,20/07/2019,13:00:00
UKA00559,2.2236,20/07/2019,14:00:00
UKA00559,0.76039,20/07/2019,15:00:00
UKA00559,1.71708,20/07/2019,16:00:00
UKA00559,8.32299,20/07/2019,17:00:00
UKA00559,7.92231,20/07/2019,18:00:00
UKA00559,3.07871,20/07/2019,19:00:00
UKA00559,3.73264,20/07/2019,20:00:00
UKA00559,4.03418,20/07/2019,21:00:00
UKA00559,6.20295,20/07/2019,22:00:00
UKA00559,7.5131,20/07/2019,23:00:00
UKA00559,8.72351,20/07/2019,24:00:00
UKA00559,5.95435,21/07/2019,01:00:00
UKA00559,3.04764,21/07/2019,02:00:00
UKA00559,3.09598,21/07/2019,03:00:00
UKA00559,2.89397,21/07/2019,04:00:00
UKA00559,2.79342,21/07/2019,05:00:00
UKA00559,2.79379,21/07/2019,06:00:00
UKA00559,2.2385,21/07/2019,07:00:00
UKA00559,1.78172,21/07/2019,08:00:00
UKA00559,1.4764,21/07/2019,09:00:00
UKA00559,1.42659,21/07/2019,10:00:00
UKA00559,1.3742,21/07/2019,11:00:00
UKA00559,1.42604,21/07/2019,12:00:00
UKA00559,2.1363,21/07/2019,13:00:00
UKA00559,2.38941,21/07/2019,14:00:00
UKA00559,1.73007,21/07/2019,15:00:00
UKA00559,2.18556,21/07/2019,16:00:00
UKA00559,2.64196,21/07/2019,17:00:00
UKA00559,2.89581,21/07/2019,18:00:00
UKA00559,4.41742,21/07/2019,19:00:00
UKA00559,5.98921,21/07/2019,20:00:00
UKA00559,4.92438,21/07/2019,21:00:00
UKA00559,4.9753,21/07/2019,22:00:00
UKA00559,4.21375,21/07/2019,23:00:00
UKA00559,3.148,21/07/2019,24:00:00
UKA00559,3.13524,22/07/2019,01:00:00
UKA00559,2.11497,22/07/2019,02:00:00
UKA00559,1.73875,22/07/2019,03:00:00
UKA00559,1.53366,22/07/2019,04:00:00
UKA00559,1.94276,22/07/2019,05:00:00
UKA00559,2.40379,22/07/2019,06:00:00
UKA00559,2.86762,22/07/2019,07:00:00
UKA00559,3.12549,22/07/2019,08:00:00
UKA00559,3.84181,22/07/2019,09:00:00
UKA00559,3.53719,22/07/2019,10:00:00
UKA00559,2.20798,22/07/2019,11:00:00
UKA00559,2.25536,22/07/2019,12:00:00
UKA00559,2.71423,22/07/2019,13:00:00
UKA00559,1.64009,22/07/2019,14:00:00
UKA00559,2.15239,22/07/2019,15:00:00
UKA00559,2.20452,22/07/2019,16:00:00
UKA00559,1.89969,22/07/2019,17:00:00
UKA00559,2.96973,22/07/2019,18:00:00
UKA00559,3.32584,22/07/2019,19:00:00
UKA00559,2.60888,22/07/2019,20:00:00
UKA00559,7.66547,22/07/2019,21:00:00
UKA00559,16.15779,22/07/2019,22:00:00
UKA00559,17.16749,22/07/2019,23:00:00
UKA00559,21.31456,22/07/2019,24:00:00
UKA00559,16.53108,23/07/2019,01:00:00
UKA00559,13.2387,23/07/2019,02:00:00
UKA00559,12.35386,23/07/2019,03:00:00
UKA00559,10.35221,23/07/2019,04:00:00
UKA00559,9.90191,23/07/2019,05:00:00
UKA00559,9.08886,23/07/2019,06:00:00
UKA00559,13.16831,23/07/2019,07:00:00
UKA00559,15.36473,23/07/2019,08:00:00
UKA00559,8.94746,23/07/2019,09:00:00
UKA00559,5.8341,23/07/2019,10:00:00
UKA00559,5.57199,23/07/2019,11:00:00
UKA00559,5.77108,23/07/2019,12:00:00
UKA00559,4.89165,23/07/2019,13:00:00
UKA00559,5.40423,23/07/2019,14:00:00
UKA00559,5.66039,23/07/2019,15:00:00
UKA00559,8.5879,23/07/2019,16:00:00
UKA00559,11.10807,23/07/2019,17:00:00
UKA00559,9.20473,23/07/2019,18:00:00
UKA00559,14.60128,23/07/2019,19:00:00
UKA00559,20.50792,23/07/2019,20:00:00
UKA00559,19.99361,23/07/2019,21:00:00
UKA00559,18.24813,23/07/2019,22:00:00
UKA00559,13.15764,23/07/2019,23:00:00
UKA00559,9.97273,23/07/2019,24:00:00
UKA00559,8.69071,24/07/2019,01:00:00
UKA00559,6.41825,24/07/2019,02:00:00
UKA00559,6.15665,24/07/2019,03:00:00
UKA00559,16.65604,24/07/2019,04:00:00
UKA00559,9.98485,24/07/2019,05:00:00
UKA00559,15.16271,24/07/2019,06:00:00
UKA00559,15.47798,24/07/2019,07:00:00
UKA00559,10.30347,24/07/2019,08:00:00
UKA00559,8.75173,24/07/2019,09:00:00
UKA00559,6.9409,24/07/2019,10:00:00
UKA00559,4.83595,24/07/2019,11:00:00
UKA00559,5.54288,24/07/2019,12:00:00
UKA00559,3.4738,24/07/2019,13:00:00
UKA00559,3.4207,24/07/2019,14:00:00
UKA00559,3.67867,24/07/2019,15:00:00
UKA00559,3.83239,24/07/2019,16:00:00
UKA00559,4.2997,24/07/2019,17:00:00
UKA00559,3.98919,24/07/2019,18:00:00
UKA00559,4.60798,24/07/2019,19:00:00
UKA00559,9.10892,24/07/2019,20:00:00
UKA00559,16.71166,24/07/2019,21:00:00
UKA00559,20.48983,24/07/2019,22:00:00
UKA00559,22.19417,24/07/2019,23:00:00
UKA00559,12.36724,24/07/2019,24:00:00
UKA00559,8.99873,25/07/2019,01:00:00
UKA00559,11.00863,25/07/2019,02:00:00
UKA00559,14.12414,25/07/2019,03:00:00
UKA00559,13.29232,25/07/2019,04:00:00
UKA00559,14.08243,25/07/2019,05:00:00
UKA00559,22.86161,25/07/2019,06:00:00
UKA00559,21.36639,25/07/2019,07:00:00
UKA00559,18.85087,25/07/2019,08:00:00
UKA00559,17.3808,25/07/2019,09:00:00
UKA00559,17.67057,25/07/2019,10:00:00
UKA00559,14.95974,25/07/2019,11:00:00
UKA00559,11.99735,25/07/2019,12:00:00
UKA00559,9.9175,25/07/2019,13:00:00
UKA00559,8.62138,25/07/2019,14:00:00
UKA00559,7.73883,25/07/2019,15:00:00
UKA00559,9.03525,25/07/2019,16:00:00
UKA00559,10.02272,25/07/2019,17:00:00
UKA00559,7.42639,25/07/2019,18:00:00
UKA00559,8.98221,25/07/2019,19:00:00
UKA00559,8.46283,25/07/2019,20:00:00
UKA00559,9.03264,25/07/2019,21:00:00
UKA00559,9.4471,25/07/2019,22:00:00
UKA00559,9.29175,25/07/2019,23:00:00
UKA00559,9.75954,25/07/2019,24:00:00
UKA00559,7.57121,26/07/2019,01:00:00
UKA00559,8.26647,26/07/2019,02:00:00
UKA00559,6.66894,26/07/2019,03:00:00
UKA00559,7.71093,26/07/2019,04:00:00
UKA00559,7.55446,26/07/2019,05:00:00
UKA00559,6.67196,26/07/2019,06:00:00
UKA00559,7.04086,26/07/2019,07:00:00
UKA00559,6.78421,26/07/2019,08:00:00
UKA00559,6.00039,26/07/2019,09:00:00
UKA00559,6.00008,26/07/2019,10:00:00
UKA00559,7.61225,26/07/2019,11:00:00
UKA00559,6.6798,26/07/2019,12:00:00
UKA00559,6.31753,26/07/2019,13:00:00
UKA00559,4.43545,26/07/2019,14:00:00
UKA00559,4.95448,26/07/2019,15:00:00
UKA00559,6.72281,26/07/2019,16:00:00
UKA00559,6.72643,26/07/2019,17:00:00
UKA00559,8.07711,26/07/2019,18:00:00
UKA00559,10.67921,26/07/2019,19:00:00
UKA00559,15.72512,26/07/2019,20:00:00
UKA00559,19.78865,26/07/2019,21:00:00
UKA00559,25.30939,26/07/2019,22:00:00
UKA00559,12.91813,26/07/2019,23:00:00
UKA00559,13.64508,26/07/2019,24:00:00
UKA00559,19.4363,27/07/2019,01:00:00
UKA00559,,27/07/2019,02:00:00
UKA00559,12.59444,27/07/2019,03:00:00
UKA00559,18.13436,27/07/2019,04:00:00
UKA00559,13.79725,27/07/2019,05:00:00
UKA00559,15.52671,27/07/2019,06:00:00
UKA00559,10.46123,27/07/2019,07:00:00
UKA00559,10.20197,27/07/2019,08:00:00
UKA00559,16.70513,27/07/2019,09:00:00
UKA00559,13.66684,27/07/2019,10:00:00
UKA00559,19.49542,27/07/2019,11:00:00
UKA00559,20.00393,27/07/2019,12:00:00
UKA00559,18.27385,27/07/2019,13:00:00
UKA00559,13.56488,27/07/2019,14:00:00
UKA00559,12.20571,27/07/2019,15:00:00
UKA00559,10.31017,27/07/2019,16:00:00
UKA00559,12.18444,27/07/2019,17:00:00
UKA00559,10.24668,27/07/2019,18:00:00
UKA00559,11.96927,27/07/2019,19:00:00
UKA00559,15.31248,27/07/2019,20:00:00
UKA00559,12.95878,27/07/2019,21:00:00
UKA00559,12.28076,27/07/2019,22:00:00
UKA00559,12.22916,27/07/2019,23:00:00
UKA00559,9.30377,27/07/2019,24:00:00
UKA00559,7.20301,28/07/2019,01:00:00
UKA00559,,28/07/2019,02:00:00
UKA00559,6.296,28/07/2019,03:00:00
UKA00559,5.87549,28/07/2019,04:00:00
UKA00559,5.40355,28/07/2019,05:00:00
UKA00559,4.35584,28/07/2019,06:00:00
UKA00559,5.45531,28/07/2019,07:00:00
UKA00559,5.87711,28/07/2019,08:00:00
UKA00559,6.08834,28/07/2019,09:00:00
UKA00559,7.30427,28/07/2019,10:00:00
UKA00559,7.56045,28/07/2019,11:00:00
UKA00559,8.76958,28/07/2019,12:00:00
UKA00559,9.09339,28/07/2019,13:00:00
UKA00559,8.56386,28/07/2019,14:00:00
UKA00559,9.08723,28/07/2019,15:00:00
UKA00559,9.66657,28/07/2019,16:00:00
UKA00559,10.13462,28/07/2019,17:00:00
UKA00559,11.33922,28/07/2019,18:00:00
UKA00559,11.44629,28/07/2019,19:00:00
UKA00559,14.00589,28/07/2019,20:00:00
UKA00559,32.16027,28/07/2019,21:00:00
UKA00559,36.42653,28/07/2019,22:00:00
UKA00559,33.77307,28/07/2019,23:00:00
UKA00559,23.75264,28/07/2019,24:00:00
UKA00559,9.61056,29/07/2019,01:00:00
UKA00559,7.50842,29/07/2019,02:00:00
UKA00559,7.05355,29/07/2019,03:00:00
UKA00559,7.68379,29/07/2019,04:00:00
UKA00559,10.21045,29/07/2019,05:00:00
UKA00559,11.05501,29/07/2019,06:00:00
UKA00559,13.06797,29/07/2019,07:00:00
UKA00559,11.27469,29/07/2019,08:00:00
UKA00559,8.90275,29/07/2019,09:00:00
UKA00559,9.64015,29/07/2019,10:00:00
UKA00559,8.95298,29/07/2019,11:00:00
UKA00559,9.21653,29/07/2019,12:00:00
UKA00559,8.63384,29/07/2019,13:00:00
UKA00559,9.84844,29/07/2019,14:00:00
UKA00559,9.47673,29/07/2019,15:00:00
UKA00559,11.00243,29/07/2019,16:00:00
UKA00559,14.32611,29/07/2019,17:00:00
UKA00559,18.26896,29/07/2019,18:00:00
UKA00559,14.63319,29/07/2019,19:00:00
UKA00559,16.73723,29/07/2019,20:00:00
UKA00559,13.88908,29/07/2019,21:00:00
UKA00559,25.93901,29/07/2019,22:00:00
UKA00559,29.34707,29/07/2019,23:00:00
UKA00559,43.70967,29/07/2019,24:00:00
UKA00559,33.06628,30/07/2019,01:00:00
UKA00559,,30/07/2019,02:00:00
UKA00559,15.77844,30/07/2019,03:00:00
UKA00559,14.1432,30/07/2019,04:00:00
UKA00559,16.09806,30/07/2019,05:00:00
UKA00559,19.28313,30/07/2019,06:00:00
UKA00559,17.238,30/07/2019,07:00:00
UKA00559,17.44588,30/07/2019,08:00:00
UKA00559,14.59289,30/07/2019,09:00:00
UKA00559,13.00278,30/07/2019,10:00:00
UKA00559,12.84557,30/07/2019,11:00:00
UKA00559,14.90212,30/07/2019,12:00:00
UKA00559,16.96559,30/07/2019,13:00:00
UKA00559,22.41337,30/07/2019,14:00:00
UKA00559,23.0391,30/07/2019,15:00:00
UKA00559,22.07195,30/07/2019,16:00:00
UKA00559,31.32533,30/07/2019,17:00:00
UKA00559,34.26859,30/07/2019,18:00:00
UKA00559,19.26859,30/07/2019,19:00:00
UKA00559,16.36423,30/07/2019,20:00:00
UKA00559,13.35368,30/07/2019,21:00:00
UKA00559,9.49948,30/07/2019,22:00:00
UKA00559,8.23486,30/07/2019,23:00:00
UKA00559,6.49343,30/07/2019,24:00:00
UKA00559,5.57941,31/07/2019,01:00:00
UKA00559,5.72578,31/07/2019,02:00:00
UKA00559,5.88026,31/07/2019,03:00:00
UKA00559,6.30258,31/07/2019,04:00:00
UKA00559,7.36392,31/07/2019,05:00:00
UKA00559,8.90014,31/07/2019,06:00:00
UKA00559,9.22197,31/07/2019,07:00:00
UKA00559,10.22895,31/07/2019,08:00:00
UKA00559,8.69523,31/07/2019,09:00:00
UKA00559,8.00615,31/07/2019,10:00:00
UKA00559,8.00365,31/07/2019,11:00:00
UKA00559,9.0657,31/07/2019,12:00:00
UKA00559,9.32925,31/07/2019,13:00:00
UKA00559,9.27811,31/07/2019,14:00:00
UKA00559,9.9629,31/07/2019,15:00:00
UKA00559,10.07447,31/07/2019,16:00:00
UKA00559,10.38701,31/07/2019,17:00:00
UKA00559,10.75855,31/07/2019,18:00:00
UKA00559,10.64877,31/07/2019,19:00:00
UKA00559,11.54562,31/07/2019,20:00:00
UKA00559,11.4412,31/07/2019,21:00:00
UKA00559,11.75588,31/07/2019,22:00:00
UKA00559,11.5449,31/07/2019,23:00:00
UKA00559,10.16853,31/07/2019,24:00:00
UKA00559,8.99664,01/08/2019,01:00:00
UKA00559,9.35504,01/08/2019,02:00:00
UKA00559,7.38944,01/08/2019,03:00:00
UKA00559,7.12395,01/08/2019,04:00:00
UKA00559,8.71652,01/08/2019,05:00:00
UKA00559,11.2158,01/08/2019,06:00:00
UKA00559,19.25568,01/08/2019,07:00:00
UKA00559,17.66974,01/08/2019,08:00:00
UKA00559,18.15204,01/08/2019,09:00:00
UKA00559,18.43153,01/08/2019,10:00:00
UKA00559,15.76485,01/08/2019,11:00:00
UKA00559,15.92525,01/08/2019,12:00:00
UKA00559,14.52776,01/08/2019,13:00:00
UKA00559,14.1476,01/08/2019,14:00:00
UKA00559,15.20403,01/08/2019,15:00:00
UKA00559,21.26971,01/08/2019,16:00:00
UKA00559,16.2693,01/08/2019,17:00:00
UKA00559,20.79072,01/08/2019,18:00:00
UKA00559,23.76347,01/08/2019,19:00:00
UKA00559,19.72066,01/08/2019,20:00:00
UKA00559,22.74834,01/08/2019,21:00:00
UKA00559,23.17018,01/08/2019,22:00:00
UKA00559,24.22366,01/08/2019,23:00:00
UKA00559,19.33645,01/08/2019,24:00:00
UKA00559,14.42447,02/08/2019,01:00:00
UKA00559,15.35189,02/08/2019,02:00:00
UKA00559,19.77485,02/08/2019,03:00:00
UKA00559,23.50463,02/08/2019,04:00:00
UKA00559,26.44483,02/08/2019,05:00:00
UKA00559,25.81733,02/08/2019,06:00:00
UKA00559,20.34627,02/08/2019,07:00:00
UKA00559,12.82357,02/08/2019,08:00:00
UKA00559,11.69916,02/08/2019,09:00:00
UKA00559,10.36281,02/08/2019,10:00:00
UKA00559,11.58882,02/08/2019,11:00:00
UKA00559,9.93398,02/08/2019,12:00:00
UKA00559,8.96864,02/08/2019,13:00:00
UKA00559,9.34154,02/08/2019,14:00:00
UKA00559,9.49908,02/08/2019,15:00:00
UKA00559,10.5158,02/08/2019,16:00:00
UKA00559,13.23456,02/08/2019,17:00:00
UKA00559,15.78933,02/08/2019,18:00:00
UKA00559,17.54768,02/08/2019,19:00:00
UKA00559,21.91786,02/08/2019,20:00:00
UKA00559,26.33753,02/08/2019,21:00:00
UKA00559,24.84516,02/08/2019,22:00:00
UKA00559,24.03849,02/08/2019,23:00:00
UKA00559,25.31815,02/08/2019,24:00:00
UKA00559,23.88443,03/08/2019,01:00:00
UKA00559,19.89589,03/08/2019,02:00:00
UKA00559,12.30152,03/08/2019,03:00:00
UKA00559,12.24885,03/08/2019,04:00:00
UKA00559,14.06523,03/08/2019,05:00:00
UKA00559,13.9127,03/08/2019,06:00:00
UKA00559,11.94888,03/08/2019,07:00:00
UKA00559,12.70923,03/08/2019,08:00:00
UKA00559,12.33277,03/08/2019,09:00:00
UKA00559,11.85644,03/08/2019,10:00:00
UKA00559,13.02912,03/08/2019,11:00:00
UKA00559,11.73783,03/08/2019,12:00:00
UKA00559,9.37255,03/08/2019,13:00:00
UKA00559,10.17189,03/08/2019,14:00:00
UKA00559,9.04406,03/08/2019,15:00:00
UKA00559,10.16798,03/08/2019,16:00:00
UKA00559,10.43404,03/08/2019,17:00:00
UKA00559,12.94404,03/08/2019,18:00:00
UKA00559,21.0206,03/08/2019,19:00:00
UKA00559,17.75728,03/08/2019,20:00:00
UKA00559,25.7761,03/08/2019,21:00:00
UKA00559,32.0402,03/08/2019,22:00:00
UKA00559,29.364,03/08/2019,23:00:00
UKA00559,23.80056,03/08/2019,24:00:00
UKA00559,20.60874,04/08/2019,01:00:00
UKA00559,17.8173,04/08/2019,02:00:00
UKA00559,13.47021,04/08/2019,03:00:00
UKA00559,10.62756,04/08/2019,04:00:00
UKA00559,11.32623,04/08/2019,05:00:00
UKA00559,10.52354,04/08/2019,06:00:00
UKA00559,9.07861,04/08/2019,07:00:00
UKA00559,11.03142,04/08/2019,08:00:00
UKA00559,11.89014,04/08/2019,09:00:00
UKA00559,14.73239,04/08/2019,10:00:00
UKA00559,12.8565,04/08/2019,11:00:00
UKA00559,12.52514,04/08/2019,12:00:00
UKA00559,11.00973,04/08/2019,13:00:00
UKA00559,9.66321,04/08/2019,14:00:00
UKA00559,8.69765,04/08/2019,15:00:00
UKA00559,9.34069,04/08/2019,16:00:00
UKA00559,8.21387,04/08/2019,17:00:00
UKA00559,8.59041,04/08/2019,18:00:00
UKA00559,6.87136,04/08/2019,19:00:00
UKA00559,9.1238,04/08/2019,20:00:00
UKA00559,12.61069,04/08/2019,21:00:00
UKA00559,11.80599,04/08/2019,22:00:00
UKA00559,11.05531,04/08/2019,23:00:00
UKA00559,10.78681,04/08/2019,24:00:00
UKA00559,9.90631,05/08/2019,01:00:00
UKA00559,9.19346,05/08/2019,02:00:00
UKA00559,7.70283,05/08/2019,03:00:00
UKA00559,6.41013,05/08/2019,04:00:00
UKA00559,6.14157,05/08/2019,05:00:00
UKA00559,7.70572,05/08/2019,06:00:00
UKA00559,10.55885,05/08/2019,07:00:00
UKA00559,8.24654,05/08/2019,08:00:00
UKA00559,5.62139,05/08/2019,09:00:00
UKA00559,5.23575,05/08/2019,10:00:00
UKA00559,5.28954,05/08/2019,11:00:00
UKA00559,5.87632,05/08/2019,12:00:00
UKA00559,5.82211,05/08/2019,13:00:00
UKA00559,6.36129,05/08/2019,14:00:00
UKA00559,8.02724,05/08/2019,15:00:00
UKA00559,7.81496,05/08/2019,16:00:00
UKA00559,6.78999,05/08/2019,17:00:00
UKA00559,8.13359,05/08/2019,18:00:00
UKA00559,9.21359,05/08/2019,19:00:00
UKA00559,13.89324,05/08/2019,20:00:00
UKA00559,13.56511,05/08/2019,21:00:00
UKA00559,11.1957,05/08/2019,22:00:00
UKA00559,10.8208,05/08/2019,23:00:00
UKA00559,8.23829,05/08/2019,24:00:00
UKA00559,7.70561,06/08/2019,01:00:00
UKA00559,6.7747,06/08/2019,02:00:00
UKA00559,7.50999,06/08/2019,03:00:00
UKA00559,7.61751,06/08/2019,04:00:00
UKA00559,8.58977,06/08/2019,05:00:00
UKA00559,9.61812,06/08/2019,06:00:00
UKA00559,9.57603,06/08/2019,07:00:00
UKA00559,10.60396,06/08/2019,08:00:00
UKA00559,12.7614,06/08/2019,09:00:00
UKA00559,8.66197,06/08/2019,10:00:00
UKA00559,9.41031,06/08/2019,11:00:00
UKA00559,6.60781,06/08/2019,12:00:00
UKA00559,6.7642,06/08/2019,13:00:00
UKA00559,6.81732,06/08/2019,14:00:00
UKA00559,6.27637,06/08/2019,15:00:00
UKA00559,6.38134,06/08/2019,16:00:00
UKA00559,8.27105,06/08/2019,17:00:00
UKA00559,9.40226,06/08/2019,18:00:00
UKA00559,8.21454,06/08/2019,19:00:00
UKA00559,8.91358,06/08/2019,20:00:00
UKA00559,10.26447,06/08/2019,21:00:00
UKA00559,8.91654,06/08/2019,22:00:00
UKA00559,7.34682,06/08/2019,23:00:00
UKA00559,6.48376,06/08/2019,24:00:00
UKA00559,5.63944,07/08/2019,01:00:00
UKA00559,6.36481,07/08/2019,02:00:00
UKA00559,5.90667,07/08/2019,03:00:00
UKA00559,5.85557,07/08/2019,04:00:00
UKA00559,6.45026,07/08/2019,05:00:00
UKA00559,9.1617,07/08/2019,06:00:00
UKA00559,9.11713,07/08/2019,07:00:00
UKA00559,8.46743,07/08/2019,08:00:00
UKA00559,8.41198,07/08/2019,09:00:00
UKA00559,7.91861,07/08/2019,10:00:00
UKA00559,8.02689,07/08/2019,11:00:00
UKA00559,7.32305,07/08/2019,12:00:00
UKA00559,7.54223,07/08/2019,13:00:00
UKA00559,7.91818,07/08/2019,14:00:00
UKA00559,7.53875,07/08/2019,15:00:00
UKA00559,7.43047,07/08/2019,16:00:00
UKA00559,8.73117,07/08/2019,17:00:00
UKA00559,10.02753,07/08/2019,18:00:00
UKA00559,11.27496,07/08/2019,19:00:00
UKA00559,12.1932,07/08/2019,20:00:00
UKA00559,12.24473,07/08/2019,21:00:00
UKA00559,10.18821,07/08/2019,22:00:00
UKA00559,9.59048,07/08/2019,23:00:00
UKA00559,9.59048,07/08/2019,24:00:00
UKA00559,8.77126,08/08/2019,01:00:00
UKA00559,8.19546,08/08/2019,02:00:00
UKA00559,9.51372,08/08/2019,03:00:00
UKA00559,9.18872,08/08/2019,04:00:00
UKA00559,10.33024,08/08/2019,05:00:00
UKA00559,14.19067,08/08/2019,06:00:00
UKA00559,14.42087,08/08/2019,07:00:00
UKA00559,14.10524,08/08/2019,08:00:00
UKA00559,14.66,08/08/2019,09:00:00
UKA00559,12.47845,08/08/2019,10:00:00
UKA00559,11.00166,08/08/2019,11:00:00
UKA00559,8.43678,08/08/2019,12:00:00
UKA00559,9.85256,08/08/2019,13:00:00
UKA00559,8.54139,08/08/2019,14:00:00
UKA00559,10.06803,08/08/2019,15:00:00
UKA00559,10.17845,08/08/2019,16:00:00
UKA00559,15.23427,08/08/2019,17:00:00
UKA00559,16.97951,08/08/2019,18:00:00
UKA00559,19.91167,08/08/2019,19:00:00
UKA00559,23.12031,08/08/2019,20:00:00
UKA00559,23.66525,08/08/2019,21:00:00
UKA00559,20.06881,08/08/2019,22:00:00
UKA00559,14.67862,08/08/2019,23:00:00
UKA00559,14.57088,08/08/2019,24:00:00
UKA00559,11.27217,09/08/2019,01:00:00
UKA00559,11.34726,09/08/2019,02:00:00
UKA00559,8.56402,09/08/2019,03:00:00
UKA00559,8.02187,09/08/2019,04:00:00
UKA00559,7.74851,09/08/2019,05:00:00
UKA00559,10.04439,09/08/2019,06:00:00
UKA00559,12.56463,09/08/2019,07:00:00
UKA00559,11.69189,09/08/2019,08:00:00
UKA00559,7.54701,09/08/2019,09:00:00
UKA00559,5.90546,09/08/2019,10:00:00
UKA00559,6.88536,09/08/2019,11:00:00
UKA00559,6.39495,09/08/2019,12:00:00
UKA00559,6.5598,09/08/2019,13:00:00
UKA00559,7.04609,09/08/2019,14:00:00
UKA00559,7.05478,09/08/2019,15:00:00
UKA00559,6.45082,09/08/2019,16:00:00
UKA00559,7.48338,09/08/2019,17:00:00
UKA00559,7.64593,09/08/2019,18:00:00
UKA00559,8.18854,09/08/2019,19:00:00
UKA00559,8.18808,09/08/2019,20:00:00
UKA00559,8.13176,09/08/2019,21:00:00
UKA00559,6.98931,09/08/2019,22:00:00
UKA00559,5.89495,09/08/2019,23:00:00
UKA00559,5.24107,09/08/2019,24:00:00
UKA00559,4.60174,10/08/2019,01:00:00
UKA00559,5.77227,10/08/2019,02:00:00
UKA00559,4.439,10/08/2019,03:00:00
UKA00559,3.72697,10/08/2019,04:00:00
UKA00559,3.94093,10/08/2019,05:00:00
UKA00559,4.32545,10/08/2019,06:00:00
UKA00559,4.38199,10/08/2019,07:00:00
UKA00559,5.64207,10/08/2019,08:00:00
UKA00559,6.79375,10/08/2019,09:00:00
UKA00559,7.55951,10/08/2019,10:00:00
UKA00559,6.57791,10/08/2019,11:00:00
UKA00559,6.6307,10/08/2019,12:00:00
UKA00559,6.57744,10/08/2019,13:00:00
UKA00559,5.53321,10/08/2019,14:00:00
UKA00559,4.82211,10/08/2019,15:00:00
UKA00559,5.20335,10/08/2019,16:00:00
UKA00559,5.53133,10/08/2019,17:00:00
UKA00559,5.85604,10/08/2019,18:00:00
UKA00559,6.67552,10/08/2019,19:00:00
UKA00559,7.99073,10/08/2019,20:00:00
UKA00559,8.26311,10/08/2019,21:00:00
UKA00559,7.16937,10/08/2019,22:00:00
UKA00559,6.02237,10/08/2019,23:00:00
UKA00559,5.47339,10/08/2019,24:00:00
UKA00559,5.3452,11/08/2019,01:00:00
UKA00559,6.88321,11/08/2019,02:00:00
UKA00559,5.76802,11/08/2019,03:00:00
UKA00559,6.26012,11/08/2019,04:00:00
UKA00559,6.20768,11/08/2019,05:00:00
UKA00559,5.93301,11/08/2019,06:00:00
UKA00559,5.3298,11/08/2019,07:00:00
UKA00559,6.098,11/08/2019,08:00:00
UKA00559,6.20912,11/08/2019,09:00:00
UKA00559,7.14232,11/08/2019,10:00:00
UKA00559,7.69501,11/08/2019,11:00:00
UKA00559,6.05228,11/08/2019,12:00:00
UKA00559,6.26635,11/08/2019,13:00:00
UKA00559,6.32215,11/08/2019,14:00:00
UKA00559,6.64878,11/08/2019,15:00:00
UKA00559,10.2185,11/08/2019,16:00:00
UKA00559,9.7216,11/08/2019,17:00:00
UKA00559,10.16318,11/08/2019,18:00:00
UKA00559,14.71614,11/08/2019,19:00:00
UKA00559,15.97453,11/08/2019,20:00:00
UKA00559,13.71947,11/08/2019,21:00:00
UKA00559,14.92542,11/08/2019,22:00:00
UKA00559,18.60098,11/08/2019,23:00:00
UKA00559,14.65315,11/08/2019,24:00:00
UKA00559,11.96501,12/08/2019,01:00:00
UKA00559,12.33765,12/08/2019,02:00:00
UKA00559,9.41631,12/08/2019,03:00:00
UKA00559,10.73855,12/08/2019,04:00:00
UKA00559,10.62754,12/08/2019,05:00:00
UKA00559,13.88059,12/08/2019,06:00:00
UKA00559,20.34,12/08/2019,07:00:00
UKA00559,16.06971,12/08/2019,08:00:00
UKA00559,12.91344,12/08/2019,09:00:00
UKA00559,11.03323,12/08/2019,10:00:00
UKA00559,9.48947,12/08/2019,11:00:00
UKA00559,9.48849,12/08/2019,12:00:00
UKA00559,11.20514,12/08/2019,13:00:00
UKA00559,9.64862,12/08/2019,14:00:00
UKA00559,10.53126,12/08/2019,15:00:00
UKA00559,14.60555,12/08/2019,16:00:00
UKA00559,13.67183,12/08/2019,17:00:00
UKA00559,16.20236,12/08/2019,18:00:00
UKA00559,22.27817,12/08/2019,19:00:00
UKA00559,29.2352,12/08/2019,20:00:00
UKA00559,45.05297,12/08/2019,21:00:00
UKA00559,38.47856,12/08/2019,22:00:00
UKA00559,19.04873,12/08/2019,23:00:00
UKA00559,13.04609,12/08/2019,24:00:00
UKA00559,13.25792,13/08/2019,01:00:00
UKA00559,10.09328,13/08/2019,02:00:00
UKA00559,8.84073,13/08/2019,03:00:00
UKA00559,9.11616,13/08/2019,04:00:00
UKA00559,12.81509,13/08/2019,05:00:00
UKA00559,18.62363,13/08/2019,06:00:00
UKA00559,18.14252,13/08/2019,07:00:00
UKA00559,13.676,13/08/2019,08:00:00
UKA00559,11.18061,13/08/2019,09:00:00
UKA00559,9.85063,13/08/2019,10:00:00
UKA00559,10.23743,13/08/2019,11:00:00
UKA00559,9.6916,13/08/2019,12:00:00
UKA00559,9.18589,13/08/2019,13:00:00
UKA00559,8.4138,13/08/2019,14:00:00
UKA00559,8.63203,13/08/2019,15:00:00
UKA00559,7.35775,13/08/2019,16:00:00
UKA00559,9.17937,13/08/2019,17:00:00
UKA00559,9.39911,13/08/2019,18:00:00
UKA00559,13.20591,13/08/2019,19:00:00
UKA00559,17.77929,13/08/2019,20:00:00
UKA00559,30.20357,13/08/2019,21:00:00
UKA00559,29.81677,13/08/2019,22:00:00
UKA00559,18.77714,13/08/2019,23:00:00
UKA00559,14.3046,13/08/2019,24:00:00
UKA00559,12.48529,14/08/2019,01:00:00
UKA00559,12.41353,14/08/2019,02:00:00
UKA00559,12.1909,14/08/2019,03:00:00
UKA00559,11.75007,14/08/2019,04:00:00
UKA00559,11.70036,14/08/2019,05:00:00
UKA00559,12.47949,14/08/2019,06:00:00
UKA00559,13.59489,14/08/2019,07:00:00
UKA00559,10.82178,14/08/2019,08:00:00
UKA00559,14.70926,14/08/2019,09:00:00
UKA00559,13.2653,14/08/2019,10:00:00
UKA00559,11.38051,14/08/2019,11:00:00
UKA00559,13.38371,14/08/2019,12:00:00
UKA00559,14.43759,14/08/2019,13:00:00
UKA00559,11.5999,14/08/2019,14:00:00
UKA00559,11.32053,14/08/2019,15:00:00
UKA00559,9.98831,14/08/2019,16:00:00
UKA00559,12.32419,14/08/2019,17:00:00
UKA00559,10.16568,14/08/2019,18:00:00
UKA00559,11.04733,14/08/2019,19:00:00
UKA00559,11.70292,14/08/2019,20:00:00
UKA00559,7.76265,14/08/2019,21:00:00
UKA00559,6.93482,14/08/2019,22:00:00
UKA00559,5.88196,14/08/2019,23:00:00
UKA00559,4.04791,14/08/2019,24:00:00
UKA00559,,15/08/2019,01:00:00
UKA00559,,15/08/2019,02:00:00
UKA00559,6.73318,15/08/2019,03:00:00
UKA00559,5.89546,15/08/2019,04:00:00
UKA00559,5.17458,15/08/2019,05:00:00
UKA00559,6.17732,15/08/2019,06:00:00
UKA00559,6.79238,15/08/2019,07:00:00
UKA00559,6.46966,15/08/2019,08:00:00
UKA00559,8.0288,15/08/2019,09:00:00
UKA00559,6.91446,15/08/2019,10:00:00
UKA00559,6.69389,15/08/2019,11:00:00
UKA00559,7.52847,15/08/2019,12:00:00
UKA00559,8.24359,15/08/2019,13:00:00
UKA00559,8.36095,15/08/2019,14:00:00
UKA00559,8.29755,15/08/2019,15:00:00
UKA00559,8.35309,15/08/2019,16:00:00
UKA00559,9.34902,15/08/2019,17:00:00
UKA00559,9.29349,15/08/2019,18:00:00
UKA00559,11.51588,15/08/2019,19:00:00
UKA00559,17.90014,15/08/2019,20:00:00
UKA00559,32.18745,15/08/2019,21:00:00
UKA00559,31.24128,15/08/2019,22:00:00
UKA00559,22.23175,15/08/2019,23:00:00
UKA00559,16.61972,15/08/2019,24:00:00
UKA00559,14.57179,16/08/2019,01:00:00
UKA00559,14.35252,16/08/2019,02:00:00
UKA00559,12.49293,16/08/2019,03:00:00
UKA00559,9.86879,16/08/2019,04:00:00
UKA00559,9.87361,16/08/2019,05:00:00
UKA00559,9.55114,16/08/2019,06:00:00
UKA00559,10.05839,16/08/2019,07:00:00
UKA00559,10.33907,16/08/2019,08:00:00
UKA00559,10.22391,16/08/2019,09:00:00
UKA00559,10.01017,16/08/2019,10:00:00
UKA00559,9.33954,16/08/2019,11:00:00
UKA00559,9.55488,16/08/2019,12:00:00
UKA00559,9.4006,16/08/2019,13:00:00
UKA00559,9.55488,16/08/2019,14:00:00
UKA00559,9.22064,16/08/2019,15:00:00
UKA00559,9.55542,16/08/2019,16:00:00
UKA00559,9.722,16/08/2019,17:00:00
UKA00559,10.43871,16/08/2019,18:00:00
UKA00559,10.49495,16/08/2019,19:00:00
UKA00559,9.26189,16/08/2019,20:00:00
UKA00559,8.81784,16/08/2019,21:00:00
UKA00559,7.31374,16/08/2019,22:00:00
UKA00559,6.69721,16/08/2019,23:00:00
UKA00559,4.57979,16/08/2019,24:00:00
UKA00559,4.25573,17/08/2019,01:00:00
UKA00559,,17/08/2019,02:00:00
UKA00559,6.21541,17/08/2019,03:00:00
UKA00559,6.04722,17/08/2019,04:00:00
UKA00559,7.16539,17/08/2019,05:00:00
UKA00559,7.49904,17/08/2019,06:00:00
UKA00559,8.06496,17/08/2019,07:00:00
UKA00559,7.34396,17/08/2019,08:00:00
UKA00559,7.62883,17/08/2019,09:00:00
UKA00559,6.5052,17/08/2019,10:00:00
UKA00559,5.99899,17/08/2019,11:00:00
UKA00559,6.05814,17/08/2019,12:00:00
UKA00559,5.4358,17/08/2019,13:00:00
UKA00559,5.71466,17/08/2019,14:00:00
UKA00559,6.26911,17/08/2019,15:00:00
UKA00559,7.0591,17/08/2019,16:00:00
UKA00559,7.33522,17/08/2019,17:00:00
UKA00559,9.01495,17/08/2019,18:00:00
UKA00559,10.40761,17/08/2019,19:00:00
UKA00559,13.92869,17/08/2019,20:00:00
UKA00559,12.69821,17/08/2019,21:00:00
UKA00559,11.91314,17/08/2019,22:00:00
UKA00559,8.6731,17/08/2019,23:00:00
UKA00559,7.49959,17/08/2019,24:00:00
UKA00559,8.23261,18/08/2019,01:00:00
UKA00559,8.38507,18/08/2019,02:00:00
UKA00559,8.13919,18/08/2019,03:00:00
UKA00559,10.04619,18/08/2019,04:00:00
UKA00559,10.38197,18/08/2019,05:00:00
UKA00559,9.9352,18/08/2019,06:00:00
UKA00559,9.04388,18/08/2019,07:00:00
UKA00559,7.02421,18/08/2019,08:00:00
UKA00559,6.52027,18/08/2019,09:00:00
UKA00559,9.72769,18/08/2019,10:00:00
UKA00559,6.17892,18/08/2019,11:00:00
UKA00559,5.50849,18/08/2019,12:00:00
UKA00559,5.84426,18/08/2019,13:00:00
UKA00559,6.2333,18/08/2019,14:00:00
UKA00559,6.34876,18/08/2019,15:00:00
UKA00559,7.13632,18/08/2019,16:00:00
UKA00559,6.9637,18/08/2019,17:00:00
UKA00559,7.97771,18/08/2019,18:00:00
UKA00559,7.91441,18/08/2019,19:00:00
UKA00559,8.36062,18/08/2019,20:00:00
UKA00559,9.93408,18/08/2019,21:00:00
UKA00559,8.86847,18/08/2019,22:00:00
UKA00559,7.68907,18/08/2019,23:00:00
UKA00559,6.73892,18/08/2019,24:00:00
UKA00559,5.85772,19/08/2019,01:00:00
UKA00559,6.31134,19/08/2019,02:00:00
UKA00559,5.86151,19/08/2019,03:00:00
UKA00559,6.47832,19/08/2019,04:00:00
UKA00559,7.43536,19/08/2019,05:00:00
UKA00559,10.70008,19/08/2019,06:00:00
UKA00559,13.41558,19/08/2019,07:00:00
UKA00559,12.53296,19/08/2019,08:00:00
UKA00559,9.09387,19/08/2019,09:00:00
UKA00559,7.33314,19/08/2019,10:00:00
UKA00559,8.34697,19/08/2019,11:00:00
UKA00559,8.01187,19/08/2019,12:00:00
UKA00559,8.97914,19/08/2019,13:00:00
UKA00559,10.55186,19/08/2019,14:00:00
UKA00559,8.28563,19/08/2019,15:00:00
UKA00559,8.4708,19/08/2019,16:00:00
UKA00559,7.05654,19/08/2019,17:00:00
UKA00559,8.16976,19/08/2019,18:00:00
UKA00559,8.73148,19/08/2019,19:00:00
UKA00559,11.14309,19/08/2019,20:00:00
UKA00559,14.18403,19/08/2019,21:00:00
UKA00559,15.0837,19/08/2019,22:00:00
UKA00559,12.66584,19/08/2019,23:00:00
UKA00559,11.59691,19/08/2019,24:00:00
UKA00559,8.88573,20/08/2019,01:00:00
UKA00559,9.11366,20/08/2019,02:00:00
UKA00559,8.07728,20/08/2019,03:00:00
UKA00559,8.02146,20/08/2019,04:00:00
UKA00559,11.01374,20/08/2019,05:00:00
UKA00559,12.08946,20/08/2019,06:00:00
UKA00559,17.23956,20/08/2019,07:00:00
UKA00559,17.77849,20/08/2019,08:00:00
UKA00559,10.88452,20/08/2019,09:00:00
UKA00559,7.8708,20/08/2019,10:00:00
UKA00559,6.45839,20/08/2019,11:00:00
UKA00559,5.48968,20/08/2019,12:00:00
UKA00559,6.7323,20/08/2019,13:00:00
UKA00559,6.68343,20/08/2019,14:00:00
UKA00559,6.05661,20/08/2019,15:00:00
UKA00559,6.27933,20/08/2019,16:00:00
UKA00559,9.04078,20/08/2019,17:00:00
UKA00559,10.22119,20/08/2019,18:00:00
UKA00559,10.89803,20/08/2019,19:00:00
UKA00559,11.28996,20/08/2019,20:00:00
UKA00559,8.80937,20/08/2019,21:00:00
UKA00559,9.54261,20/08/2019,22:00:00
UKA00559,9.0344,20/08/2019,23:00:00
UKA00559,9.09196,20/08/2019,24:00:00
UKA00559,8.98955,21/08/2019,01:00:00
UKA00559,8.69017,21/08/2019,02:00:00
UKA00559,9.40543,21/08/2019,03:00:00
UKA00559,7.2549,21/08/2019,04:00:00
UKA00559,9.06538,21/08/2019,05:00:00
UKA00559,10.9413,21/08/2019,06:00:00
UKA00559,14.19338,21/08/2019,07:00:00
UKA00559,9.83988,21/08/2019,08:00:00
UKA00559,7.79305,21/08/2019,09:00:00
UKA00559,7.9003,21/08/2019,10:00:00
UKA00559,,21/08/2019,11:00:00
UKA00559,8.69061,21/08/2019,12:00:00
UKA00559,8.80376,21/08/2019,13:00:00
UKA00559,7.54842,21/08/2019,14:00:00
UKA00559,6.97851,21/08/2019,15:00:00
UKA00559,10.44332,21/08/2019,16:00:00
UKA00559,16.05925,21/08/2019,17:00:00
UKA00559,16.05748,21/08/2019,18:00:00
UKA00559,14.89521,21/08/2019,19:00:00
UKA00559,15.57237,21/08/2019,20:00:00
UKA00559,16.98799,21/08/2019,21:00:00
UKA00559,12.34569,21/08/2019,22:00:00
UKA00559,10.76447,21/08/2019,23:00:00
UKA00559,8.55264,21/08/2019,24:00:00
UKA00559,9.52929,22/08/2019,01:00:00
UKA00559,,22/08/2019,02:00:00
UKA00559,8.9644,22/08/2019,03:00:00
UKA00559,8.62546,22/08/2019,04:00:00
UKA00559,11.91807,22/08/2019,05:00:00
UKA00559,12.991,22/08/2019,06:00:00
UKA00559,14.6984,22/08/2019,07:00:00
UKA00559,13.57157,22/08/2019,08:00:00
UKA00559,11.08235,22/08/2019,09:00:00
UKA00559,11.47464,22/08/2019,10:00:00
UKA00559,10.79622,22/08/2019,11:00:00
UKA00559,10.00113,22/08/2019,12:00:00
UKA00559,9.25828,22/08/2019,13:00:00
UKA00559,9.36997,22/08/2019,14:00:00
UKA00559,9.8217,22/08/2019,15:00:00
UKA00559,10.8457,22/08/2019,16:00:00
UKA00559,12.31534,22/08/2019,17:00:00
UKA00559,12.88484,22/08/2019,18:00:00
UKA00559,12.14753,22/08/2019,19:00:00
UKA00559,18.38385,22/08/2019,20:00:00
UKA00559,14.40894,22/08/2019,21:00:00
UKA00559,13.3866,22/08/2019,22:00:00
UKA00559,15.09069,22/08/2019,23:00:00
UKA00559,10.89186,22/08/2019,24:00:00
UKA00559,9.1692,23/08/2019,01:00:00
UKA00559,9.17333,23/08/2019,02:00:00
UKA00559,8.18519,23/08/2019,03:00:00
UKA00559,8.8112,23/08/2019,04:00:00
UKA00559,10.9762,23/08/2019,05:00:00
UKA00559,15.13279,23/08/2019,06:00:00
UKA00559,15.7201,23/08/2019,07:00:00
UKA00559,14.46806,23/08/2019,08:00:00
UKA00559,10.71248,23/08/2019,09:00:00
UKA00559,9.34174,23/08/2019,10:00:00
UKA00559,9.57089,23/08/2019,11:00:00
UKA00559,7.23764,23/08/2019,12:00:00
UKA00559,7.11688,23/08/2019,13:00:00
UKA00559,7.57207,23/08/2019,14:00:00
UKA00559,8.47781,23/08/2019,15:00:00
UKA00559,9.96002,23/08/2019,16:00:00
UKA00559,9.67101,23/08/2019,17:00:00
UKA00559,10.86266,23/08/2019,18:00:00
UKA00559,14.20693,23/08/2019,19:00:00
UKA00559,26.15906,23/08/2019,20:00:00
UKA00559,59.65067,23/08/2019,21:00:00
UKA00559,52.80677,23/08/2019,22:00:00
UKA00559,40.91148,23/08/2019,23:00:00
UKA00559,23.3505,23/08/2019,24:00:00
UKA00559,20.79107,24/08/2019,01:00:00
UKA00559,20.41451,24/08/2019,02:00:00
UKA00559,18.83802,24/08/2019,03:00:00
UKA00559,21.40035,24/08/2019,04:00:00
UKA00559,20.37772,24/08/2019,05:00:00
UKA00559,22.83741,24/08/2019,06:00:00
UKA00559,25.45909,24/08/2019,07:00:00
UKA00559,22.27258,24/08/2019,08:00:00
UKA00559,17.3032,24/08/2019,09:00:00
UKA00559,13.52323,24/08/2019,10:00:00
UKA00559,13.06735,24/08/2019,11:00:00
UKA00559,11.75177,24/08/2019,12:00:00
UKA00559,11.39238,24/08/2019,13:00:00
UKA00559,7.86237,24/08/2019,14:00:00
UKA00559,9.11295,24/08/2019,15:00:00
UKA00559,11.04544,24/08/2019,16:00:00
UKA00559,10.59051,24/08/2019,17:00:00
UKA00559,14.57066,24/08/2019,18:00:00
UKA00559,24.355,24/08/2019,19:00:00
UKA00559,48.07346,24/08/2019,20:00:00
UKA00559,72.54171,24/08/2019,21:00:00
UKA00559,45.22441,24/08/2019,22:00:00
UKA00559,41.13196,24/08/2019,23:00:00
UKA00559,38.00575,24/08/2019,24:00:00
UKA00559,35.40619,25/08/2019,01:00:00
UKA00559,30.54775,25/08/2019,02:00:00
UKA00559,29.52155,25/08/2019,03:00:00
UKA00559,22.45512,25/08/2019,04:00:00
UKA00559,23.5374,25/08/2019,05:00:00
UKA00559,23.8253,25/08/2019,06:00:00
UKA00559,35.9437,25/08/2019,07:00:00
UKA00559,24.58744,25/08/2019,08:00:00
UKA00559,17.97229,25/08/2019,09:00:00
UKA00559,15.5759,25/08/2019,10:00:00
UKA00559,14.72587,25/08/2019,11:00:00
UKA00559,11.06836,25/08/2019,12:00:00
UKA00559,9.469,25/08/2019,13:00:00
UKA00559,7.87229,25/08/2019,14:00:00
UKA00559,7.01741,25/08/2019,15:00:00
UKA00559,7.30046,25/08/2019,16:00:00
UKA00559,6.84123,25/08/2019,17:00:00
UKA00559,7.81224,25/08/2019,18:00:00
UKA00559,14.81597,25/08/2019,19:00:00
UKA00559,54.98905,25/08/2019,20:00:00
UKA00559,53.28018,25/08/2019,21:00:00
UKA00559,28.32445,25/08/2019,22:00:00
UKA00559,32.19349,25/08/2019,23:00:00
UKA00559,32.37055,25/08/2019,24:00:00
UKA00559,21.30945,26/08/2019,01:00:00
UKA00559,20.32798,26/08/2019,02:00:00
UKA00559,27.91584,26/08/2019,03:00:00
UKA00559,20.15182,26/08/2019,04:00:00
UKA00559,20.66696,26/08/2019,05:00:00
UKA00559,26.49503,26/08/2019,06:00:00
UKA00559,23.76631,26/08/2019,07:00:00
UKA00559,24.24983,26/08/2019,08:00:00
UKA00559,26.14893,26/08/2019,09:00:00
UKA00559,25.62692,26/08/2019,10:00:00
UKA00559,22.99172,26/08/2019,11:00:00
UKA00559,18.23363,26/08/2019,12:00:00
UKA00559,11.88235,26/08/2019,13:00:00
UKA00559,8.22493,26/08/2019,14:00:00
UKA00559,6.22748,26/08/2019,15:00:00
UKA00559,6.39865,26/08/2019,16:00:00
UKA00559,6.79685,26/08/2019,17:00:00
UKA00559,7.711,26/08/2019,18:00:00
UKA00559,10.16372,26/08/2019,19:00:00
UKA00559,19.46711,26/08/2019,20:00:00
UKA00559,29.17154,26/08/2019,21:00:00
UKA00559,33.7945,26/08/2019,22:00:00
UKA00559,40.35948,26/08/2019,23:00:00
UKA00559,39.55905,26/08/2019,24:00:00
UKA00559,52.0804,27/08/2019,01:00:00
UKA00559,39.50142,27/08/2019,02:00:00
UKA00559,27.05665,27/08/2019,03:00:00
UKA00559,23.2793,27/08/2019,04:00:00
UKA00559,38.24402,27/08/2019,05:00:00
UKA00559,36.72355,27/08/2019,06:00:00
UKA00559,33.73101,27/08/2019,07:00:00
UKA00559,49.38895,27/08/2019,08:00:00
UKA00559,39.1556,27/08/2019,09:00:00
UKA00559,32.12222,27/08/2019,10:00:00
UKA00559,30.71166,27/08/2019,11:00:00
UKA00559,27.37578,27/08/2019,12:00:00
UKA00559,15.27907,27/08/2019,13:00:00
UKA00559,12.76351,27/08/2019,14:00:00
UKA00559,16.47456,27/08/2019,15:00:00
UKA00559,14.70495,27/08/2019,16:00:00
UKA00559,15.90374,27/08/2019,17:00:00
UKA00559,16.93106,27/08/2019,18:00:00
UKA00559,13.38196,27/08/2019,19:00:00
UKA00559,18.12839,27/08/2019,20:00:00
UKA00559,24.30369,27/08/2019,21:00:00
UKA00559,18.92636,27/08/2019,22:00:00
UKA00559,9.95193,27/08/2019,23:00:00
UKA00559,6.06466,27/08/2019,24:00:00
UKA00559,6.64685,28/08/2019,01:00:00
UKA00559,5.50445,28/08/2019,02:00:00
UKA00559,6.6497,28/08/2019,03:00:00
UKA00559,7.50649,28/08/2019,04:00:00
UKA00559,8.88283,28/08/2019,05:00:00
UKA00559,11.40715,28/08/2019,06:00:00
UKA00559,15.14822,28/08/2019,07:00:00
UKA00559,13.61165,28/08/2019,08:00:00
UKA00559,8.9539,28/08/2019,09:00:00
UKA00559,8.32216,28/08/2019,10:00:00
UKA00559,9.58202,28/08/2019,11:00:00
UKA00559,9.41059,28/08/2019,12:00:00
UKA00559,6.82738,28/08/2019,13:00:00
UKA00559,5.50632,28/08/2019,14:00:00
UKA00559,13.42015,28/08/2019,15:00:00
UKA00559,15.42461,28/08/2019,16:00:00
UKA00559,21.95388,28/08/2019,17:00:00
UKA00559,22.17959,28/08/2019,18:00:00
UKA00559,16.04614,28/08/2019,19:00:00
UKA00559,26.83734,28/08/2019,20:00:00
UKA00559,26.3563,28/08/2019,21:00:00
UKA00559,22.85509,28/08/2019,22:00:00
UKA00559,21.76863,28/08/2019,23:00:00
UKA00559,17.01579,28/08/2019,24:00:00
UKA00559,12.08937,29/08/2019,01:00:00
UKA00559,,29/08/2019,02:00:00
UKA00559,6.14318,29/08/2019,03:00:00
UKA00559,6.02936,29/08/2019,04:00:00
UKA00559,8.8391,29/08/2019,05:00:00
UKA00559,11.82554,29/08/2019,06:00:00
UKA00559,14.65278,29/08/2019,07:00:00
UKA00559,15.58084,29/08/2019,08:00:00
UKA00559,11.0984,29/08/2019,09:00:00
UKA00559,9.77329,29/08/2019,10:00:00
UKA00559,8.27671,29/08/2019,11:00:00
UKA00559,7.98384,29/08/2019,12:00:00
UKA00559,6.6634,29/08/2019,13:00:00
UKA00559,5.6882,29/08/2019,14:00:00
UKA00559,4.8274,29/08/2019,15:00:00
UKA00559,5.85703,29/08/2019,16:00:00
UKA00559,7.923,29/08/2019,17:00:00
UKA00559,9.47138,29/08/2019,18:00:00
UKA00559,7.28867,29/08/2019,19:00:00
UKA00559,8.77913,29/08/2019,20:00:00
UKA00559,9.29525,29/08/2019,21:00:00
UKA00559,7.5757,29/08/2019,22:00:00
UKA00559,5.5665,29/08/2019,23:00:00
UKA00559,4.64981,29/08/2019,24:00:00
UKA00559,4.83002,30/08/2019,01:00:00
UKA00559,4.52467,30/08/2019,02:00:00
UKA00559,5.34736,30/08/2019,03:00:00
UKA00559,4.54289,30/08/2019,04:00:00
UKA00559,5.63279,30/08/2019,05:00:00
UKA00559,7.70459,30/08/2019,06:00:00
UKA00559,8.2231,30/08/2019,07:00:00
UKA00559,8.28487,30/08/2019,08:00:00
UKA00559,5.92866,30/08/2019,09:00:00
UKA00559,5.81352,30/08/2019,10:00:00
UKA00559,5.52579,30/08/2019,11:00:00
UKA00559,5.35219,30/08/2019,12:00:00
UKA00559,5.23501,30/08/2019,13:00:00
UKA00559,5.17655,30/08/2019,14:00:00
UKA00559,5.40734,30/08/2019,15:00:00
UKA00559,6.7837,30/08/2019,16:00:00
UKA00559,7.07092,30/08/2019,17:00:00
UKA00559,8.96758,30/08/2019,18:00:00
UKA00559,8.39213,30/08/2019,19:00:00
UKA00559,9.99903,30/08/2019,20:00:00
UKA00559,9.76874,30/08/2019,21:00:00
UKA00559,8.6214,30/08/2019,22:00:00
UKA00559,7.75999,30/08/2019,23:00:00
UKA00559,9.71359,30/08/2019,24:00:00
UKA00559,7.75335,31/08/2019,01:00:00
UKA00559,5.7595,31/08/2019,02:00:00
UKA00559,4.89502,31/08/2019,03:00:00
UKA00559,4.43427,31/08/2019,04:00:00
UKA00559,4.03149,31/08/2019,05:00:00
UKA00559,4.14679,31/08/2019,06:00:00
UKA00559,4.89611,31/08/2019,07:00:00
UKA00559,4.14939,31/08/2019,08:00:00
UKA00559,8.47227,31/08/2019,09:00:00
UKA00559,6.05146,31/08/2019,10:00:00
UKA00559,7.31387,31/08/2019,11:00:00
UKA00559,7.43264,31/08/2019,12:00:00
UKA00559,6.45229,31/08/2019,13:00:00
UKA00559,4.32244,31/08/2019,14:00:00
UKA00559,4.15091,31/08/2019,15:00:00
UKA00559,4.15048,31/08/2019,16:00:00
UKA00559,3.97699,31/08/2019,17:00:00
UKA00559,6.62383,31/08/2019,18:00:00
UKA00559,9.96158,31/08/2019,19:00:00
UKA00559,9.4396,31/08/2019,20:00:00
UKA00559,12.03064,31/08/2019,21:00:00
UKA00559,9.21118,31/08/2019,22:00:00
UKA00559,7.48389,31/08/2019,23:00:00
UKA00559,7.19706,31/08/2019,24:00:00
UKA00559,5.99753,01/09/2019,01:00:00
UKA00559,5.22952,01/09/2019,02:00:00
UKA00559,5.70922,01/09/2019,03:00:00
UKA00559,7.38139,01/09/2019,04:00:00
UKA00559,9.51448,01/09/2019,05:00:00
UKA00559,7.67011,01/09/2019,06:00:00
UKA00559,6.28738,01/09/2019,07:00:00
UKA00559,4.73336,01/09/2019,08:00:00
UKA00559,3.1761,01/09/2019,09:00:00
UKA00559,3.40826,01/09/2019,10:00:00
UKA00559,3.00445,01/09/2019,11:00:00
UKA00559,4.15646,01/09/2019,12:00:00
UKA00559,3.8101,01/09/2019,13:00:00
UKA00559,3.06029,01/09/2019,14:00:00
UKA00559,6.86608,01/09/2019,15:00:00
UKA00559,5.71569,01/09/2019,16:00:00
UKA00559,4.96444,01/09/2019,17:00:00
UKA00559,5.42356,01/09/2019,18:00:00
UKA00559,7.15085,01/09/2019,19:00:00
UKA00559,17.47026,01/09/2019,20:00:00
UKA00559,22.13754,01/09/2019,21:00:00
UKA00559,11.53049,01/09/2019,22:00:00
UKA00559,11.35722,01/09/2019,23:00:00
UKA00559,10.60939,01/09/2019,24:00:00
UKA00559,9.85568,02/09/2019,01:00:00
UKA00559,6.16193,02/09/2019,02:00:00
UKA00559,5.7178,02/09/2019,03:00:00
UKA00559,5.77482,02/09/2019,04:00:00
UKA00559,6.41101,02/09/2019,05:00:00
UKA00559,12.12767,02/09/2019,06:00:00
UKA00559,17.09864,02/09/2019,07:00:00
UKA00559,14.73587,02/09/2019,08:00:00
UKA00559,13.29356,02/09/2019,09:00:00
UKA00559,7.2824,02/09/2019,10:00:00
UKA00559,4.5084,02/09/2019,11:00:00
UKA00559,4.10157,02/09/2019,12:00:00
UKA00559,4.27548,02/09/2019,13:00:00
UKA00559,5.14275,02/09/2019,14:00:00
UKA00559,5.0843,02/09/2019,15:00:00
UKA00559,5.71965,02/09/2019,16:00:00
UKA00559,6.87444,02/09/2019,17:00:00
UKA00559,8.83649,02/09/2019,18:00:00
UKA00559,8.95125,02/09/2019,19:00:00
UKA00559,5.94844,02/09/2019,20:00:00
UKA00559,6.00546,02/09/2019,21:00:00
UKA00559,4.67818,02/09/2019,22:00:00
UKA00559,3.63886,02/09/2019,23:00:00
UKA00559,2.88876,02/09/2019,24:00:00
UKA00559,2.16048,03/09/2019,01:00:00
UKA00559,2.39208,03/09/2019,02:00:00
UKA00559,2.71953,03/09/2019,03:00:00
UKA00559,3.00857,03/09/2019,04:00:00
UKA00559,5.20616,03/09/2019,05:00:00
UKA00559,8.38738,03/09/2019,06:00:00
UKA00559,10.58623,03/09/2019,07:00:00
UKA00559,10.47341,03/09/2019,08:00:00
UKA00559,6.13478,03/09/2019,09:00:00
UKA00559,5.2662,03/09/2019,10:00:00
UKA00559,4.74574,03/09/2019,11:00:00
UKA00559,3.93592,03/09/2019,12:00:00
UKA00559,3.87757,03/09/2019,13:00:00
UKA00559,4.28237,03/09/2019,14:00:00
UKA00559,7.05836,03/09/2019,15:00:00
UKA00559,7.57935,03/09/2019,16:00:00
UKA00559,9.25607,03/09/2019,17:00:00
UKA00559,12.84208,03/09/2019,18:00:00
UKA00559,19.14815,03/09/2019,19:00:00
UKA00559,10.46932,03/09/2019,20:00:00
UKA00559,7.52016,03/09/2019,21:00:00
UKA00559,4.74374,03/09/2019,22:00:00
UKA00559,3.64447,03/09/2019,23:00:00
UKA00559,3.58654,03/09/2019,24:00:00
UKA00559,3.86275,04/09/2019,01:00:00
UKA00559,3.2456,04/09/2019,02:00:00
UKA00559,3.12903,04/09/2019,03:00:00
UKA00559,3.70828,04/09/2019,04:00:00
UKA00559,3.93978,04/09/2019,05:00:00
UKA00559,6.83651,04/09/2019,06:00:00
UKA00559,11.12505,04/09/2019,07:00:00
UKA00559,10.43177,04/09/2019,08:00:00
UKA00559,7.41974,04/09/2019,09:00:00
UKA00559,3.88489,04/09/2019,10:00:00
UKA00559,3.07225,04/09/2019,11:00:00
UKA00559,3.42041,04/09/2019,12:00:00
UKA00559,2.60885,04/09/2019,13:00:00
UKA00559,2.84069,04/09/2019,14:00:00
UKA00559,4.28882,04/09/2019,15:00:00
UKA00559,3.82494,04/09/2019,16:00:00
UKA00559,4.86793,04/09/2019,17:00:00
UKA00559,6.4895,04/09/2019,18:00:00
UKA00559,7.64739,04/09/2019,19:00:00
UKA00559,7.30119,04/09/2019,20:00:00
UKA00559,5.38939,04/09/2019,21:00:00
UKA00559,5.79406,04/09/2019,22:00:00
UKA00559,4.05583,04/09/2019,23:00:00
UKA00559,3.99825,04/09/2019,24:00:00
UKA00559,4.4877,05/09/2019,01:00:00
UKA00559,3.86905,05/09/2019,02:00:00
UKA00559,5.04837,05/09/2019,03:00:00
UKA00559,5.68675,05/09/2019,04:00:00
UKA00559,7.71747,05/09/2019,05:00:00
UKA00559,11.66328,05/09/2019,06:00:00
UKA00559,19.03355,05/09/2019,07:00:00
UKA00559,19.15203,05/09/2019,08:00:00
UKA00559,14.21958,05/09/2019,09:00:00
UKA00559,11.60724,05/09/2019,10:00:00
UKA00559,8.93823,05/09/2019,11:00:00
UKA00559,9.92483,05/09/2019,12:00:00
UKA00559,10.85188,05/09/2019,13:00:00
UKA00559,7.54491,05/09/2019,14:00:00
UKA00559,6.96502,05/09/2019,15:00:00
UKA00559,8.93724,05/09/2019,16:00:00
UKA00559,8.29861,05/09/2019,17:00:00
UKA00559,10.79488,05/09/2019,18:00:00
UKA00559,19.03256,05/09/2019,19:00:00
UKA00559,11.89533,05/09/2019,20:00:00
UKA00559,10.73449,05/09/2019,21:00:00
UKA00559,8.8196,05/09/2019,22:00:00
UKA00559,6.49884,05/09/2019,23:00:00
UKA00559,6.15077,05/09/2019,24:00:00
UKA00559,6.5091,06/09/2019,01:00:00
UKA00559,3.48691,06/09/2019,02:00:00
UKA00559,3.83565,06/09/2019,03:00:00
UKA00559,4.30062,06/09/2019,04:00:00
UKA00559,4.82364,06/09/2019,05:00:00
UKA00559,7.26453,06/09/2019,06:00:00
UKA00559,10.8677,06/09/2019,07:00:00
UKA00559,13.36666,06/09/2019,08:00:00
UKA00559,8.13613,06/09/2019,09:00:00
UKA00559,4.99787,06/09/2019,10:00:00
UKA00559,4.93979,06/09/2019,11:00:00
UKA00559,4.64914,06/09/2019,12:00:00
UKA00559,5.57903,06/09/2019,13:00:00
UKA00559,12.02954,06/09/2019,14:00:00
UKA00559,9.06563,06/09/2019,15:00:00
UKA00559,8.60076,06/09/2019,16:00:00
UKA00559,8.94957,06/09/2019,17:00:00
UKA00559,10.46073,06/09/2019,18:00:00
UKA00559,14.87757,06/09/2019,19:00:00
UKA00559,18.82969,06/09/2019,20:00:00
UKA00559,32.31306,06/09/2019,21:00:00
UKA00559,28.65164,06/09/2019,22:00:00
UKA00559,16.38898,06/09/2019,23:00:00
UKA00559,10.57723,06/09/2019,24:00:00
UKA00559,13.42704,07/09/2019,01:00:00
UKA00559,5.43234,07/09/2019,02:00:00
UKA00559,4.83108,07/09/2019,03:00:00
UKA00559,6.05357,07/09/2019,04:00:00
UKA00559,6.46075,07/09/2019,05:00:00
UKA00559,7.56655,07/09/2019,06:00:00
UKA00559,13.61972,07/09/2019,07:00:00
UKA00559,17.22678,07/09/2019,08:00:00
UKA00559,13.09302,07/09/2019,09:00:00
UKA00559,7.27146,07/09/2019,10:00:00
UKA00559,8.84296,07/09/2019,11:00:00
UKA00559,6.98226,07/09/2019,12:00:00
UKA00559,6.69137,07/09/2019,13:00:00
UKA00559,6.86704,07/09/2019,14:00:00
UKA00559,7.85592,07/09/2019,15:00:00
UKA00559,6.86669,07/09/2019,16:00:00
UKA00559,6.63428,07/09/2019,17:00:00
UKA00559,9.25448,07/09/2019,18:00:00
UKA00559,17.17188,07/09/2019,19:00:00
UKA00559,39.46676,07/09/2019,20:00:00
UKA00559,40.45643,07/09/2019,21:00:00
UKA00559,32.13261,07/09/2019,22:00:00
UKA00559,32.54016,07/09/2019,23:00:00
UKA00559,35.85803,07/09/2019,24:00:00
UKA00559,39.02441,08/09/2019,01:00:00
UKA00559,,08/09/2019,02:00:00
UKA00559,35.2456,08/09/2019,03:00:00
UKA00559,33.53983,08/09/2019,04:00:00
UKA00559,30.93213,08/09/2019,05:00:00
UKA00559,29.37155,08/09/2019,06:00:00
UKA00559,25.6319,08/09/2019,07:00:00
UKA00559,22.66203,08/09/2019,08:00:00
UKA00559,18.81734,08/09/2019,09:00:00
UKA00559,13.28313,08/09/2019,10:00:00
UKA00559,7.10874,08/09/2019,11:00:00
UKA00559,5.88587,08/09/2019,12:00:00
UKA00559,5.36133,08/09/2019,13:00:00
UKA00559,5.4203,08/09/2019,14:00:00
UKA00559,6.3535,08/09/2019,15:00:00
UKA00559,4.66358,08/09/2019,16:00:00
UKA00559,6.41231,08/09/2019,17:00:00
UKA00559,8.10264,08/09/2019,18:00:00
UKA00559,23.02979,08/09/2019,19:00:00
UKA00559,31.95066,08/09/2019,20:00:00
UKA00559,21.10596,08/09/2019,21:00:00
UKA00559,16.73229,08/09/2019,22:00:00
UKA00559,11.71877,08/09/2019,23:00:00
UKA00559,12.12727,08/09/2019,24:00:00
UKA00559,12.30221,09/09/2019,01:00:00
UKA00559,10.35485,09/09/2019,02:00:00
UKA00559,8.52518,09/09/2019,03:00:00
UKA00559,7.41534,09/09/2019,04:00:00
UKA00559,11.15311,09/09/2019,05:00:00
UKA00559,14.36379,09/09/2019,06:00:00
UKA00559,18.39096,09/09/2019,07:00:00
UKA00559,23.52009,09/09/2019,08:00:00
UKA00559,19.19778,09/09/2019,09:00:00
UKA00559,13.07144,09/09/2019,10:00:00
UKA00559,10.79514,09/09/2019,11:00:00
UKA00559,8.16865,09/09/2019,12:00:00
UKA00559,8.11263,09/09/2019,13:00:00
UKA00559,9.80235,09/09/2019,14:00:00
UKA00559,12.13503,09/09/2019,15:00:00
UKA00559,12.0206,09/09/2019,16:00:00
UKA00559,12.72148,09/09/2019,17:00:00
UKA00559,13.13606,09/09/2019,18:00:00
UKA00559,25.56897,09/09/2019,19:00:00
UKA00559,29.06487,09/09/2019,20:00:00
UKA00559,33.27789,09/09/2019,21:00:00
UKA00559,38.22213,09/09/2019,22:00:00
UKA00559,34.03515,09/09/2019,23:00:00
UKA00559,29.57738,09/09/2019,24:00:00
UKA00559,21.8048,10/09/2019,01:00:00
UKA00559,19.68511,10/09/2019,02:00:00
UKA00559,19.24156,10/09/2019,03:00:00
UKA00559,18.05065,10/09/2019,04:00:00
UKA00559,21.85301,10/09/2019,05:00:00
UKA00559,29.28065,10/09/2019,06:00:00
UKA00559,29.39059,10/09/2019,07:00:00
UKA00559,24.18276,10/09/2019,08:00:00
UKA00559,16.87605,10/09/2019,09:00:00
UKA00559,12.19631,10/09/2019,10:00:00
UKA00559,8.92738,10/09/2019,11:00:00
UKA00559,9.51993,10/09/2019,12:00:00
UKA00559,9.22663,10/09/2019,13:00:00
UKA00559,9.28984,10/09/2019,14:00:00
UKA00559,8.00702,10/09/2019,15:00:00
UKA00559,5.961,10/09/2019,16:00:00
UKA00559,5.6688,10/09/2019,17:00:00
UKA00559,6.60578,10/09/2019,18:00:00
UKA00559,12.16384,10/09/2019,19:00:00
UKA00559,9.0632,10/09/2019,20:00:00
UKA00559,7.07615,10/09/2019,21:00:00
UKA00559,6.25743,10/09/2019,22:00:00
UKA00559,3.44899,10/09/2019,23:00:00
UKA00559,2.86537,10/09/2019,24:00:00
UKA00559,2.65363,11/09/2019,01:00:00
UKA00559,,11/09/2019,02:00:00
UKA00559,3.33761,11/09/2019,03:00:00
UKA00559,3.68843,11/09/2019,04:00:00
UKA00559,4.68422,11/09/2019,05:00:00
UKA00559,5.67943,11/09/2019,06:00:00
UKA00559,7.96401,11/09/2019,07:00:00
UKA00559,8.71783,11/09/2019,08:00:00
UKA00559,9.01296,11/09/2019,09:00:00
UKA00559,9.9488,11/09/2019,10:00:00
UKA00559,7.07862,11/09/2019,11:00:00
UKA00559,4.50376,11/09/2019,12:00:00
UKA00559,3.73984,11/09/2019,13:00:00
UKA00559,4.20766,11/09/2019,14:00:00
UKA00559,4.09279,11/09/2019,15:00:00
UKA00559,4.44225,11/09/2019,16:00:00
UKA00559,4.97411,11/09/2019,17:00:00
UKA00559,7.25869,11/09/2019,18:00:00
UKA00559,15.11055,11/09/2019,19:00:00
UKA00559,23.77911,11/09/2019,20:00:00
UKA00559,17.69085,11/09/2019,21:00:00
UKA00559,12.65251,11/09/2019,22:00:00
UKA00559,11.6573,11/09/2019,23:00:00
UKA00559,10.01614,11/09/2019,24:00:00
UKA00559,6.17792,12/09/2019,01:00:00
UKA00559,,12/09/2019,02:00:00
UKA00559,5.21993,12/09/2019,03:00:00
UKA00559,5.10185,12/09/2019,04:00:00
UKA00559,6.86178,12/09/2019,05:00:00
UKA00559,9.5012,12/09/2019,06:00:00
UKA00559,14.83135,12/09/2019,07:00:00
UKA00559,13.53542,12/09/2019,08:00:00
UKA00559,10.48883,12/09/2019,09:00:00
UKA00559,7.55129,12/09/2019,10:00:00
UKA00559,7.1446,12/09/2019,11:00:00
UKA00559,7.67262,12/09/2019,12:00:00
UKA00559,5.50808,12/09/2019,13:00:00
UKA00559,3.74792,12/09/2019,14:00:00
UKA00559,4.56873,12/09/2019,15:00:00
UKA00559,4.57081,12/09/2019,16:00:00
UKA00559,6.03958,12/09/2019,17:00:00
UKA00559,7.27241,12/09/2019,18:00:00
UKA00559,8.21246,12/09/2019,19:00:00
UKA00559,8.97457,12/09/2019,20:00:00
UKA00559,8.79918,12/09/2019,21:00:00
UKA00559,8.7964,12/09/2019,22:00:00
UKA00559,7.6262,12/09/2019,23:00:00
UKA00559,8.44724,12/09/2019,24:00:00
UKA00559,8.2265,13/09/2019,01:00:00
UKA00559,7.43902,13/09/2019,02:00:00
UKA00559,8.51965,13/09/2019,03:00:00
UKA00559,10.45842,13/09/2019,04:00:00
UKA00559,24.07005,13/09/2019,05:00:00
UKA00559,40.97858,13/09/2019,06:00:00
UKA00559,46.89153,13/09/2019,07:00:00
UKA00559,38.54676,13/09/2019,08:00:00
UKA00559,24.26164,13/09/2019,09:00:00
UKA00559,10.90185,13/09/2019,10:00:00
UKA00559,6.38648,13/09/2019,11:00:00
UKA00559,6.0944,13/09/2019,12:00:00
UKA00559,5.9787,13/09/2019,13:00:00
UKA00559,6.97816,13/09/2019,14:00:00
UKA00559,10.19743,13/09/2019,15:00:00
UKA00559,8.44956,13/09/2019,16:00:00
UKA00559,10.68094,13/09/2019,17:00:00
UKA00559,16.49833,13/09/2019,18:00:00
UKA00559,35.24634,13/09/2019,19:00:00
UKA00559,51.69637,13/09/2019,20:00:00
UKA00559,51.41048,13/09/2019,21:00:00
UKA00559,40.30429,13/09/2019,22:00:00
UKA00559,36.55535,13/09/2019,23:00:00
UKA00559,28.15033,13/09/2019,24:00:00
UKA00559,38.43121,14/09/2019,01:00:00
UKA00559,38.98051,14/09/2019,02:00:00
UKA00559,34.04432,14/09/2019,03:00:00
UKA00559,29.4732,14/09/2019,04:00:00
UKA00559,24.32914,14/09/2019,05:00:00
UKA00559,22.70608,14/09/2019,06:00:00
UKA00559,24.44422,14/09/2019,07:00:00
UKA00559,26.66032,14/09/2019,08:00:00
UKA00559,15.79544,14/09/2019,09:00:00
UKA00559,10.74979,14/09/2019,10:00:00
UKA00559,8.51666,14/09/2019,11:00:00
UKA00559,6.1731,14/09/2019,12:00:00
UKA00559,6.23137,14/09/2019,13:00:00
UKA00559,6.64359,14/09/2019,14:00:00
UKA00559,5.58637,14/09/2019,15:00:00
UKA00559,6.11574,14/09/2019,16:00:00
UKA00559,7.23706,14/09/2019,17:00:00
UKA00559,11.71068,14/09/2019,18:00:00
UKA00559,22.36844,14/09/2019,19:00:00
UKA00559,26.7249,14/09/2019,20:00:00
UKA00559,24.84264,14/09/2019,21:00:00
UKA00559,22.19208,14/09/2019,22:00:00
UKA00559,12.94855,14/09/2019,23:00:00
UKA00559,11.18223,14/09/2019,24:00:00
UKA00559,9.8247,15/09/2019,01:00:00
UKA00559,6.67706,15/09/2019,02:00:00
UKA00559,7.95871,15/09/2019,03:00:00
UKA00559,4.24306,15/09/2019,04:00:00
UKA00559,3.71186,15/09/2019,05:00:00
UKA00559,5.48138,15/09/2019,06:00:00
UKA00559,5.71594,15/09/2019,07:00:00
UKA00559,5.35757,15/09/2019,08:00:00
UKA00559,4.99989,15/09/2019,09:00:00
UKA00559,5.17374,15/09/2019,10:00:00
UKA00559,4.29139,15/09/2019,11:00:00
UKA00559,4.53076,15/09/2019,12:00:00
UKA00559,4.29827,15/09/2019,13:00:00
UKA00559,4.5287,15/09/2019,14:00:00
UKA00559,4.23103,15/09/2019,15:00:00
UKA00559,5.94947,15/09/2019,16:00:00
UKA00559,15.13825,15/09/2019,17:00:00
UKA00559,14.25624,15/09/2019,18:00:00
UKA00559,13.96716,15/09/2019,19:00:00
UKA00559,16.85841,15/09/2019,20:00:00
UKA00559,20.51163,15/09/2019,21:00:00
UKA00559,13.37939,15/09/2019,22:00:00
UKA00559,11.02037,15/09/2019,23:00:00
UKA00559,6.00949,15/09/2019,24:00:00
UKA00559,5.27072,16/09/2019,01:00:00
UKA00559,4.00577,16/09/2019,02:00:00
UKA00559,3.18309,16/09/2019,03:00:00
UKA00559,3.95113,16/09/2019,04:00:00
UKA00559,4.83695,16/09/2019,05:00:00
UKA00559,9.97541,16/09/2019,06:00:00
UKA00559,17.45497,16/09/2019,07:00:00
UKA00559,21.88027,16/09/2019,08:00:00
UKA00559,22.03159,16/09/2019,09:00:00
UKA00559,19.5426,16/09/2019,10:00:00
UKA00559,18.75054,16/09/2019,11:00:00
UKA00559,17.75151,16/09/2019,12:00:00
UKA00559,17.64936,16/09/2019,13:00:00
UKA00559,20.42194,16/09/2019,14:00:00
UKA00559,21.78231,16/09/2019,15:00:00
UKA00559,21.5761,16/09/2019,16:00:00
UKA00559,22.32889,16/09/2019,17:00:00
UKA00559,30.46481,16/09/2019,18:00:00
UKA00559,26.66538,16/09/2019,19:00:00
UKA00559,20.4772,16/09/2019,20:00:00
UKA00559,23.73386,16/09/2019,21:00:00
UKA00559,27.21768,16/09/2019,22:00:00
UKA00559,26.86778,16/09/2019,23:00:00
UKA00559,23.79484,16/09/2019,24:00:00
UKA00559,20.73727,17/09/2019,01:00:00
UKA00559,18.04902,17/09/2019,02:00:00
UKA00559,16.67312,17/09/2019,03:00:00
UKA00559,24.12852,17/09/2019,04:00:00
UKA00559,35.23235,17/09/2019,05:00:00
UKA00559,32.78644,17/09/2019,06:00:00
UKA00559,33.02766,17/09/2019,07:00:00
UKA00559,36.465,17/09/2019,08:00:00
UKA00559,23.77002,17/09/2019,09:00:00
UKA00559,14.82082,17/09/2019,10:00:00
UKA00559,9.1834,17/09/2019,11:00:00
UKA00559,8.77042,17/09/2019,12:00:00
UKA00559,8.25039,17/09/2019,13:00:00
UKA00559,8.8342,17/09/2019,14:00:00
UKA00559,10.25444,17/09/2019,15:00:00
UKA00559,8.72757,17/09/2019,16:00:00
UKA00559,11.50133,17/09/2019,17:00:00
UKA00559,16.12002,17/09/2019,18:00:00
UKA00559,29.89893,17/09/2019,19:00:00
UKA00559,37.87687,17/09/2019,20:00:00
UKA00559,31.26585,17/09/2019,21:00:00
UKA00559,33.05203,17/09/2019,22:00:00
UKA00559,27.26194,17/09/2019,23:00:00
UKA00559,27.43863,17/09/2019,24:00:00
UKA00559,22.10904,18/09/2019,01:00:00
UKA00559,19.49861,18/09/2019,02:00:00
UKA00559,23.56,18/09/2019,03:00:00
UKA00559,25.11022,18/09/2019,04:00:00
UKA00559,23.99818,18/09/2019,05:00:00
UKA00559,21.91408,18/09/2019,06:00:00
UKA00559,26.37326,18/09/2019,07:00:00
UKA00559,38.52143,18/09/2019,08:00:00
UKA00559,22.23914,18/09/2019,09:00:00
UKA00559,9.03226,18/09/2019,10:00:00
UKA00559,11.71899,18/09/2019,11:00:00
UKA00559,,18/09/2019,12:00:00
UKA00559,22.01937,18/09/2019,13:00:00
UKA00559,19.95805,18/09/2019,14:00:00
UKA00559,19.84406,18/09/2019,15:00:00
UKA00559,19.86731,18/09/2019,16:00:00
UKA00559,19.736,18/09/2019,17:00:00
UKA00559,22.31163,18/09/2019,18:00:00
UKA00559,29.06371,18/09/2019,19:00:00
UKA00559,35.58279,18/09/2019,20:00:00
UKA00559,44.70669,18/09/2019,21:00:00
UKA00559,52.42629,18/09/2019,22:00:00
UKA00559,45.96191,18/09/2019,23:00:00
UKA00559,31.51623,18/09/2019,24:00:00
UKA00559,25.83839,19/09/2019,01:00:00
UKA00559,29.87714,19/09/2019,02:00:00
UKA00559,32.03283,19/09/2019,03:00:00
UKA00559,35.71835,19/09/2019,04:00:00
UKA00559,33.58433,19/09/2019,05:00:00
UKA00559,29.8809,19/09/2019,06:00:00
UKA00559,31.87376,19/09/2019,07:00:00
UKA00559,51.09693,19/09/2019,08:00:00
UKA00559,46.85742,19/09/2019,09:00:00
UKA00559,38.11316,19/09/2019,10:00:00
UKA00559,34.44384,19/09/2019,11:00:00
UKA00559,32.39552,19/09/2019,12:00:00
UKA00559,36.24512,19/09/2019,13:00:00
UKA00559,36.56396,19/09/2019,14:00:00
UKA00559,39.11941,19/09/2019,15:00:00
UKA00559,34.7634,19/09/2019,16:00:00
UKA00559,42.62151,19/09/2019,17:00:00
UKA00559,49.01136,19/09/2019,18:00:00
UKA00559,64.67125,19/09/2019,19:00:00
UKA00559,65.14313,19/09/2019,20:00:00
UKA00559,64.76052,19/09/2019,21:00:00
UKA00559,56.91989,19/09/2019,22:00:00
UKA00559,55.59782,19/09/2019,23:00:00
UKA00559,51.30887,19/09/2019,24:00:00
UKA00559,41.24233,20/09/2019,01:00:00
UKA00559,32.03019,20/09/2019,02:00:00
UKA00559,29.3341,20/09/2019,03:00:00
UKA00559,26.89144,20/09/2019,04:00:00
UKA00559,30.49631,20/09/2019,05:00:00
UKA00559,34.802,20/09/2019,06:00:00
UKA00559,30.91205,20/09/2019,07:00:00
UKA00559,39.57764,20/09/2019,08:00:00
UKA00559,24.89207,20/09/2019,09:00:00
UKA00559,16.11406,20/09/2019,10:00:00
UKA00559,14.21001,20/09/2019,11:00:00
UKA00559,13.26223,20/09/2019,12:00:00
UKA00559,15.34689,20/09/2019,13:00:00
UKA00559,15.22433,20/09/2019,14:00:00
UKA00559,16.41845,20/09/2019,15:00:00
UKA00559,15.41948,20/09/2019,16:00:00
UKA00559,16.0754,20/09/2019,17:00:00
UKA00559,20.35234,20/09/2019,18:00:00
UKA00559,23.76742,20/09/2019,19:00:00
UKA00559,22.99823,20/09/2019,20:00:00
UKA00559,15.25623,20/09/2019,21:00:00
UKA00559,14.60355,20/09/2019,22:00:00
UKA00559,13.35622,20/09/2019,23:00:00
UKA00559,13.41791,20/09/2019,24:00:00
UKA00559,15.0782,21/09/2019,01:00:00
UKA00559,16.1921,21/09/2019,02:00:00
UKA00559,17.95033,21/09/2019,03:00:00
UKA00559,20.22547,21/09/2019,04:00:00
UKA00559,21.29354,21/09/2019,05:00:00
UKA00559,20.99158,21/09/2019,06:00:00
UKA00559,24.85806,21/09/2019,07:00:00
UKA00559,26.0847,21/09/2019,08:00:00
UKA00559,19.84377,21/09/2019,09:00:00
UKA00559,17.63719,21/09/2019,10:00:00
UKA00559,18.43051,21/09/2019,11:00:00
UKA00559,16.11478,21/09/2019,12:00:00
UKA00559,14.15558,21/09/2019,13:00:00
UKA00559,12.84995,21/09/2019,14:00:00
UKA00559,13.68764,21/09/2019,15:00:00
UKA00559,13.45311,21/09/2019,16:00:00
UKA00559,16.33027,21/09/2019,17:00:00
UKA00559,28.11933,21/09/2019,18:00:00
UKA00559,32.2502,21/09/2019,19:00:00
UKA00559,28.6005,21/09/2019,20:00:00
UKA00559,24.47114,21/09/2019,21:00:00
UKA00559,24.59162,21/09/2019,22:00:00
UKA00559,23.2739,21/09/2019,23:00:00
UKA00559,21.8982,21/09/2019,24:00:00
UKA00559,19.85046,22/09/2019,01:00:00
UKA00559,17.76749,22/09/2019,02:00:00
UKA00559,18.61218,22/09/2019,03:00:00
UKA00559,17.52831,22/09/2019,04:00:00
UKA00559,15.00726,22/09/2019,05:00:00
UKA00559,18.00667,22/09/2019,06:00:00
UKA00559,32.27704,22/09/2019,07:00:00
UKA00559,23.0245,22/09/2019,08:00:00
UKA00559,21.8672,22/09/2019,09:00:00
UKA00559,17.37054,22/09/2019,10:00:00
UKA00559,15.10626,22/09/2019,11:00:00
UKA00559,12.35729,22/09/2019,12:00:00
UKA00559,15.88421,22/09/2019,13:00:00
UKA00559,9.7119,22/09/2019,14:00:00
UKA00559,8.09454,22/09/2019,15:00:00
UKA00559,8.57642,22/09/2019,16:00:00
UKA00559,9.71753,22/09/2019,17:00:00
UKA00559,18.23811,22/09/2019,18:00:00
UKA00559,14.45723,22/09/2019,19:00:00
UKA00559,11.34087,22/09/2019,20:00:00
UKA00559,13.20163,22/09/2019,21:00:00
UKA00559,9.17947,22/09/2019,22:00:00
UKA00559,6.29912,22/09/2019,23:00:00
UKA00559,5.93876,22/09/2019,24:00:00
UKA00559,5.85874,23/09/2019,01:00:00
UKA00559,,23/09/2019,02:00:00
UKA00559,5.11679,23/09/2019,03:00:00
UKA00559,5.47832,23/09/2019,04:00:00
UKA00559,6.98307,23/09/2019,05:00:00
UKA00559,9.03076,23/09/2019,06:00:00
UKA00559,16.01025,23/09/2019,07:00:00
UKA00559,15.4484,23/09/2019,08:00:00
UKA00559,10.21566,23/09/2019,09:00:00
UKA00559,8.05397,23/09/2019,10:00:00
UKA00559,7.57487,23/09/2019,11:00:00
UKA00559,7.15471,23/09/2019,12:00:00
UKA00559,6.79416,23/09/2019,13:00:00
UKA00559,8.35655,23/09/2019,14:00:00
UKA00559,10.88987,23/09/2019,15:00:00
UKA00559,15.4002,23/09/2019,16:00:00
UKA00559,14.4866,23/09/2019,17:00:00
UKA00559,11.78685,23/09/2019,18:00:00
UKA00559,11.24749,23/09/2019,19:00:00
UKA00559,9.08548,23/09/2019,20:00:00
UKA00559,8.48586,23/09/2019,21:00:00
UKA00559,8.00382,23/09/2019,22:00:00
UKA00559,5.47832,23/09/2019,23:00:00
UKA00559,4.93537,23/09/2019,24:00:00
UKA00559,4.83092,24/09/2019,01:00:00
UKA00559,3.61989,24/09/2019,02:00:00
UKA00559,3.80245,24/09/2019,03:00:00
UKA00559,4.22741,24/09/2019,04:00:00
UKA00559,4.76907,24/09/2019,05:00:00
UKA00559,7.30744,24/09/2019,06:00:00
UKA00559,16.71868,24/09/2019,07:00:00
UKA00559,36.74275,24/09/2019,08:00:00
UKA00559,27.72493,24/09/2019,09:00:00
UKA00559,15.93011,24/09/2019,10:00:00
UKA00559,11.17064,24/09/2019,11:00:00
UKA00559,8.93303,24/09/2019,12:00:00
UKA00559,9.90236,24/09/2019,13:00:00
UKA00559,8.57092,24/09/2019,14:00:00
UKA00559,9.89936,24/09/2019,15:00:00
UKA00559,7.36279,24/09/2019,16:00:00
UKA00559,7.54535,24/09/2019,17:00:00
UKA00559,12.80523,24/09/2019,18:00:00
UKA00559,9.00128,24/09/2019,19:00:00
UKA00559,9.00128,24/09/2019,20:00:00
UKA00559,8.15586,24/09/2019,21:00:00
UKA00559,7.36909,24/09/2019,22:00:00
UKA00559,5.79915,24/09/2019,23:00:00
UKA00559,4.59072,24/09/2019,24:00:00
UKA00559,3.554,25/09/2019,01:00:00
UKA00559,,25/09/2019,02:00:00
UKA00559,3.33044,25/09/2019,03:00:00
UKA00559,3.39382,25/09/2019,04:00:00
UKA00559,5.75663,25/09/2019,05:00:00
UKA00559,8.60572,25/09/2019,06:00:00
UKA00559,18.48367,25/09/2019,07:00:00
UKA00559,23.48486,25/09/2019,08:00:00
UKA00559,21.23952,25/09/2019,09:00:00
UKA00559,21.66241,25/09/2019,10:00:00
UKA00559,18.52131,25/09/2019,11:00:00
UKA00559,13.67687,25/09/2019,12:00:00
UKA00559,10.70621,25/09/2019,13:00:00
UKA00559,8.89115,25/09/2019,14:00:00
UKA00559,11.37526,25/09/2019,15:00:00
UKA00559,12.5989,25/09/2019,16:00:00
UKA00559,16.90463,25/09/2019,17:00:00
UKA00559,20.48204,25/09/2019,18:00:00
UKA00559,21.45597,25/09/2019,19:00:00
UKA00559,16.30226,25/09/2019,20:00:00
UKA00559,11.09064,25/09/2019,21:00:00
UKA00559,10.24266,25/09/2019,22:00:00
UKA00559,6.90949,25/09/2019,23:00:00
UKA00559,4.96958,25/09/2019,24:00:00
UKA00559,3.72849,26/09/2019,01:00:00
UKA00559,,26/09/2019,02:00:00
UKA00559,2.73329,26/09/2019,03:00:00
UKA00559,2.79538,26/09/2019,04:00:00
UKA00559,3.34248,26/09/2019,05:00:00
UKA00559,5.9578,26/09/2019,06:00:00
UKA00559,8.14771,26/09/2019,07:00:00
UKA00559,8.20458,26/09/2019,08:00:00
UKA00559,6.56154,26/09/2019,09:00:00
UKA00559,6.01394,26/09/2019,10:00:00
UKA00559,5.58802,26/09/2019,11:00:00
UKA00559,5.5905,26/09/2019,12:00:00
UKA00559,4.49629,26/09/2019,13:00:00
UKA00559,3.88785,26/09/2019,14:00:00
UKA00559,7.17072,26/09/2019,15:00:00
UKA00559,6.07775,26/09/2019,16:00:00
UKA00559,9.11998,26/09/2019,17:00:00
UKA00559,8.81675,26/09/2019,18:00:00
UKA00559,11.79689,26/09/2019,19:00:00
UKA00559,8.57362,26/09/2019,20:00:00
UKA00559,6.38421,26/09/2019,21:00:00
UKA00559,4.68304,26/09/2019,22:00:00
UKA00559,3.76814,26/09/2019,23:00:00
UKA00559,3.28337,26/09/2019,24:00:00
UKA00559,3.17087,27/09/2019,01:00:00
UKA00559,,27/09/2019,02:00:00
UKA00559,2.80522,27/09/2019,03:00:00
UKA00559,2.68425,27/09/2019,04:00:00
UKA00559,3.65913,27/09/2019,05:00:00
UKA00559,5.48969,27/09/2019,06:00:00
UKA00559,9.39387,27/09/2019,07:00:00
UKA00559,12.01286,27/09/2019,08:00:00
UKA00559,10.12103,27/09/2019,09:00:00
UKA00559,9.87887,27/09/2019,10:00:00
UKA00559,10.24578,27/09/2019,11:00:00
UKA00559,7.62035,27/09/2019,12:00:00
UKA00559,6.27834,27/09/2019,13:00:00
UKA00559,5.5494,27/09/2019,14:00:00
UKA00559,6.88831,27/09/2019,15:00:00
UKA00559,8.11046,27/09/2019,16:00:00
UKA00559,9.27046,27/09/2019,17:00:00
UKA00559,10.79714,27/09/2019,18:00:00
UKA00559,16.65951,27/09/2019,19:00:00
UKA00559,17.93805,27/09/2019,20:00:00
UKA00559,11.34762,27/09/2019,21:00:00
UKA00559,8.23675,27/09/2019,22:00:00
UKA00559,6.28455,27/09/2019,23:00:00
UKA00559,5.12455,27/09/2019,24:00:00
UKA00559,3.75276,28/09/2019,01:00:00
UKA00559,,28/09/2019,02:00:00
UKA00559,3.30486,28/09/2019,03:00:00
UKA00559,2.876,28/09/2019,04:00:00
UKA00559,3.54883,28/09/2019,05:00:00
UKA00559,3.54981,28/09/2019,06:00:00
UKA00559,5.26269,28/09/2019,07:00:00
UKA00559,5.20224,28/09/2019,08:00:00
UKA00559,3.85286,28/09/2019,09:00:00
UKA00559,3.66896,28/09/2019,10:00:00
UKA00559,2.81261,28/09/2019,11:00:00
UKA00559,3.05795,28/09/2019,12:00:00
UKA00559,2.69014,28/09/2019,13:00:00
UKA00559,2.68935,28/09/2019,14:00:00
UKA00559,3.30388,28/09/2019,15:00:00
UKA00559,5.01716,28/09/2019,16:00:00
UKA00559,7.40502,28/09/2019,17:00:00
UKA00559,11.50793,28/09/2019,18:00:00
UKA00559,7.65095,28/09/2019,19:00:00
UKA00559,10.95679,28/09/2019,20:00:00
UKA00559,9.30338,28/09/2019,21:00:00
UKA00559,5.5681,28/09/2019,22:00:00
UKA00559,4.22283,28/09/2019,23:00:00
UKA00559,3.97788,28/09/2019,24:00:00
UKA00559,2.61914,29/09/2019,01:00:00
UKA00559,,29/09/2019,02:00:00
UKA00559,1.84115,29/09/2019,03:00:00
UKA00559,1.96419,29/09/2019,04:00:00
UKA00559,1.96419,29/09/2019,05:00:00
UKA00559,2.39388,29/09/2019,06:00:00
UKA00559,3.62324,29/09/2019,07:00:00
UKA00559,3.62171,29/09/2019,08:00:00
UKA00559,3.80533,29/09/2019,09:00:00
UKA00559,4.23452,29/09/2019,10:00:00
UKA00559,4.60431,29/09/2019,11:00:00
UKA00559,5.70859,29/09/2019,12:00:00
UKA00559,4.72497,29/09/2019,13:00:00
UKA00559,4.29357,29/09/2019,14:00:00
UKA00559,7.23866,29/09/2019,15:00:00
UKA00559,12.27658,29/09/2019,16:00:00
UKA00559,12.4037,29/09/2019,17:00:00
UKA00559,13.44671,29/09/2019,18:00:00
UKA00559,15.53631,29/09/2019,19:00:00
UKA00559,13.08049,29/09/2019,20:00:00
UKA00559,12.15966,29/09/2019,21:00:00
UKA00559,10.68576,29/09/2019,22:00:00
UKA00559,5.95688,29/09/2019,23:00:00
UKA00559,4.60601,29/09/2019,24:00:00
UKA00559,4.2715,30/09/2019,01:00:00
UKA00559,,30/09/2019,02:00:00
UKA00559,3.69552,30/09/2019,03:00:00
UKA00559,6.22207,30/09/2019,04:00:00
UKA00559,6.89972,30/09/2019,05:00:00
UKA00559,16.44738,30/09/2019,06:00:00
UKA00559,22.09795,30/09/2019,07:00:00
UKA00559,24.08282,30/09/2019,08:00:00
UKA00559,15.2541,30/09/2019,09:00:00
UKA00559,12.05926,30/09/2019,10:00:00
UKA00559,8.42911,30/09/2019,11:00:00
UKA00559,9.17285,30/09/2019,12:00:00
UKA00559,9.72882,30/09/2019,13:00:00
UKA00559,12.19144,30/09/2019,14:00:00
UKA00559,19.93786,30/09/2019,15:00:00
UKA00559,21.17349,30/09/2019,16:00:00
UKA00559,20.86563,30/09/2019,17:00:00
UKA00559,18.34699,30/09/2019,18:00:00
UKA00559,16.50239,30/09/2019,19:00:00
UKA00559,13.54774,30/09/2019,20:00:00
UKA00559,10.41107,30/09/2019,21:00:00
UKA00559,8.62638,30/09/2019,22:00:00
UKA00559,6.40711,30/09/2019,23:00:00
UKA00559,5.85359,30/09/2019,24:00:00
UKA00559,3.70819,01/10/2019,01:00:00
UKA00559,2.46993,01/10/2019,02:00:00
UKA00559,4.0788,01/10/2019,03:00:00
UKA00559,3.33711,01/10/2019,04:00:00
UKA00559,4.63548,01/10/2019,05:00:00
UKA00559,8.40644,01/10/2019,06:00:00
UKA00559,16.37667,01/10/2019,07:00:00
UKA00559,20.32934,01/10/2019,08:00:00
UKA00559,20.45312,01/10/2019,09:00:00
UKA00559,13.96177,01/10/2019,10:00:00
UKA00559,10.99609,01/10/2019,11:00:00
UKA00559,9.63744,01/10/2019,12:00:00
UKA00559,23.35473,01/10/2019,13:00:00
UKA00559,17.17394,01/10/2019,14:00:00
UKA00559,14.52152,01/10/2019,15:00:00
UKA00559,13.16298,01/10/2019,16:00:00
UKA00559,13.22351,01/10/2019,17:00:00
UKA00559,14.02608,01/10/2019,18:00:00
UKA00559,15.1412,01/10/2019,19:00:00
UKA00559,11.31006,01/10/2019,20:00:00
UKA00559,8.52939,01/10/2019,21:00:00
UKA00559,10.87975,01/10/2019,22:00:00
UKA00559,15.08326,01/10/2019,23:00:00
UKA00559,14.71242,01/10/2019,24:00:00
UKA00559,22.32556,02/10/2019,01:00:00
UKA00559,27.7776,02/10/2019,02:00:00
UKA00559,18.78928,02/10/2019,03:00:00
UKA00559,24.37009,02/10/2019,04:00:00
UKA00559,33.35932,02/10/2019,05:00:00
UKA00559,39.61072,02/10/2019,06:00:00
UKA00559,35.84879,02/10/2019,07:00:00
UKA00559,37.55668,02/10/2019,08:00:00
UKA00559,33.75085,02/10/2019,09:00:00
UKA00559,24.41309,02/10/2019,10:00:00
UKA00559,14.93162,02/10/2019,11:00:00
UKA00559,12.32903,02/10/2019,12:00:00
UKA00559,13.38489,02/10/2019,13:00:00
UKA00559,13.26177,02/10/2019,14:00:00
UKA00559,15.17953,02/10/2019,15:00:00
UKA00559,13.44784,02/10/2019,16:00:00
UKA00559,16.86196,02/10/2019,17:00:00
UKA00559,29.70096,02/10/2019,18:00:00
UKA00559,56.33687,02/10/2019,19:00:00
UKA00559,56.29615,02/10/2019,20:00:00
UKA00559,60.17826,02/10/2019,21:00:00
UKA00559,47.10854,02/10/2019,22:00:00
UKA00559,38.963,02/10/2019,23:00:00
UKA00559,36.9517,02/10/2019,24:00:00
UKA00559,34.7166,03/10/2019,01:00:00
UKA00559,25.93939,03/10/2019,02:00:00
UKA00559,21.75259,03/10/2019,03:00:00
UKA00559,21.4579,03/10/2019,04:00:00
UKA00559,23.88809,03/10/2019,05:00:00
UKA00559,34.88392,03/10/2019,06:00:00
UKA00559,43.39148,03/10/2019,07:00:00
UKA00559,44.8522,03/10/2019,08:00:00
UKA00559,34.13155,03/10/2019,09:00:00
UKA00559,25.80168,03/10/2019,10:00:00
UKA00559,24.43502,03/10/2019,11:00:00
UKA00559,25.06117,03/10/2019,12:00:00
UKA00559,17.28628,03/10/2019,13:00:00
UKA00559,17.28509,03/10/2019,14:00:00
UKA00559,21.14575,03/10/2019,15:00:00
UKA00559,25.37563,03/10/2019,16:00:00
UKA00559,23.13869,03/10/2019,17:00:00
UKA00559,15.73711,03/10/2019,18:00:00
UKA00559,13.37263,03/10/2019,19:00:00
UKA00559,14.67951,03/10/2019,20:00:00
UKA00559,11.01032,03/10/2019,21:00:00
UKA00559,8.21123,03/10/2019,22:00:00
UKA00559,6.9052,03/10/2019,23:00:00
UKA00559,6.03426,03/10/2019,24:00:00
UKA00559,4.90965,04/10/2019,01:00:00
UKA00559,2.49569,04/10/2019,02:00:00
UKA00559,2.30896,04/10/2019,03:00:00
UKA00559,2.24662,04/10/2019,04:00:00
UKA00559,3.68224,04/10/2019,05:00:00
UKA00559,8.488,04/10/2019,06:00:00
UKA00559,15.97735,04/10/2019,07:00:00
UKA00559,17.5368,04/10/2019,08:00:00
UKA00559,9.79799,04/10/2019,09:00:00
UKA00559,6.42743,04/10/2019,10:00:00
UKA00559,6.49009,04/10/2019,11:00:00
UKA00559,7.42613,04/10/2019,12:00:00
UKA00559,6.36522,04/10/2019,13:00:00
UKA00559,5.99036,04/10/2019,14:00:00
UKA00559,7.98772,04/10/2019,15:00:00
UKA00559,9.2358,04/10/2019,16:00:00
UKA00559,19.90622,04/10/2019,17:00:00
UKA00559,46.2941,04/10/2019,18:00:00
UKA00559,48.78225,04/10/2019,19:00:00
UKA00559,33.82623,04/10/2019,20:00:00
UKA00559,26.33732,04/10/2019,21:00:00
UKA00559,21.3449,04/10/2019,22:00:00
UKA00559,13.04427,04/10/2019,23:00:00
UKA00559,10.04837,04/10/2019,24:00:00
UKA00559,9.60037,05/10/2019,01:00:00
UKA00559,10.435,05/10/2019,02:00:00
UKA00559,10.83177,05/10/2019,03:00:00
UKA00559,12.14666,05/10/2019,04:00:00
UKA00559,14.40068,05/10/2019,05:00:00
UKA00559,17.5311,05/10/2019,06:00:00
UKA00559,32.05606,05/10/2019,07:00:00
UKA00559,33.80728,05/10/2019,08:00:00
UKA00559,24.35295,05/10/2019,09:00:00
UKA00559,19.28187,05/10/2019,10:00:00
UKA00559,15.46316,05/10/2019,11:00:00
UKA00559,13.46019,05/10/2019,12:00:00
UKA00559,10.39269,05/10/2019,13:00:00
UKA00559,10.39302,05/10/2019,14:00:00
UKA00559,10.83109,05/10/2019,15:00:00
UKA00559,12.27133,05/10/2019,16:00:00
UKA00559,18.97061,05/10/2019,17:00:00
UKA00559,23.97972,05/10/2019,18:00:00
UKA00559,30.49134,05/10/2019,19:00:00
UKA00559,29.74021,05/10/2019,20:00:00
UKA00559,28.48796,05/10/2019,21:00:00
UKA00559,22.85309,05/10/2019,22:00:00
UKA00559,17.84416,05/10/2019,23:00:00
UKA00559,12.45952,05/10/2019,24:00:00
UKA00559,10.97097,06/10/2019,01:00:00
UKA00559,8.87738,06/10/2019,02:00:00
UKA00559,8.47949,06/10/2019,03:00:00
UKA00559,7.28608,06/10/2019,04:00:00
UKA00559,6.658,06/10/2019,05:00:00
UKA00559,4.45964,06/10/2019,06:00:00
UKA00559,5.65298,06/10/2019,07:00:00
UKA00559,5.9043,06/10/2019,08:00:00
UKA00559,5.15074,06/10/2019,09:00:00
UKA00559,5.90528,06/10/2019,10:00:00
UKA00559,4.45997,06/10/2019,11:00:00
UKA00559,4.83682,06/10/2019,12:00:00
UKA00559,5.77912,06/10/2019,13:00:00
UKA00559,4.77397,06/10/2019,14:00:00
UKA00559,5.65332,06/10/2019,15:00:00
UKA00559,6.0302,06/10/2019,16:00:00
UKA00559,7.47467,06/10/2019,17:00:00
UKA00559,9.98703,06/10/2019,18:00:00
UKA00559,12.37372,06/10/2019,19:00:00
UKA00559,13.0018,06/10/2019,20:00:00
UKA00559,12.93894,06/10/2019,21:00:00
UKA00559,10.80351,06/10/2019,22:00:00
UKA00559,21.98356,06/10/2019,23:00:00
UKA00559,26.3177,06/10/2019,24:00:00
UKA00559,27.13629,07/10/2019,01:00:00
UKA00559,16.29887,07/10/2019,02:00:00
UKA00559,12.5393,07/10/2019,03:00:00
UKA00559,9.13654,07/10/2019,04:00:00
UKA00559,9.51514,07/10/2019,05:00:00
UKA00559,12.66572,07/10/2019,06:00:00
UKA00559,18.90564,07/10/2019,07:00:00
UKA00559,28.99233,07/10/2019,08:00:00
UKA00559,19.34771,07/10/2019,09:00:00
UKA00559,12.16347,07/10/2019,10:00:00
UKA00559,9.13833,07/10/2019,11:00:00
UKA00559,7.24732,07/10/2019,12:00:00
UKA00559,7.87703,07/10/2019,13:00:00
UKA00559,10.01934,07/10/2019,14:00:00
UKA00559,12.41431,07/10/2019,15:00:00
UKA00559,14.43045,07/10/2019,16:00:00
UKA00559,15.94217,07/10/2019,17:00:00
UKA00559,14.80757,07/10/2019,18:00:00
UKA00559,14.42946,07/10/2019,19:00:00
UKA00559,12.79101,07/10/2019,20:00:00
UKA00559,13.10612,07/10/2019,21:00:00
UKA00559,9.07361,07/10/2019,22:00:00
UKA00559,8.94763,07/10/2019,23:00:00
UKA00559,8.7585,07/10/2019,24:00:00
UKA00559,7.33187,08/10/2019,01:00:00
UKA00559,2.02409,08/10/2019,02:00:00
UKA00559,1.77036,08/10/2019,03:00:00
UKA00559,3.28709,08/10/2019,04:00:00
UKA00559,5.94221,08/10/2019,05:00:00
UKA00559,10.68237,08/10/2019,06:00:00
UKA00559,16.6256,08/10/2019,07:00:00
UKA00559,19.72629,08/10/2019,08:00:00
UKA00559,12.01262,08/10/2019,09:00:00
UKA00559,8.09333,08/10/2019,10:00:00
UKA00559,7.58675,08/10/2019,11:00:00
UKA00559,6.63833,08/10/2019,12:00:00
UKA00559,5.81715,08/10/2019,13:00:00
UKA00559,4.93117,08/10/2019,14:00:00
UKA00559,7.33413,08/10/2019,15:00:00
UKA00559,5.94298,08/10/2019,16:00:00
UKA00559,9.29224,08/10/2019,17:00:00
UKA00559,8.4701,08/10/2019,18:00:00
UKA00559,6.63705,08/10/2019,19:00:00
UKA00559,5.43595,08/10/2019,20:00:00
UKA00559,7.52188,08/10/2019,21:00:00
UKA00559,5.94189,08/10/2019,22:00:00
UKA00559,5.30949,08/10/2019,23:00:00
UKA00559,4.99367,08/10/2019,24:00:00
UKA00559,4.73472,09/10/2019,01:00:00
UKA00559,3.5526,09/10/2019,02:00:00
UKA00559,2.664,09/10/2019,03:00:00
UKA00559,3.1077,09/10/2019,04:00:00
UKA00559,4.24878,09/10/2019,05:00:00
UKA00559,6.78508,09/10/2019,06:00:00
UKA00559,13.50677,09/10/2019,07:00:00
UKA00559,17.8837,09/10/2019,08:00:00
UKA00559,13.32018,09/10/2019,09:00:00
UKA00559,8.11952,09/10/2019,10:00:00
UKA00559,4.44123,09/10/2019,11:00:00
UKA00559,3.86974,09/10/2019,12:00:00
UKA00559,4.18656,09/10/2019,13:00:00
UKA00559,3.29898,09/10/2019,14:00:00
UKA00559,4.82063,09/10/2019,15:00:00
UKA00559,6.97609,09/10/2019,16:00:00
UKA00559,11.98502,09/10/2019,17:00:00
UKA00559,12.80849,09/10/2019,18:00:00
UKA00559,11.35023,09/10/2019,19:00:00
UKA00559,9.19432,09/10/2019,20:00:00
UKA00559,8.62355,09/10/2019,21:00:00
UKA00559,7.22788,09/10/2019,22:00:00
UKA00559,5.89714,09/10/2019,23:00:00
UKA00559,4.56596,09/10/2019,24:00:00
UKA00559,4.15611,10/10/2019,01:00:00
UKA00559,3.14029,10/10/2019,02:00:00
UKA00559,3.69013,10/10/2019,03:00:00
UKA00559,2.86247,10/10/2019,04:00:00
UKA00559,4.26237,10/10/2019,05:00:00
UKA00559,9.28731,10/10/2019,06:00:00
UKA00559,17.49536,10/10/2019,07:00:00
UKA00559,15.40264,10/10/2019,08:00:00
UKA00559,9.35671,10/10/2019,09:00:00
UKA00559,5.41161,10/10/2019,10:00:00
UKA00559,4.39189,10/10/2019,11:00:00
UKA00559,4.51908,10/10/2019,12:00:00
UKA00559,8.27234,10/10/2019,13:00:00
UKA00559,7.19181,10/10/2019,14:00:00
UKA00559,7.76393,10/10/2019,15:00:00
UKA00559,8.20759,10/10/2019,16:00:00
UKA00559,9.35276,10/10/2019,17:00:00
UKA00559,9.54227,10/10/2019,18:00:00
UKA00559,7.88857,10/10/2019,19:00:00
UKA00559,8.27025,10/10/2019,20:00:00
UKA00559,5.53474,10/10/2019,21:00:00
UKA00559,4.00811,10/10/2019,22:00:00
UKA00559,3.7528,10/10/2019,23:00:00
UKA00559,2.73551,10/10/2019,24:00:00
UKA00559,2.21258,11/10/2019,01:00:00
UKA00559,2.55469,11/10/2019,02:00:00
UKA00559,2.04303,11/10/2019,03:00:00
UKA00559,1.85152,11/10/2019,04:00:00
UKA00559,2.42465,11/10/2019,05:00:00
UKA00559,3.70189,11/10/2019,06:00:00
UKA00559,7.27464,11/10/2019,07:00:00
UKA00559,10.53042,11/10/2019,08:00:00
UKA00559,7.78611,11/10/2019,09:00:00
UKA00559,6.57493,11/10/2019,10:00:00
UKA00559,7.21213,11/10/2019,11:00:00
UKA00559,6.51028,11/10/2019,12:00:00
UKA00559,8.61611,11/10/2019,13:00:00
UKA00559,11.80725,11/10/2019,14:00:00
UKA00559,12.25464,11/10/2019,15:00:00
UKA00559,10.78502,11/10/2019,16:00:00
UKA00559,16.27123,11/10/2019,17:00:00
UKA00559,17.86545,11/10/2019,18:00:00
UKA00559,19.65146,11/10/2019,19:00:00
UKA00559,20.92744,11/10/2019,20:00:00
UKA00559,13.27175,11/10/2019,21:00:00
UKA00559,9.5717,11/10/2019,22:00:00
UKA00559,8.10422,11/10/2019,23:00:00
UKA00559,5.80744,11/10/2019,24:00:00
UKA00559,4.69491,12/10/2019,01:00:00
UKA00559,4.09904,12/10/2019,02:00:00
UKA00559,3.32922,12/10/2019,03:00:00
UKA00559,3.13743,12/10/2019,04:00:00
UKA00559,4.54566,12/10/2019,05:00:00
UKA00559,6.59311,12/10/2019,06:00:00
UKA00559,9.47542,12/10/2019,07:00:00
UKA00559,10.43507,12/10/2019,08:00:00
UKA00559,10.24362,12/10/2019,09:00:00
UKA00559,11.33393,12/10/2019,10:00:00
UKA00559,7.75027,12/10/2019,11:00:00
UKA00559,6.59714,12/10/2019,12:00:00
UKA00559,6.72529,12/10/2019,13:00:00
UKA00559,7.49264,12/10/2019,14:00:00
UKA00559,8.13319,12/10/2019,15:00:00
UKA00559,11.9723,12/10/2019,16:00:00
UKA00559,18.37361,12/10/2019,17:00:00
UKA00559,20.74016,12/10/2019,18:00:00
UKA00559,18.88283,12/10/2019,19:00:00
UKA00559,18.43609,12/10/2019,20:00:00
UKA00559,14.91557,12/10/2019,21:00:00
UKA00559,15.5531,12/10/2019,22:00:00
UKA00559,14.33935,12/10/2019,23:00:00
UKA00559,11.77882,12/10/2019,24:00:00
UKA00559,7.79159,13/10/2019,01:00:00
UKA00559,5.14096,13/10/2019,02:00:00
UKA00559,4.23831,13/10/2019,03:00:00
UKA00559,2.56951,13/10/2019,04:00:00
UKA00559,4.43086,13/10/2019,05:00:00
UKA00559,6.67828,13/10/2019,06:00:00
UKA00559,7.77039,13/10/2019,07:00:00
UKA00559,15.02944,13/10/2019,08:00:00
UKA00559,11.56387,13/10/2019,09:00:00
UKA00559,11.94723,13/10/2019,10:00:00
UKA00559,14.32477,13/10/2019,11:00:00
UKA00559,15.47756,13/10/2019,12:00:00
UKA00559,14.12911,13/10/2019,13:00:00
UKA00559,9.82584,13/10/2019,14:00:00
UKA00559,7.70776,13/10/2019,15:00:00
UKA00559,5.58812,13/10/2019,16:00:00
UKA00559,5.00852,13/10/2019,17:00:00
UKA00559,6.10043,13/10/2019,18:00:00
UKA00559,10.46574,13/10/2019,19:00:00
UKA00559,11.2344,13/10/2019,20:00:00
UKA00559,23.50275,13/10/2019,21:00:00
UKA00559,24.40987,13/10/2019,22:00:00
UKA00559,16.82252,13/10/2019,23:00:00
UKA00559,11.23596,13/10/2019,24:00:00
UKA00559,9.44781,14/10/2019,01:00:00
UKA00559,6.96047,14/10/2019,02:00:00
UKA00559,8.63342,14/10/2019,03:00:00
UKA00559,8.82766,14/10/2019,04:00:00
UKA00559,12.18581,14/10/2019,05:00:00
UKA00559,16.06759,14/10/2019,06:00:00
UKA00559,27.34249,14/10/2019,07:00:00
UKA00559,30.33604,14/10/2019,08:00:00
UKA00559,27.36032,14/10/2019,09:00:00
UKA00559,21.35959,14/10/2019,10:00:00
UKA00559,19.54724,14/10/2019,11:00:00
UKA00559,21.99877,14/10/2019,12:00:00
UKA00559,17.41541,14/10/2019,13:00:00
UKA00559,19.34529,14/10/2019,14:00:00
UKA00559,23.98468,14/10/2019,15:00:00
UKA00559,20.88075,14/10/2019,16:00:00
UKA00559,21.20111,14/10/2019,17:00:00
UKA00559,20.49006,14/10/2019,18:00:00
UKA00559,18.24135,14/10/2019,19:00:00
UKA00559,12.82566,14/10/2019,20:00:00
UKA00559,13.39914,14/10/2019,21:00:00
UKA00559,11.40268,14/10/2019,22:00:00
UKA00559,15.90581,14/10/2019,23:00:00
UKA00559,26.59876,14/10/2019,24:00:00
UKA00559,15.50512,15/10/2019,01:00:00
UKA00559,9.8233,15/10/2019,02:00:00
UKA00559,8.72261,15/10/2019,03:00:00
UKA00559,10.33828,15/10/2019,04:00:00
UKA00559,11.04764,15/10/2019,05:00:00
UKA00559,12.40426,15/10/2019,06:00:00
UKA00559,17.70329,15/10/2019,07:00:00
UKA00559,28.11895,15/10/2019,08:00:00
UKA00559,24.57113,15/10/2019,09:00:00
UKA00559,22.70503,15/10/2019,10:00:00
UKA00559,13.38449,15/10/2019,11:00:00
UKA00559,10.79647,15/10/2019,12:00:00
UKA00559,12.21619,15/10/2019,13:00:00
UKA00559,11.69957,15/10/2019,14:00:00
UKA00559,20.23116,15/10/2019,15:00:00
UKA00559,25.27976,15/10/2019,16:00:00
UKA00559,32.7123,15/10/2019,17:00:00
UKA00559,40.45804,15/10/2019,18:00:00
UKA00559,29.2143,15/10/2019,19:00:00
UKA00559,19.25389,15/10/2019,20:00:00
UKA00559,11.2399,15/10/2019,21:00:00
UKA00559,12.59922,15/10/2019,22:00:00
UKA00559,11.24408,15/10/2019,23:00:00
UKA00559,9.3706,15/10/2019,24:00:00
UKA00559,6.04991,16/10/2019,01:00:00
UKA00559,3.89368,16/10/2019,02:00:00
UKA00559,3.82438,16/10/2019,03:00:00
UKA00559,4.99194,16/10/2019,04:00:00
UKA00559,5.70608,16/10/2019,05:00:00
UKA00559,8.04175,16/10/2019,06:00:00
UKA00559,12.90223,16/10/2019,07:00:00
UKA00559,16.85343,16/10/2019,08:00:00
UKA00559,12.44582,16/10/2019,09:00:00
UKA00559,10.6991,16/10/2019,10:00:00
UKA00559,9.40635,16/10/2019,11:00:00
UKA00559,8.56357,16/10/2019,12:00:00
UKA00559,7.00781,16/10/2019,13:00:00
UKA00559,10.44246,16/10/2019,14:00:00
UKA00559,10.18336,16/10/2019,15:00:00
UKA00559,12.05636,16/10/2019,16:00:00
UKA00559,18.27437,16/10/2019,17:00:00
UKA00559,43.47818,16/10/2019,18:00:00
UKA00559,57.22573,16/10/2019,19:00:00
UKA00559,55.482,16/10/2019,20:00:00
UKA00559,57.23304,16/10/2019,21:00:00
UKA00559,48.20934,16/10/2019,22:00:00
UKA00559,41.1787,16/10/2019,23:00:00
UKA00559,34.08816,16/10/2019,24:00:00
UKA00559,25.616,17/10/2019,01:00:00
UKA00559,24.92817,17/10/2019,02:00:00
UKA00559,20.83636,17/10/2019,03:00:00
UKA00559,19.92699,17/10/2019,04:00:00
UKA00559,22.52587,17/10/2019,05:00:00
UKA00559,31.10659,17/10/2019,06:00:00
UKA00559,34.75832,17/10/2019,07:00:00
UKA00559,45.69721,17/10/2019,08:00:00
UKA00559,33.53829,17/10/2019,09:00:00
UKA00559,19.30379,17/10/2019,10:00:00
UKA00559,13.19377,17/10/2019,11:00:00
UKA00559,12.86277,17/10/2019,12:00:00
UKA00559,13.18638,17/10/2019,13:00:00
UKA00559,14.74613,17/10/2019,14:00:00
UKA00559,16.82702,17/10/2019,15:00:00
UKA00559,22.86082,17/10/2019,16:00:00
UKA00559,22.07778,17/10/2019,17:00:00
UKA00559,24.41397,17/10/2019,18:00:00
UKA00559,24.86839,17/10/2019,19:00:00
UKA00559,30.97288,17/10/2019,20:00:00
UKA00559,27.98736,17/10/2019,21:00:00
UKA00559,15.9071,17/10/2019,22:00:00
UKA00559,15.25408,17/10/2019,23:00:00
UKA00559,11.16641,17/10/2019,24:00:00
UKA00559,9.18834,18/10/2019,01:00:00
UKA00559,8.23897,18/10/2019,02:00:00
UKA00559,7.02097,18/10/2019,03:00:00
UKA00559,7.08672,18/10/2019,04:00:00
UKA00559,8.58215,18/10/2019,05:00:00
UKA00559,13.00218,18/10/2019,06:00:00
UKA00559,18.20535,18/10/2019,07:00:00
UKA00559,25.36932,18/10/2019,08:00:00
UKA00559,22.24364,18/10/2019,09:00:00
UKA00559,17.55881,18/10/2019,10:00:00
UKA00559,13.13956,18/10/2019,11:00:00
UKA00559,12.68159,18/10/2019,12:00:00
UKA00559,12.15992,18/10/2019,13:00:00
UKA00559,13.26595,18/10/2019,14:00:00
UKA00559,16.58173,18/10/2019,15:00:00
UKA00559,20.22372,18/10/2019,16:00:00
UKA00559,22.7602,18/10/2019,17:00:00
UKA00559,21.32694,18/10/2019,18:00:00
UKA00559,17.16558,18/10/2019,19:00:00
UKA00559,14.1737,18/10/2019,20:00:00
UKA00559,12.48331,18/10/2019,21:00:00
UKA00559,11.31179,18/10/2019,22:00:00
UKA00559,10.66168,18/10/2019,23:00:00
UKA00559,9.75189,18/10/2019,24:00:00
UKA00559,9.63744,19/10/2019,01:00:00
UKA00559,9.11935,19/10/2019,02:00:00
UKA00559,8.92119,19/10/2019,03:00:00
UKA00559,8.33586,19/10/2019,04:00:00
UKA00559,8.92193,19/10/2019,05:00:00
UKA00559,10.15792,19/10/2019,06:00:00
UKA00559,12.89249,19/10/2019,07:00:00
UKA00559,16.60812,19/10/2019,08:00:00
UKA00559,15.31075,19/10/2019,09:00:00
UKA00559,12.12054,19/10/2019,10:00:00
UKA00559,12.37868,19/10/2019,11:00:00
UKA00559,11.01152,19/10/2019,12:00:00
UKA00559,11.07612,19/10/2019,13:00:00
UKA00559,10.35567,19/10/2019,14:00:00
UKA00559,14.13194,19/10/2019,15:00:00
UKA00559,15.36768,19/10/2019,16:00:00
UKA00559,25.91688,19/10/2019,17:00:00
UKA00559,31.25213,19/10/2019,18:00:00
UKA00559,34.51039,19/10/2019,19:00:00
UKA00559,36.98212,19/10/2019,20:00:00
UKA00559,34.76977,19/10/2019,21:00:00
UKA00559,40.84129,19/10/2019,22:00:00
UKA00559,33.59862,19/10/2019,23:00:00
UKA00559,25.9795,19/10/2019,24:00:00
UKA00559,26.86907,20/10/2019,01:00:00
UKA00559,27.39415,20/10/2019,02:00:00
UKA00559,19.89101,20/10/2019,03:00:00
UKA00559,19.88934,20/10/2019,04:00:00
UKA00559,18.65227,20/10/2019,05:00:00
UKA00559,19.89101,20/10/2019,06:00:00
UKA00559,24.52405,20/10/2019,07:00:00
UKA00559,28.24984,20/10/2019,08:00:00
UKA00559,26.64693,20/10/2019,09:00:00
UKA00559,21.75549,20/10/2019,10:00:00
UKA00559,12.66683,20/10/2019,11:00:00
UKA00559,14.23013,20/10/2019,12:00:00
UKA00559,18.8732,20/10/2019,13:00:00
UKA00559,18.21358,20/10/2019,14:00:00
UKA00559,18.72918,20/10/2019,15:00:00
UKA00559,20.68102,20/10/2019,16:00:00
UKA00559,27.85626,20/10/2019,17:00:00
UKA00559,37.18611,20/10/2019,18:00:00
UKA00559,29.2211,20/10/2019,19:00:00
UKA00559,20.48089,20/10/2019,20:00:00
UKA00559,19.10722,20/10/2019,21:00:00
UKA00559,15.00029,20/10/2019,22:00:00
UKA00559,12.6513,20/10/2019,23:00:00
UKA00559,12.58562,20/10/2019,24:00:00
UKA00559,11.40896,21/10/2019,01:00:00
UKA00559,10.19305,21/10/2019,02:00:00
UKA00559,11.0396,21/10/2019,03:00:00
UKA00559,11.16975,21/10/2019,04:00:00
UKA00559,13.06422,21/10/2019,05:00:00
UKA00559,15.80808,21/10/2019,06:00:00
UKA00559,20.97183,21/10/2019,07:00:00
UKA00559,27.70723,21/10/2019,08:00:00
UKA00559,26.40256,21/10/2019,09:00:00
UKA00559,19.87669,21/10/2019,10:00:00
UKA00559,16.93622,21/10/2019,11:00:00
UKA00559,15.04106,21/10/2019,12:00:00
UKA00559,14.5161,21/10/2019,13:00:00
UKA00559,22.55709,21/10/2019,14:00:00
UKA00559,24.51271,21/10/2019,15:00:00
UKA00559,24.70677,21/10/2019,16:00:00
UKA00559,42.88651,21/10/2019,17:00:00
UKA00559,50.33517,21/10/2019,18:00:00
UKA00559,45.75406,21/10/2019,19:00:00
UKA00559,45.29787,21/10/2019,20:00:00
UKA00559,47.66214,21/10/2019,21:00:00
UKA00559,49.92582,21/10/2019,22:00:00
UKA00559,48.62207,21/10/2019,23:00:00
UKA00559,37.36417,21/10/2019,24:00:00
UKA00559,27.74146,22/10/2019,01:00:00
UKA00559,28.09416,22/10/2019,02:00:00
UKA00559,23.16324,22/10/2019,03:00:00
UKA00559,22.0562,22/10/2019,04:00:00
UKA00559,25.59515,22/10/2019,05:00:00
UKA00559,28.33562,22/10/2019,06:00:00
UKA00559,34.17566,22/10/2019,07:00:00
UKA00559,38.06435,22/10/2019,08:00:00
UKA00559,28.55543,22/10/2019,09:00:00
UKA00559,27.00255,22/10/2019,10:00:00
UKA00559,21.87666,22/10/2019,11:00:00
UKA00559,16.43664,22/10/2019,12:00:00
UKA00559,16.10715,22/10/2019,13:00:00
UKA00559,12.04493,22/10/2019,14:00:00
UKA00559,12.69724,22/10/2019,15:00:00
UKA00559,17.40508,22/10/2019,16:00:00
UKA00559,33.56874,22/10/2019,17:00:00
UKA00559,43.39023,22/10/2019,18:00:00
UKA00559,46.19789,22/10/2019,19:00:00
UKA00559,41.87404,22/10/2019,20:00:00
UKA00559,44.6272,22/10/2019,21:00:00
UKA00559,46.91961,22/10/2019,22:00:00
UKA00559,41.16056,22/10/2019,23:00:00
UKA00559,38.49773,22/10/2019,24:00:00
UKA00559,33.48445,23/10/2019,01:00:00
UKA00559,29.45825,23/10/2019,02:00:00
UKA00559,23.39819,23/10/2019,03:00:00
UKA00559,18.67838,23/10/2019,04:00:00
UKA00559,23.00725,23/10/2019,05:00:00
UKA00559,30.04318,23/10/2019,06:00:00
UKA00559,38.54336,23/10/2019,07:00:00
UKA00559,36.9401,23/10/2019,08:00:00
UKA00559,39.97979,23/10/2019,09:00:00
UKA00559,34.58064,23/10/2019,10:00:00
UKA00559,29.90342,23/10/2019,11:00:00
UKA00559,23.7609,23/10/2019,12:00:00
UKA00559,22.50327,23/10/2019,13:00:00
UKA00559,22.69382,23/10/2019,14:00:00
UKA00559,22.95352,23/10/2019,15:00:00
UKA00559,29.90509,23/10/2019,16:00:00
UKA00559,38.75785,23/10/2019,17:00:00
UKA00559,48.49679,23/10/2019,18:00:00
UKA00559,46.36204,23/10/2019,19:00:00
UKA00559,45.9944,23/10/2019,20:00:00
UKA00559,41.19451,23/10/2019,21:00:00
UKA00559,27.39755,23/10/2019,22:00:00
UKA00559,23.85443,23/10/2019,23:00:00
UKA00559,23.52622,23/10/2019,24:00:00
UKA00559,19.42953,24/10/2019,01:00:00
UKA00559,15.319,24/10/2019,02:00:00
UKA00559,15.68934,24/10/2019,03:00:00
UKA00559,14.83566,24/10/2019,04:00:00
UKA00559,17.0688,24/10/2019,05:00:00
UKA00559,27.26295,24/10/2019,06:00:00
UKA00559,31.38938,24/10/2019,07:00:00
UKA00559,38.11722,24/10/2019,08:00:00
UKA00559,31.3968,24/10/2019,09:00:00
UKA00559,28.04689,24/10/2019,10:00:00
UKA00559,25.1522,24/10/2019,11:00:00
UKA00559,25.61607,24/10/2019,12:00:00
UKA00559,24.23579,24/10/2019,13:00:00
UKA00559,19.37662,24/10/2019,14:00:00
UKA00559,22.72323,24/10/2019,15:00:00
UKA00559,25.15817,24/10/2019,16:00:00
UKA00559,34.67862,24/10/2019,17:00:00
UKA00559,40.64756,24/10/2019,18:00:00
UKA00559,35.52014,24/10/2019,19:00:00
UKA00559,33.35716,24/10/2019,20:00:00
UKA00559,23.23954,24/10/2019,21:00:00
UKA00559,22.254,24/10/2019,22:00:00
UKA00559,18.24831,24/10/2019,23:00:00
UKA00559,14.44091,24/10/2019,24:00:00
UKA00559,13.14882,25/10/2019,01:00:00
UKA00559,12.79987,25/10/2019,02:00:00
UKA00559,11.6372,25/10/2019,03:00:00
UKA00559,12.03195,25/10/2019,04:00:00
UKA00559,12.75493,25/10/2019,05:00:00
UKA00559,15.0579,25/10/2019,06:00:00
UKA00559,22.29207,25/10/2019,07:00:00
UKA00559,28.34951,25/10/2019,08:00:00
UKA00559,23.94372,25/10/2019,09:00:00
UKA00559,21.25015,25/10/2019,10:00:00
UKA00559,20.26763,25/10/2019,11:00:00
UKA00559,19.87881,25/10/2019,12:00:00
UKA00559,19.8113,25/10/2019,13:00:00
UKA00559,15.32476,25/10/2019,14:00:00
UKA00559,14.0053,25/10/2019,15:00:00
UKA00559,13.08653,25/10/2019,16:00:00
UKA00559,12.75651,25/10/2019,17:00:00
UKA00559,11.70352,25/10/2019,18:00:00
UKA00559,10.58757,25/10/2019,19:00:00
UKA00559,9.66681,25/10/2019,20:00:00
UKA00559,9.53497,25/10/2019,21:00:00
UKA00559,8.15394,25/10/2019,22:00:00
UKA00559,16.50466,25/10/2019,23:00:00
UKA00559,33.99401,25/10/2019,24:00:00
UKA00559,25.02403,26/10/2019,01:00:00
UKA00559,28.18596,26/10/2019,02:00:00
UKA00559,22.78298,26/10/2019,03:00:00
UKA00559,24.03662,26/10/2019,04:00:00
UKA00559,21.92698,26/10/2019,05:00:00
UKA00559,17.31821,26/10/2019,06:00:00
UKA00559,27.59739,26/10/2019,07:00:00
UKA00559,25.88805,26/10/2019,08:00:00
UKA00559,25.96013,26/10/2019,09:00:00
UKA00559,28.72865,26/10/2019,10:00:00
UKA00559,28.26915,26/10/2019,11:00:00
UKA00559,30.70397,26/10/2019,12:00:00
UKA00559,27.34032,26/10/2019,13:00:00
UKA00559,24.89773,26/10/2019,14:00:00
UKA00559,28.84932,26/10/2019,15:00:00
UKA00559,38.66143,26/10/2019,16:00:00
UKA00559,37.99705,26/10/2019,17:00:00
UKA00559,43.79362,26/10/2019,18:00:00
UKA00559,49.58887,26/10/2019,19:00:00
UKA00559,38.52313,26/10/2019,20:00:00
UKA00559,30.55393,26/10/2019,21:00:00
UKA00559,27.19558,26/10/2019,22:00:00
UKA00559,19.29278,26/10/2019,23:00:00
UKA00559,15.41005,26/10/2019,24:00:00
UKA00559,11.2569,27/10/2019,01:00:00
UKA00559,12.84157,27/10/2019,02:00:00
UKA00559,10.15795,27/10/2019,03:00:00
UKA00559,7.65234,27/10/2019,04:00:00
UKA00559,8.31062,27/10/2019,05:00:00
UKA00559,9.23392,27/10/2019,06:00:00
UKA00559,11.27834,27/10/2019,07:00:00
UKA00559,14.90561,27/10/2019,08:00:00
UKA00559,15.30486,27/10/2019,09:00:00
UKA00559,14.84692,27/10/2019,10:00:00
UKA00559,14.25874,27/10/2019,11:00:00
UKA00559,14.19244,27/10/2019,12:00:00
UKA00559,13.33327,27/10/2019,13:00:00
UKA00559,13.66458,27/10/2019,14:00:00
UKA00559,12.86609,27/10/2019,15:00:00
UKA00559,14.97771,27/10/2019,16:00:00
UKA00559,26.3843,27/10/2019,17:00:00
UKA00559,40.69521,27/10/2019,18:00:00
UKA00559,44.45363,27/10/2019,19:00:00
UKA00559,45.83867,27/10/2019,20:00:00
UKA00559,61.07671,27/10/2019,21:00:00
UKA00559,57.1547,27/10/2019,22:00:00
UKA00559,57.47406,27/10/2019,23:00:00
UKA00559,53.18071,27/10/2019,24:00:00
UKA00559,48.38449,28/10/2019,01:00:00
UKA00559,46.45945,28/10/2019,02:00:00
UKA00559,41.44975,28/10/2019,03:00:00
UKA00559,37.01017,28/10/2019,04:00:00
UKA00559,35.69363,28/10/2019,05:00:00
UKA00559,32.74557,28/10/2019,06:00:00
UKA00559,42.2321,28/10/2019,07:00:00
UKA00559,49.00447,28/10/2019,08:00:00
UKA00559,46.60103,28/10/2019,09:00:00
UKA00559,43.06593,28/10/2019,10:00:00
UKA00559,32.09949,28/10/2019,11:00:00
UKA00559,26.79461,28/10/2019,12:00:00
UKA00559,24.14096,28/10/2019,13:00:00
UKA00559,29.74942,28/10/2019,14:00:00
UKA00559,26.10737,28/10/2019,15:00:00
UKA00559,31.52549,28/10/2019,16:00:00
UKA00559,40.05385,28/10/2019,17:00:00
UKA00559,49.29969,28/10/2019,18:00:00
UKA00559,45.53369,28/10/2019,19:00:00
UKA00559,50.15842,28/10/2019,20:00:00
UKA00559,39.9088,28/10/2019,21:00:00
UKA00559,35.08161,28/10/2019,22:00:00
UKA00559,25.23602,28/10/2019,23:00:00
UKA00559,27.80979,28/10/2019,24:00:00
UKA00559,27.96391,29/10/2019,01:00:00
UKA00559,28.14162,29/10/2019,02:00:00
UKA00559,31.02836,29/10/2019,03:00:00
UKA00559,32.41814,29/10/2019,04:00:00
UKA00559,26.66287,29/10/2019,05:00:00
UKA00559,29.97229,29/10/2019,06:00:00
UKA00559,40.63771,29/10/2019,07:00:00
UKA00559,41.37885,29/10/2019,08:00:00
UKA00559,38.1593,29/10/2019,09:00:00
UKA00559,34.59633,29/10/2019,10:00:00
UKA00559,26.69927,29/10/2019,11:00:00
UKA00559,17.94442,29/10/2019,12:00:00
UKA00559,17.80916,29/10/2019,13:00:00
UKA00559,20.78815,29/10/2019,14:00:00
UKA00559,20.25369,29/10/2019,15:00:00
UKA00559,22.17283,29/10/2019,16:00:00
UKA00559,37.39626,29/10/2019,17:00:00
UKA00559,47.25653,29/10/2019,18:00:00
UKA00559,39.31408,29/10/2019,19:00:00
UKA00559,34.81267,29/10/2019,20:00:00
UKA00559,36.07147,29/10/2019,21:00:00
UKA00559,32.42605,29/10/2019,22:00:00
UKA00559,28.12144,29/10/2019,23:00:00
UKA00559,25.93507,29/10/2019,24:00:00
UKA00559,22.88343,30/10/2019,01:00:00
UKA00559,14.84538,30/10/2019,02:00:00
UKA00559,15.10915,30/10/2019,03:00:00
UKA00559,19.814,30/10/2019,04:00:00
UKA00559,23.39252,30/10/2019,05:00:00
UKA00559,26.30788,30/10/2019,06:00:00
UKA00559,32.54237,30/10/2019,07:00:00
UKA00559,46.15754,30/10/2019,08:00:00
UKA00559,38.73954,30/10/2019,09:00:00
UKA00559,30.8454,30/10/2019,10:00:00
UKA00559,23.87852,30/10/2019,11:00:00
UKA00559,21.6868,30/10/2019,12:00:00
UKA00559,19.03678,30/10/2019,13:00:00
UKA00559,19.7601,30/10/2019,14:00:00
UKA00559,21.94666,30/10/2019,15:00:00
UKA00559,30.42958,30/10/2019,16:00:00
UKA00559,34.40594,30/10/2019,17:00:00
UKA00559,48.86662,30/10/2019,18:00:00
UKA00559,37.32208,30/10/2019,19:00:00
UKA00559,37.52569,30/10/2019,20:00:00
UKA00559,36.05886,30/10/2019,21:00:00
UKA00559,31.81701,30/10/2019,22:00:00
UKA00559,30.35628,30/10/2019,23:00:00
UKA00559,34.46015,30/10/2019,24:00:00
UKA00559,28.31924,31/10/2019,01:00:00
UKA00559,24.51458,31/10/2019,02:00:00
UKA00559,27.28117,31/10/2019,03:00:00
UKA00559,25.42234,31/10/2019,04:00:00
UKA00559,24.16046,31/10/2019,05:00:00
UKA00559,27.54839,31/10/2019,06:00:00
UKA00559,37.38971,31/10/2019,07:00:00
UKA00559,47.30214,31/10/2019,08:00:00
UKA00559,41.15596,31/10/2019,09:00:00
UKA00559,31.50054,31/10/2019,10:00:00
UKA00559,28.71222,31/10/2019,11:00:00
UKA00559,24.19009,31/10/2019,12:00:00
UKA00559,20.66352,31/10/2019,13:00:00
UKA00559,23.65388,31/10/2019,14:00:00
UKA00559,25.24223,31/10/2019,15:00:00
UKA00559,28.6263,31/10/2019,16:00:00
UKA00559,36.26884,31/10/2019,17:00:00
UKA00559,42.98086,31/10/2019,18:00:00
UKA00559,41.4442,31/10/2019,19:00:00
UKA00559,35.65931,31/10/2019,20:00:00
UKA00559,36.72522,31/10/2019,21:00:00
UKA00559,40.36599,31/10/2019,22:00:00
UKA00559,42.15683,31/10/2019,23:00:00
UKA00559,40.22972,31/10/2019,24:00:00
UKA00559,36.25583,01/11/2019,01:00:00
UKA00559,28.45547,01/11/2019,02:00:00
UKA00559,24.06657,01/11/2019,03:00:00
UKA00559,19.47944,01/11/2019,04:00:00
UKA00559,15.88971,01/11/2019,05:00:00
UKA00559,16.02418,01/11/2019,06:00:00
UKA00559,17.88747,01/11/2019,07:00:00
UKA00559,22.15053,01/11/2019,08:00:00
UKA00559,19.95295,01/11/2019,09:00:00
UKA00559,17.82268,01/11/2019,10:00:00
UKA00559,17.22365,01/11/2019,11:00:00
UKA00559,16.22582,01/11/2019,12:00:00
UKA00559,15.69395,01/11/2019,13:00:00
UKA00559,16.4921,01/11/2019,14:00:00
UKA00559,17.82016,01/11/2019,15:00:00
UKA00559,17.62119,01/11/2019,16:00:00
UKA00559,20.613,01/11/2019,17:00:00
UKA00559,24.86962,01/11/2019,18:00:00
UKA00559,24.93706,01/11/2019,19:00:00
UKA00559,21.54674,01/11/2019,20:00:00
UKA00559,14.76175,01/11/2019,21:00:00
UKA00559,11.76742,01/11/2019,22:00:00
UKA00559,10.70466,01/11/2019,23:00:00
UKA00559,8.97585,01/11/2019,24:00:00
UKA00559,8.43453,02/11/2019,01:00:00
UKA00559,8.17053,02/11/2019,02:00:00
UKA00559,7.59155,02/11/2019,03:00:00
UKA00559,7.19133,02/11/2019,04:00:00
UKA00559,7.12437,02/11/2019,05:00:00
UKA00559,7.52445,02/11/2019,06:00:00
UKA00559,8.19136,02/11/2019,07:00:00
UKA00559,10.98776,02/11/2019,08:00:00
UKA00559,12.3221,02/11/2019,09:00:00
UKA00559,12.25658,02/11/2019,10:00:00
UKA00559,14.25452,02/11/2019,11:00:00
UKA00559,16.78556,02/11/2019,12:00:00
UKA00559,13.91942,02/11/2019,13:00:00
UKA00559,14.0527,02/11/2019,14:00:00
UKA00559,13.25173,02/11/2019,15:00:00
UKA00559,16.58058,02/11/2019,16:00:00
UKA00559,17.91268,02/11/2019,17:00:00
UKA00559,21.37401,02/11/2019,18:00:00
UKA00559,20.24282,02/11/2019,19:00:00
UKA00559,17.04659,02/11/2019,20:00:00
UKA00559,16.84621,02/11/2019,21:00:00
UKA00559,14.31649,02/11/2019,22:00:00
UKA00559,12.85098,02/11/2019,23:00:00
UKA00559,12.45103,02/11/2019,24:00:00
UKA00559,10.58181,03/11/2019,01:00:00
UKA00559,10.22718,03/11/2019,02:00:00
UKA00559,9.07049,03/11/2019,03:00:00
UKA00559,9.13754,03/11/2019,04:00:00
UKA00559,10.2045,03/11/2019,05:00:00
UKA00559,11.33851,03/11/2019,06:00:00
UKA00559,11.13749,03/11/2019,07:00:00
UKA00559,13.67112,03/11/2019,08:00:00
UKA00559,18.07615,03/11/2019,09:00:00
UKA00559,17.41159,03/11/2019,10:00:00
UKA00559,16.08076,03/11/2019,11:00:00
UKA00559,16.81557,03/11/2019,12:00:00
UKA00559,17.14735,03/11/2019,13:00:00
UKA00559,16.27919,03/11/2019,14:00:00
UKA00559,19.07742,03/11/2019,15:00:00
UKA00559,20.54445,03/11/2019,16:00:00
UKA00559,28.0111,03/11/2019,17:00:00
UKA00559,31.41351,03/11/2019,18:00:00
UKA00559,33.08538,03/11/2019,19:00:00
UKA00559,34.88851,03/11/2019,20:00:00
UKA00559,27.948,03/11/2019,21:00:00
UKA00559,25.54478,03/11/2019,22:00:00
UKA00559,18.07257,03/11/2019,23:00:00
UKA00559,14.87205,03/11/2019,24:00:00
UKA00559,12.73535,04/11/2019,01:00:00
UKA00559,12.20246,04/11/2019,02:00:00
UKA00559,11.95674,04/11/2019,03:00:00
UKA00559,12.02433,04/11/2019,04:00:00
UKA00559,11.48972,04/11/2019,05:00:00
UKA00559,12.29112,04/11/2019,06:00:00
UKA00559,14.69474,04/11/2019,07:00:00
UKA00559,19.70568,04/11/2019,08:00:00
UKA00559,25.99631,04/11/2019,09:00:00
UKA00559,24.125,04/11/2019,10:00:00
UKA00559,17.77322,04/11/2019,11:00:00
UKA00559,17.51368,04/11/2019,12:00:00
UKA00559,20.2526,04/11/2019,13:00:00
UKA00559,21.12056,04/11/2019,14:00:00
UKA00559,30.88473,04/11/2019,15:00:00
UKA00559,31.2175,04/11/2019,16:00:00
UKA00559,41.70385,04/11/2019,17:00:00
UKA00559,48.93567,04/11/2019,18:00:00
UKA00559,49.3465,04/11/2019,19:00:00
UKA00559,45.59432,04/11/2019,20:00:00
UKA00559,47.65885,04/11/2019,21:00:00
UKA00559,46.37558,04/11/2019,22:00:00
UKA00559,43.62987,04/11/2019,23:00:00
UKA00559,36.20506,04/11/2019,24:00:00
UKA00559,27.65147,05/11/2019,01:00:00
UKA00559,25.95794,05/11/2019,02:00:00
UKA00559,17.26069,05/11/2019,03:00:00
UKA00559,15.98905,05/11/2019,04:00:00
UKA00559,30.18022,05/11/2019,05:00:00
UKA00559,33.25423,05/11/2019,06:00:00
UKA00559,35.9362,05/11/2019,07:00:00
UKA00559,40.4932,05/11/2019,08:00:00
UKA00559,40.30664,05/11/2019,09:00:00
UKA00559,39.45257,05/11/2019,10:00:00
UKA00559,33.27175,05/11/2019,11:00:00
UKA00559,21.28461,05/11/2019,12:00:00
UKA00559,18.20301,05/11/2019,13:00:00
UKA00559,18.26862,05/11/2019,14:00:00
UKA00559,18.40176,05/11/2019,15:00:00
UKA00559,19.87139,05/11/2019,16:00:00
UKA00559,28.10131,05/11/2019,17:00:00
UKA00559,30.71276,05/11/2019,18:00:00
UKA00559,28.3038,05/11/2019,19:00:00
UKA00559,29.24174,05/11/2019,20:00:00
UKA00559,24.22089,05/11/2019,21:00:00
UKA00559,25.2269,05/11/2019,22:00:00
UKA00559,38.88071,05/11/2019,23:00:00
UKA00559,45.49792,05/11/2019,24:00:00
UKA00559,50.4814,06/11/2019,01:00:00
UKA00559,42.8013,06/11/2019,02:00:00
UKA00559,36.05721,06/11/2019,03:00:00
UKA00559,31.82984,06/11/2019,04:00:00
UKA00559,30.42344,06/11/2019,05:00:00
UKA00559,31.9726,06/11/2019,06:00:00
UKA00559,33.94896,06/11/2019,07:00:00
UKA00559,39.21517,06/11/2019,08:00:00
UKA00559,42.88973,06/11/2019,09:00:00
UKA00559,38.36234,06/11/2019,10:00:00
UKA00559,24.53381,06/11/2019,11:00:00
UKA00559,19.23885,06/11/2019,12:00:00
UKA00559,22.38603,06/11/2019,13:00:00
UKA00559,25.53548,06/11/2019,14:00:00
UKA00559,28.89074,06/11/2019,15:00:00
UKA00559,32.04245,06/11/2019,16:00:00
UKA00559,33.98373,06/11/2019,17:00:00
UKA00559,37.33977,06/11/2019,18:00:00
UKA00559,30.96935,06/11/2019,19:00:00
UKA00559,30.63527,06/11/2019,20:00:00
UKA00559,33.58255,06/11/2019,21:00:00
UKA00559,28.95083,06/11/2019,22:00:00
UKA00559,25.33114,06/11/2019,23:00:00
UKA00559,20.97313,06/11/2019,24:00:00
UKA00559,21.29651,07/11/2019,01:00:00
UKA00559,23.53319,07/11/2019,02:00:00
UKA00559,20.19999,07/11/2019,03:00:00
UKA00559,20.60259,07/11/2019,04:00:00
UKA00559,22.07935,07/11/2019,05:00:00
UKA00559,22.5486,07/11/2019,06:00:00
UKA00559,26.70929,07/11/2019,07:00:00
UKA00559,31.60944,07/11/2019,08:00:00
UKA00559,38.79688,07/11/2019,09:00:00
UKA00559,27.05382,07/11/2019,10:00:00
UKA00559,16.91612,07/11/2019,11:00:00
UKA00559,15.03586,07/11/2019,12:00:00
UKA00559,13.35744,07/11/2019,13:00:00
UKA00559,15.16862,07/11/2019,14:00:00
UKA00559,21.47941,07/11/2019,15:00:00
UKA00559,40.07775,07/11/2019,16:00:00
UKA00559,35.83768,07/11/2019,17:00:00
UKA00559,51.3464,07/11/2019,18:00:00
UKA00559,54.31942,07/11/2019,19:00:00
UKA00559,52.69392,07/11/2019,20:00:00
UKA00559,40.40621,07/11/2019,21:00:00
UKA00559,34.83081,07/11/2019,22:00:00
UKA00559,30.5351,07/11/2019,23:00:00
UKA00559,33.4887,07/11/2019,24:00:00
UKA00559,42.75156,08/11/2019,01:00:00
UKA00559,20.97166,08/11/2019,02:00:00
UKA00559,14.11563,08/11/2019,03:00:00
UKA00559,13.30875,08/11/2019,04:00:00
UKA00559,10.28413,08/11/2019,05:00:00
UKA00559,10.55312,08/11/2019,06:00:00
UKA00559,20.29944,08/11/2019,07:00:00
UKA00559,34.08158,08/11/2019,08:00:00
UKA00559,34.69546,08/11/2019,09:00:00
UKA00559,25.08298,08/11/2019,10:00:00
UKA00559,32.41668,08/11/2019,11:00:00
UKA00559,30.66932,08/11/2019,12:00:00
UKA00559,25.15126,08/11/2019,13:00:00
UKA00559,24.47304,08/11/2019,14:00:00
UKA00559,35.83879,08/11/2019,15:00:00
UKA00559,39.26369,08/11/2019,16:00:00
UKA00559,42.6199,08/11/2019,17:00:00
UKA00559,35.96393,08/11/2019,18:00:00
UKA00559,37.91152,08/11/2019,19:00:00
UKA00559,48.53177,08/11/2019,20:00:00
UKA00559,53.0373,08/11/2019,21:00:00
UKA00559,51.96372,08/11/2019,22:00:00
UKA00559,55.20768,08/11/2019,23:00:00
UKA00559,53.45563,08/11/2019,24:00:00
UKA00559,47.95092,09/11/2019,01:00:00
UKA00559,38.71272,09/11/2019,02:00:00
UKA00559,34.62145,09/11/2019,03:00:00
UKA00559,27.82964,09/11/2019,04:00:00
UKA00559,27.14206,09/11/2019,05:00:00
UKA00559,22.8907,09/11/2019,06:00:00
UKA00559,28.62425,09/11/2019,07:00:00
UKA00559,31.25746,09/11/2019,08:00:00
UKA00559,29.64315,09/11/2019,09:00:00
UKA00559,26.27364,09/11/2019,10:00:00
UKA00559,29.63674,09/11/2019,11:00:00
UKA00559,35.56935,09/11/2019,12:00:00
UKA00559,31.31976,09/11/2019,13:00:00
UKA00559,28.95838,09/11/2019,14:00:00
UKA00559,27.54158,09/11/2019,15:00:00
UKA00559,31.44686,09/11/2019,16:00:00
UKA00559,40.39885,09/11/2019,17:00:00
UKA00559,41.20298,09/11/2019,18:00:00
UKA00559,31.97872,09/11/2019,19:00:00
UKA00559,29.89079,09/11/2019,20:00:00
UKA00559,21.40821,09/11/2019,21:00:00
UKA00559,15.34923,09/11/2019,22:00:00
UKA00559,12.38698,09/11/2019,23:00:00
UKA00559,13.86792,09/11/2019,24:00:00
UKA00559,14.2041,10/11/2019,01:00:00
UKA00559,16.1823,10/11/2019,02:00:00
UKA00559,15.1704,10/11/2019,03:00:00
UKA00559,12.60832,10/11/2019,04:00:00
UKA00559,9.9789,10/11/2019,05:00:00
UKA00559,10.04625,10/11/2019,06:00:00
UKA00559,10.85552,10/11/2019,07:00:00
UKA00559,12.54123,10/11/2019,08:00:00
UKA00559,16.79007,10/11/2019,09:00:00
UKA00559,20.97273,10/11/2019,10:00:00
UKA00559,15.2426,10/11/2019,11:00:00
UKA00559,16.05443,10/11/2019,12:00:00
UKA00559,18.1438,10/11/2019,13:00:00
UKA00559,17.94089,10/11/2019,14:00:00
UKA00559,21.98354,10/11/2019,15:00:00
UKA00559,31.83225,10/11/2019,16:00:00
UKA00559,48.6383,10/11/2019,17:00:00
UKA00559,52.96163,10/11/2019,18:00:00
UKA00559,39.92383,10/11/2019,19:00:00
UKA00559,45.65868,10/11/2019,20:00:00
UKA00559,37.09084,10/11/2019,21:00:00
UKA00559,25.89279,10/11/2019,22:00:00
UKA00559,21.64376,10/11/2019,23:00:00
UKA00559,20.29599,10/11/2019,24:00:00
UKA00559,18.27922,11/11/2019,01:00:00
UKA00559,12.60617,11/11/2019,02:00:00
UKA00559,11.81778,11/11/2019,03:00:00
UKA00559,10.53483,11/11/2019,04:00:00
UKA00559,8.7791,11/11/2019,05:00:00
UKA00559,9.72461,11/11/2019,06:00:00
UKA00559,13.77614,11/11/2019,07:00:00
UKA00559,18.97603,11/11/2019,08:00:00
UKA00559,24.24477,11/11/2019,09:00:00
UKA00559,18.70771,11/11/2019,10:00:00
UKA00559,13.30605,11/11/2019,11:00:00
UKA00559,12.29251,11/11/2019,12:00:00
UKA00559,12.96832,11/11/2019,13:00:00
UKA00559,11.75186,11/11/2019,14:00:00
UKA00559,11.21116,11/11/2019,15:00:00
UKA00559,13.84412,11/11/2019,16:00:00
UKA00559,15.87012,11/11/2019,17:00:00
UKA00559,18.70611,11/11/2019,18:00:00
UKA00559,18.77335,11/11/2019,19:00:00
UKA00559,16.88246,11/11/2019,20:00:00
UKA00559,14.38357,11/11/2019,21:00:00
UKA00559,14.45109,11/11/2019,22:00:00
UKA00559,13.97854,11/11/2019,23:00:00
UKA00559,11.14266,11/11/2019,24:00:00
UKA00559,9.64931,12/11/2019,01:00:00
UKA00559,7.93656,12/11/2019,02:00:00
UKA00559,6.89884,12/11/2019,03:00:00
UKA00559,7.10153,12/11/2019,04:00:00
UKA00559,6.89898,12/11/2019,05:00:00
UKA00559,9.33379,12/11/2019,06:00:00
UKA00559,12.03902,12/11/2019,07:00:00
UKA00559,17.112,12/11/2019,08:00:00
UKA00559,18.05965,12/11/2019,09:00:00
UKA00559,16.63879,12/11/2019,10:00:00
UKA00559,13.12192,12/11/2019,11:00:00
UKA00559,11.76899,12/11/2019,12:00:00
UKA00559,12.8512,12/11/2019,13:00:00
UKA00559,16.77484,12/11/2019,14:00:00
UKA00559,22.93088,12/11/2019,15:00:00
UKA00559,28.81552,12/11/2019,16:00:00
UKA00559,30.43877,12/11/2019,17:00:00
UKA00559,35.84971,12/11/2019,18:00:00
UKA00559,36.67106,12/11/2019,19:00:00
UKA00559,29.28941,12/11/2019,20:00:00
UKA00559,25.63645,12/11/2019,21:00:00
UKA00559,21.50826,12/11/2019,22:00:00
UKA00559,23.3345,12/11/2019,23:00:00
UKA00559,21.37241,12/11/2019,24:00:00
UKA00559,12.91571,13/11/2019,01:00:00
UKA00559,9.84559,13/11/2019,02:00:00
UKA00559,10.97403,13/11/2019,03:00:00
UKA00559,9.55123,13/11/2019,04:00:00
UKA00559,14.22541,13/11/2019,05:00:00
UKA00559,17.34135,13/11/2019,06:00:00
UKA00559,31.36827,13/11/2019,07:00:00
UKA00559,43.02161,13/11/2019,08:00:00
UKA00559,44.45492,13/11/2019,09:00:00
UKA00559,30.6921,13/11/2019,10:00:00
UKA00559,,13/11/2019,11:00:00
UKA00559,24.79755,13/11/2019,12:00:00
UKA00559,17.95267,13/11/2019,13:00:00
UKA00559,15.03924,13/11/2019,14:00:00
UKA00559,17.5461,13/11/2019,15:00:00
UKA00559,26.69332,13/11/2019,16:00:00
UKA00559,44.04004,13/11/2019,17:00:00
UKA00559,51.22412,13/11/2019,18:00:00
UKA00559,39.22844,13/11/2019,19:00:00
UKA00559,30.28573,13/11/2019,20:00:00
UKA00559,33.46655,13/11/2019,21:00:00
UKA00559,33.73582,13/11/2019,22:00:00
UKA00559,32.92227,13/11/2019,23:00:00
UKA00559,23.37022,13/11/2019,24:00:00
UKA00559,23.44553,14/11/2019,01:00:00
UKA00559,17.83359,14/11/2019,02:00:00
UKA00559,15.27604,14/11/2019,03:00:00
UKA00559,12.96759,14/11/2019,04:00:00
UKA00559,11.2023,14/11/2019,05:00:00
UKA00559,13.71441,14/11/2019,06:00:00
UKA00559,15.75153,14/11/2019,07:00:00
UKA00559,22.1335,14/11/2019,08:00:00
UKA00559,24.10391,14/11/2019,09:00:00
UKA00559,21.93107,14/11/2019,10:00:00
UKA00559,22.40594,14/11/2019,11:00:00
UKA00559,15.61716,14/11/2019,12:00:00
UKA00559,15.41299,14/11/2019,13:00:00
UKA00559,20.16538,14/11/2019,14:00:00
UKA00559,20.77654,14/11/2019,15:00:00
UKA00559,25.93917,14/11/2019,16:00:00
UKA00559,22.06628,14/11/2019,17:00:00
UKA00559,25.80059,14/11/2019,18:00:00
UKA00559,27.22667,14/11/2019,19:00:00
UKA00559,24.51073,14/11/2019,20:00:00
UKA00559,20.64099,14/11/2019,21:00:00
UKA00559,16.90606,14/11/2019,22:00:00
UKA00559,16.36257,14/11/2019,23:00:00
UKA00559,13.3748,14/11/2019,24:00:00
UKA00559,11.88564,15/11/2019,01:00:00
UKA00559,10.52562,15/11/2019,02:00:00
UKA00559,12.24866,15/11/2019,03:00:00
UKA00559,13.06506,15/11/2019,04:00:00
UKA00559,14.22152,15/11/2019,05:00:00
UKA00559,17.21589,15/11/2019,06:00:00
UKA00559,22.04769,15/11/2019,07:00:00
UKA00559,30.41954,15/11/2019,08:00:00
UKA00559,30.96707,15/11/2019,09:00:00
UKA00559,29.53875,15/11/2019,10:00:00
UKA00559,23.88941,15/11/2019,11:00:00
UKA00559,21.57592,15/11/2019,12:00:00
UKA00559,22.18763,15/11/2019,13:00:00
UKA00559,20.89403,15/11/2019,14:00:00
UKA00559,22.18699,15/11/2019,15:00:00
UKA00559,25.31716,15/11/2019,16:00:00
UKA00559,25.85897,15/11/2019,17:00:00
UKA00559,28.58212,15/11/2019,18:00:00
UKA00559,19.39473,15/11/2019,19:00:00
UKA00559,19.66674,15/11/2019,20:00:00
UKA00559,17.55702,15/11/2019,21:00:00
UKA00559,14.76626,15/11/2019,22:00:00
UKA00559,13.13367,15/11/2019,23:00:00
UKA00559,11.43162,15/11/2019,24:00:00
UKA00559,11.18479,16/11/2019,01:00:00
UKA00559,8.09426,16/11/2019,02:00:00
UKA00559,9.2075,16/11/2019,03:00:00
UKA00559,10.43495,16/11/2019,04:00:00
UKA00559,10.84392,16/11/2019,05:00:00
UKA00559,12.41276,16/11/2019,06:00:00
UKA00559,18.00568,16/11/2019,07:00:00
UKA00559,33.35885,16/11/2019,08:00:00
UKA00559,38.496,16/11/2019,09:00:00
UKA00559,42.34169,16/11/2019,10:00:00
UKA00559,29.27797,16/11/2019,11:00:00
UKA00559,22.24642,16/11/2019,12:00:00
UKA00559,22.03385,16/11/2019,13:00:00
UKA00559,20.25991,16/11/2019,14:00:00
UKA00559,20.53285,16/11/2019,15:00:00
UKA00559,23.5331,16/11/2019,16:00:00
UKA00559,28.91814,16/11/2019,17:00:00
UKA00559,28.5777,16/11/2019,18:00:00
UKA00559,29.05574,16/11/2019,19:00:00
UKA00559,32.94744,16/11/2019,20:00:00
UKA00559,36.71597,16/11/2019,21:00:00
UKA00559,33.57134,16/11/2019,22:00:00
UKA00559,31.79132,16/11/2019,23:00:00
UKA00559,23.94173,16/11/2019,24:00:00
UKA00559,22.69607,17/11/2019,01:00:00
UKA00559,20.96689,17/11/2019,02:00:00
UKA00559,19.82527,17/11/2019,03:00:00
UKA00559,19.82506,17/11/2019,04:00:00
UKA00559,19.68715,17/11/2019,05:00:00
UKA00559,21.60517,17/11/2019,06:00:00
UKA00559,20.85124,17/11/2019,07:00:00
UKA00559,19.27862,17/11/2019,08:00:00
UKA00559,24.06748,17/11/2019,09:00:00
UKA00559,26.13192,17/11/2019,10:00:00
UKA00559,26.95962,17/11/2019,11:00:00
UKA00559,24.7008,17/11/2019,12:00:00
UKA00559,26.82601,17/11/2019,13:00:00
UKA00559,29.42409,17/11/2019,14:00:00
UKA00559,19.48754,17/11/2019,15:00:00
UKA00559,18.87091,17/11/2019,16:00:00
UKA00559,20.02968,17/11/2019,17:00:00
UKA00559,19.7558,17/11/2019,18:00:00
UKA00559,19.00289,17/11/2019,19:00:00
UKA00559,17.70498,17/11/2019,20:00:00
UKA00559,16.20111,17/11/2019,21:00:00
UKA00559,16.61056,17/11/2019,22:00:00
UKA00559,17.97733,17/11/2019,23:00:00
UKA00559,17.84115,17/11/2019,24:00:00
UKA00559,19.9127,18/11/2019,01:00:00
UKA00559,23.84325,18/11/2019,02:00:00
UKA00559,30.14928,18/11/2019,03:00:00
UKA00559,28.98309,18/11/2019,04:00:00
UKA00559,25.69129,18/11/2019,05:00:00
UKA00559,34.80935,18/11/2019,06:00:00
UKA00559,40.02491,18/11/2019,07:00:00
UKA00559,48.22704,18/11/2019,08:00:00
UKA00559,49.38082,18/11/2019,09:00:00
UKA00559,44.42427,18/11/2019,10:00:00
UKA00559,43.3847,18/11/2019,11:00:00
UKA00559,39.32119,18/11/2019,12:00:00
UKA00559,32.51254,18/11/2019,13:00:00
UKA00559,27.84046,18/11/2019,14:00:00
UKA00559,29.06655,18/11/2019,15:00:00
UKA00559,37.97311,18/11/2019,16:00:00
UKA00559,59.43405,18/11/2019,17:00:00
UKA00559,61.48417,18/11/2019,18:00:00
UKA00559,62.0354,18/11/2019,19:00:00
UKA00559,60.08379,18/11/2019,20:00:00
UKA00559,58.80284,18/11/2019,21:00:00
UKA00559,51.92087,18/11/2019,22:00:00
UKA00559,49.64284,18/11/2019,23:00:00
UKA00559,42.54442,18/11/2019,24:00:00
UKA00559,39.44828,19/11/2019,01:00:00
UKA00559,36.96384,19/11/2019,02:00:00
UKA00559,29.47347,19/11/2019,03:00:00
UKA00559,27.89431,19/11/2019,04:00:00
UKA00559,26.66171,19/11/2019,05:00:00
UKA00559,25.853,19/11/2019,06:00:00
UKA00559,34.65615,19/11/2019,07:00:00
UKA00559,39.20287,19/11/2019,08:00:00
UKA00559,47.93775,19/11/2019,09:00:00
UKA00559,45.46767,19/11/2019,10:00:00
UKA00559,37.64254,19/11/2019,11:00:00
UKA00559,33.15231,19/11/2019,12:00:00
UKA00559,32.18098,19/11/2019,13:00:00
UKA00559,28.5272,19/11/2019,14:00:00
UKA00559,27.01175,19/11/2019,15:00:00
UKA00559,39.11321,19/11/2019,16:00:00
UKA00559,45.57249,19/11/2019,17:00:00
UKA00559,46.95264,19/11/2019,18:00:00
UKA00559,45.29471,19/11/2019,19:00:00
UKA00559,40.88446,19/11/2019,20:00:00
UKA00559,41.29621,19/11/2019,21:00:00
UKA00559,37.8513,19/11/2019,22:00:00
UKA00559,27.33167,19/11/2019,23:00:00
UKA00559,23.41435,19/11/2019,24:00:00
UKA00559,19.63565,20/11/2019,01:00:00
UKA00559,13.85666,20/11/2019,02:00:00
UKA00559,12.18174,20/11/2019,03:00:00
UKA00559,12.73214,20/11/2019,04:00:00
UKA00559,11.0114,20/11/2019,05:00:00
UKA00559,11.83863,20/11/2019,06:00:00
UKA00559,14.9373,20/11/2019,07:00:00
UKA00559,20.72452,20/11/2019,08:00:00
UKA00559,23.75795,20/11/2019,09:00:00
UKA00559,17.83611,20/11/2019,10:00:00
UKA00559,16.87366,20/11/2019,11:00:00
UKA00559,15.01487,20/11/2019,12:00:00
UKA00559,14.94473,20/11/2019,13:00:00
UKA00559,16.38685,20/11/2019,14:00:00
UKA00559,22.25179,20/11/2019,15:00:00
UKA00559,31.40262,20/11/2019,16:00:00
UKA00559,34.63814,20/11/2019,17:00:00
UKA00559,35.25392,20/11/2019,18:00:00
UKA00559,30.02186,20/11/2019,19:00:00
UKA00559,26.4407,20/11/2019,20:00:00
UKA00559,29.32717,20/11/2019,21:00:00
UKA00559,29.9431,20/11/2019,22:00:00
UKA00559,24.91432,20/11/2019,23:00:00
UKA00559,21.95236,20/11/2019,24:00:00
UKA00559,19.31136,21/11/2019,01:00:00
UKA00559,14.99146,21/11/2019,02:00:00
UKA00559,13.44924,21/11/2019,03:00:00
UKA00559,12.76005,21/11/2019,04:00:00
UKA00559,13.38144,21/11/2019,05:00:00
UKA00559,17.93325,21/11/2019,06:00:00
UKA00559,16.90439,21/11/2019,07:00:00
UKA00559,20.15465,21/11/2019,08:00:00
UKA00559,24.65786,21/11/2019,09:00:00
UKA00559,22.92191,21/11/2019,10:00:00
UKA00559,25.74796,21/11/2019,11:00:00
UKA00559,22.98922,21/11/2019,12:00:00
UKA00559,32.72277,21/11/2019,13:00:00
UKA00559,33.61225,21/11/2019,14:00:00
UKA00559,36.78306,21/11/2019,15:00:00
UKA00559,39.82335,21/11/2019,16:00:00
UKA00559,40.09259,21/11/2019,17:00:00
UKA00559,38.02748,21/11/2019,18:00:00
UKA00559,33.60799,21/11/2019,19:00:00
UKA00559,31.74432,21/11/2019,20:00:00
UKA00559,31.39841,21/11/2019,21:00:00
UKA00559,28.63147,21/11/2019,22:00:00
UKA00559,25.59496,21/11/2019,23:00:00
UKA00559,23.51984,21/11/2019,24:00:00
UKA00559,21.75336,22/11/2019,01:00:00
UKA00559,21.47622,22/11/2019,02:00:00
UKA00559,21.77531,22/11/2019,03:00:00
UKA00559,18.52563,22/11/2019,04:00:00
UKA00559,17.14373,22/11/2019,05:00:00
UKA00559,17.41996,22/11/2019,06:00:00
UKA00559,20.74145,22/11/2019,07:00:00
UKA00559,23.37476,22/11/2019,08:00:00
UKA00559,28.57103,22/11/2019,09:00:00
UKA00559,23.72836,22/11/2019,10:00:00
UKA00559,19.85225,22/11/2019,11:00:00
UKA00559,20.334,22/11/2019,12:00:00
UKA00559,25.03667,22/11/2019,13:00:00
UKA00559,26.21682,22/11/2019,14:00:00
UKA00559,26.42503,22/11/2019,15:00:00
UKA00559,31.76436,22/11/2019,16:00:00
UKA00559,31.05357,22/11/2019,17:00:00
UKA00559,29.53525,22/11/2019,18:00:00
UKA00559,25.03864,22/11/2019,19:00:00
UKA00559,23.23889,22/11/2019,20:00:00
UKA00559,21.37056,22/11/2019,21:00:00
UKA00559,17.9098,22/11/2019,22:00:00
UKA00559,16.11076,22/11/2019,23:00:00
UKA00559,15.55415,22/11/2019,24:00:00
UKA00559,16.72031,23/11/2019,01:00:00
UKA00559,13.58174,23/11/2019,02:00:00
UKA00559,13.57927,23/11/2019,03:00:00
UKA00559,15.93359,23/11/2019,04:00:00
UKA00559,17.04266,23/11/2019,05:00:00
UKA00559,17.59613,23/11/2019,06:00:00
UKA00559,20.09344,23/11/2019,07:00:00
UKA00559,24.73887,23/11/2019,08:00:00
UKA00559,28.83746,23/11/2019,09:00:00
UKA00559,26.28668,23/11/2019,10:00:00
UKA00559,25.59548,23/11/2019,11:00:00
UKA00559,26.64232,23/11/2019,12:00:00
UKA00559,25.31768,23/11/2019,13:00:00
UKA00559,25.45209,23/11/2019,14:00:00
UKA00559,27.38503,23/11/2019,15:00:00
UKA00559,27.79803,23/11/2019,16:00:00
UKA00559,30.49395,23/11/2019,17:00:00
UKA00559,33.89179,23/11/2019,18:00:00
UKA00559,31.11765,23/11/2019,19:00:00
UKA00559,28.89853,23/11/2019,20:00:00
UKA00559,29.59226,23/11/2019,21:00:00
UKA00559,35.69655,23/11/2019,22:00:00
UKA00559,37.99486,23/11/2019,23:00:00
UKA00559,36.94842,23/11/2019,24:00:00
UKA00559,27.0364,24/11/2019,01:00:00
UKA00559,17.87368,24/11/2019,02:00:00
UKA00559,15.20672,24/11/2019,03:00:00
UKA00559,17.49929,24/11/2019,04:00:00
UKA00559,23.75066,24/11/2019,05:00:00
UKA00559,23.4827,24/11/2019,06:00:00
UKA00559,24.6698,24/11/2019,07:00:00
UKA00559,26.91589,24/11/2019,08:00:00
UKA00559,26.57727,24/11/2019,09:00:00
UKA00559,24.20329,24/11/2019,10:00:00
UKA00559,22.18772,24/11/2019,11:00:00
UKA00559,21.91913,24/11/2019,12:00:00
UKA00559,22.41425,24/11/2019,13:00:00
UKA00559,23.31719,24/11/2019,14:00:00
UKA00559,27.77572,24/11/2019,15:00:00
UKA00559,29.31869,24/11/2019,16:00:00
UKA00559,30.27526,24/11/2019,17:00:00
UKA00559,30.68855,24/11/2019,18:00:00
UKA00559,28.15346,24/11/2019,19:00:00
UKA00559,24.53203,24/11/2019,20:00:00
UKA00559,22.23756,24/11/2019,21:00:00
UKA00559,17.64442,24/11/2019,22:00:00
UKA00559,14.58625,24/11/2019,23:00:00
UKA00559,11.11058,24/11/2019,24:00:00
UKA00559,8.72184,25/11/2019,01:00:00
UKA00559,6.22128,25/11/2019,02:00:00
UKA00559,5.56889,25/11/2019,03:00:00
UKA00559,5.2902,25/11/2019,04:00:00
UKA00559,5.98625,25/11/2019,05:00:00
UKA00559,7.65638,25/11/2019,06:00:00
UKA00559,11.06867,25/11/2019,07:00:00
UKA00559,14.55346,25/11/2019,08:00:00
UKA00559,19.43895,25/11/2019,09:00:00
UKA00559,19.43307,25/11/2019,10:00:00
UKA00559,17.83115,25/11/2019,11:00:00
UKA00559,17.82844,25/11/2019,12:00:00
UKA00559,16.98966,25/11/2019,13:00:00
UKA00559,17.68752,25/11/2019,14:00:00
UKA00559,20.47445,25/11/2019,15:00:00
UKA00559,28.28146,25/11/2019,16:00:00
UKA00559,33.50278,25/11/2019,17:00:00
UKA00559,29.24898,25/11/2019,18:00:00
UKA00559,25.90038,25/11/2019,19:00:00
UKA00559,21.37128,25/11/2019,20:00:00
UKA00559,16.42708,25/11/2019,21:00:00
UKA00559,13.91997,25/11/2019,22:00:00
UKA00559,12.87521,25/11/2019,23:00:00
UKA00559,11.3433,25/11/2019,24:00:00
UKA00559,8.0905,26/11/2019,01:00:00
UKA00559,5.12157,26/11/2019,02:00:00
UKA00559,4.67604,26/11/2019,03:00:00
UKA00559,5.79047,26/11/2019,04:00:00
UKA00559,6.07005,26/11/2019,05:00:00
UKA00559,7.60565,26/11/2019,06:00:00
UKA00559,11.37712,26/11/2019,07:00:00
UKA00559,14.86612,26/11/2019,08:00:00
UKA00559,18.57848,26/11/2019,09:00:00
UKA00559,14.10048,26/11/2019,10:00:00
UKA00559,13.2608,26/11/2019,11:00:00
UKA00559,13.2608,26/11/2019,12:00:00
UKA00559,14.79592,26/11/2019,13:00:00
UKA00559,13.0519,26/11/2019,14:00:00
UKA00559,13.53748,26/11/2019,15:00:00
UKA00559,18.07168,26/11/2019,16:00:00
UKA00559,16.53632,26/11/2019,17:00:00
UKA00559,22.95565,26/11/2019,18:00:00
UKA00559,25.05209,26/11/2019,19:00:00
UKA00559,20.17463,26/11/2019,20:00:00
UKA00559,23.19084,26/11/2019,21:00:00
UKA00559,16.61255,26/11/2019,22:00:00
UKA00559,11.44514,26/11/2019,23:00:00
UKA00559,12.13817,26/11/2019,24:00:00
UKA00559,12.39855,27/11/2019,01:00:00
UKA00559,8.0214,27/11/2019,02:00:00
UKA00559,7.20246,27/11/2019,03:00:00
UKA00559,11.53406,27/11/2019,04:00:00
UKA00559,10.97515,27/11/2019,05:00:00
UKA00559,13.35234,27/11/2019,06:00:00
UKA00559,16.64316,27/11/2019,07:00:00
UKA00559,34.68874,27/11/2019,08:00:00
UKA00559,53.31396,27/11/2019,09:00:00
UKA00559,47.51193,27/11/2019,10:00:00
UKA00559,33.09006,27/11/2019,11:00:00
UKA00559,19.86077,27/11/2019,12:00:00
UKA00559,30.7753,27/11/2019,13:00:00
UKA00559,35.73773,27/11/2019,14:00:00
UKA00559,28.52988,27/11/2019,15:00:00
UKA00559,41.94951,27/11/2019,16:00:00
UKA00559,50.47709,27/11/2019,17:00:00
UKA00559,46.91041,27/11/2019,18:00:00
UKA00559,44.33184,27/11/2019,19:00:00
UKA00559,36.6375,27/11/2019,20:00:00
UKA00559,26.49944,27/11/2019,21:00:00
UKA00559,17.96904,27/11/2019,22:00:00
UKA00559,15.72825,27/11/2019,23:00:00
UKA00559,13.35029,27/11/2019,24:00:00
UKA00559,10.74241,28/11/2019,01:00:00
UKA00559,5.42441,28/11/2019,02:00:00
UKA00559,4.97635,28/11/2019,03:00:00
UKA00559,5.25696,28/11/2019,04:00:00
UKA00559,4.97635,28/11/2019,05:00:00
UKA00559,6.37804,28/11/2019,06:00:00
UKA00559,10.02054,28/11/2019,07:00:00
UKA00559,20.03727,28/11/2019,08:00:00
UKA00559,27.88865,28/11/2019,09:00:00
UKA00559,32.94509,28/11/2019,10:00:00
UKA00559,34.50341,28/11/2019,11:00:00
UKA00559,34.67799,28/11/2019,12:00:00
UKA00559,32.04321,28/11/2019,13:00:00
UKA00559,25.27862,28/11/2019,14:00:00
UKA00559,26.05153,28/11/2019,15:00:00
UKA00559,28.75188,28/11/2019,16:00:00
UKA00559,26.01262,28/11/2019,17:00:00
UKA00559,21.93262,28/11/2019,18:00:00
UKA00559,22.00209,28/11/2019,19:00:00
UKA00559,24.52432,28/11/2019,20:00:00
UKA00559,20.60801,28/11/2019,21:00:00
UKA00559,28.44634,28/11/2019,22:00:00
UKA00559,34.67129,28/11/2019,23:00:00
UKA00559,33.4791,28/11/2019,24:00:00
UKA00559,38.3727,29/11/2019,01:00:00
UKA00559,34.07937,29/11/2019,02:00:00
UKA00559,42.33905,29/11/2019,03:00:00
UKA00559,35.60602,29/11/2019,04:00:00
UKA00559,28.57132,29/11/2019,05:00:00
UKA00559,51.76003,29/11/2019,06:00:00
UKA00559,55.9411,29/11/2019,07:00:00
UKA00559,60.59171,29/11/2019,08:00:00
UKA00559,65.92906,29/11/2019,09:00:00
UKA00559,68.17527,29/11/2019,10:00:00
UKA00559,54.40594,29/11/2019,11:00:00
UKA00559,50.21625,29/11/2019,12:00:00
UKA00559,24.40144,29/11/2019,13:00:00
UKA00559,26.8562,29/11/2019,14:00:00
UKA00559,37.39186,29/11/2019,15:00:00
UKA00559,51.20213,29/11/2019,16:00:00
UKA00559,65.89978,29/11/2019,17:00:00
UKA00559,73.11513,29/11/2019,18:00:00
UKA00559,69.0423,29/11/2019,19:00:00
UKA00559,65.84498,29/11/2019,20:00:00
UKA00559,73.2747,29/11/2019,21:00:00
UKA00559,72.06602,29/11/2019,22:00:00
UKA00559,64.90711,29/11/2019,23:00:00
UKA00559,54.67783,29/11/2019,24:00:00
UKA00559,53.89228,30/11/2019,01:00:00
UKA00559,43.3812,30/11/2019,02:00:00
UKA00559,48.31432,30/11/2019,03:00:00
UKA00559,44.7643,30/11/2019,04:00:00
UKA00559,43.39891,30/11/2019,05:00:00
UKA00559,39.49825,30/11/2019,06:00:00
UKA00559,40.04381,30/11/2019,07:00:00
UKA00559,41.99023,30/11/2019,08:00:00
UKA00559,45.9869,30/11/2019,09:00:00
UKA00559,40.86539,30/11/2019,10:00:00
UKA00559,40.52045,30/11/2019,11:00:00
UKA00559,37.06291,30/11/2019,12:00:00
UKA00559,35.08939,30/11/2019,13:00:00
UKA00559,35.90628,30/11/2019,14:00:00
UKA00559,37.07538,30/11/2019,15:00:00
UKA00559,35.55987,30/11/2019,16:00:00
UKA00559,53.80018,30/11/2019,17:00:00
UKA00559,55.94009,30/11/2019,18:00:00
UKA00559,51.65602,30/11/2019,19:00:00
UKA00559,46.89818,30/11/2019,20:00:00
UKA00559,43.57947,30/11/2019,21:00:00
UKA00559,40.89911,30/11/2019,22:00:00
UKA00559,44.08535,30/11/2019,23:00:00
UKA00559,38.70432,30/11/2019,24:00:00
UKA00559,36.57572,01/12/2019,01:00:00
UKA00559,33.09778,01/12/2019,02:00:00
UKA00559,33.20802,01/12/2019,03:00:00
UKA00559,29.61263,01/12/2019,04:00:00
UKA00559,25.17061,01/12/2019,05:00:00
UKA00559,26.508,01/12/2019,06:00:00
UKA00559,26.36992,01/12/2019,07:00:00
UKA00559,22.91707,01/12/2019,08:00:00
UKA00559,21.58795,01/12/2019,09:00:00
UKA00559,20.75151,01/12/2019,10:00:00
UKA00559,18.36466,01/12/2019,11:00:00
UKA00559,16.24983,01/12/2019,12:00:00
UKA00559,15.39366,01/12/2019,13:00:00
UKA00559,16.09425,01/12/2019,14:00:00
UKA00559,21.44637,01/12/2019,15:00:00
UKA00559,29.13906,01/12/2019,16:00:00
UKA00559,53.65205,01/12/2019,17:00:00
UKA00559,58.8976,01/12/2019,18:00:00
UKA00559,60.16389,01/12/2019,19:00:00
UKA00559,64.37941,01/12/2019,20:00:00
UKA00559,64.19962,01/12/2019,21:00:00
UKA00559,62.17991,01/12/2019,22:00:00
UKA00559,61.67418,01/12/2019,23:00:00
UKA00559,56.6673,01/12/2019,24:00:00
UKA00559,52.41186,02/12/2019,01:00:00
UKA00559,50.91231,02/12/2019,02:00:00
UKA00559,46.93272,02/12/2019,03:00:00
UKA00559,38.79449,02/12/2019,04:00:00
UKA00559,31.09036,02/12/2019,05:00:00
UKA00559,30.87882,02/12/2019,06:00:00
UKA00559,40.14671,02/12/2019,07:00:00
UKA00559,60.43771,02/12/2019,08:00:00
UKA00559,64.91712,02/12/2019,09:00:00
UKA00559,61.51357,02/12/2019,10:00:00
UKA00559,54.40247,02/12/2019,11:00:00
UKA00559,40.42968,02/12/2019,12:00:00
UKA00559,42.82826,02/12/2019,13:00:00
UKA00559,46.37519,02/12/2019,14:00:00
UKA00559,43.08473,02/12/2019,15:00:00
UKA00559,52.4912,02/12/2019,16:00:00
UKA00559,64.22088,02/12/2019,17:00:00
UKA00559,63.40142,02/12/2019,18:00:00
UKA00559,58.66975,02/12/2019,19:00:00
UKA00559,59.20969,02/12/2019,20:00:00
UKA00559,59.12538,02/12/2019,21:00:00
UKA00559,57.68739,02/12/2019,22:00:00
UKA00559,51.97993,02/12/2019,23:00:00
UKA00559,36.19572,02/12/2019,24:00:00
UKA00559,23.13635,03/12/2019,01:00:00
UKA00559,18.79489,03/12/2019,02:00:00
UKA00559,17.91708,03/12/2019,03:00:00
UKA00559,15.93672,03/12/2019,04:00:00
UKA00559,14.66238,03/12/2019,05:00:00
UKA00559,23.94676,03/12/2019,06:00:00
UKA00559,32.17087,03/12/2019,07:00:00
UKA00559,42.41375,03/12/2019,08:00:00
UKA00559,46.68352,03/12/2019,09:00:00
UKA00559,41.02649,03/12/2019,10:00:00
UKA00559,28.66274,03/12/2019,11:00:00
UKA00559,19.92992,03/12/2019,12:00:00
UKA00559,17.93629,03/12/2019,13:00:00
UKA00559,21.48108,03/12/2019,14:00:00
UKA00559,23.64804,03/12/2019,15:00:00
UKA00559,32.31487,03/12/2019,16:00:00
UKA00559,40.39149,03/12/2019,17:00:00
UKA00559,50.67592,03/12/2019,18:00:00
UKA00559,53.05371,03/12/2019,19:00:00
UKA00559,54.26495,03/12/2019,20:00:00
UKA00559,51.80406,03/12/2019,21:00:00
UKA00559,51.52619,03/12/2019,22:00:00
UKA00559,49.22955,03/12/2019,23:00:00
UKA00559,40.43712,03/12/2019,24:00:00
UKA00559,34.17025,04/12/2019,01:00:00
UKA00559,18.26995,04/12/2019,02:00:00
UKA00559,18.45362,04/12/2019,03:00:00
UKA00559,15.96855,04/12/2019,04:00:00
UKA00559,19.16766,04/12/2019,05:00:00
UKA00559,26.15482,04/12/2019,06:00:00
UKA00559,34.98662,04/12/2019,07:00:00
UKA00559,40.74654,04/12/2019,08:00:00
UKA00559,56.06177,04/12/2019,09:00:00
UKA00559,51.7349,04/12/2019,10:00:00
UKA00559,39.65851,04/12/2019,11:00:00
UKA00559,29.37507,04/12/2019,12:00:00
UKA00559,26.0868,04/12/2019,13:00:00
UKA00559,21.81282,04/12/2019,14:00:00
UKA00559,26.42322,04/12/2019,15:00:00
UKA00559,31.37587,04/12/2019,16:00:00
UKA00559,47.06544,04/12/2019,17:00:00
UKA00559,51.41473,04/12/2019,18:00:00
UKA00559,53.58672,04/12/2019,19:00:00
UKA00559,55.80465,04/12/2019,20:00:00
UKA00559,45.47636,04/12/2019,21:00:00
UKA00559,39.26724,04/12/2019,22:00:00
UKA00559,40.6189,04/12/2019,23:00:00
UKA00559,36.84799,04/12/2019,24:00:00
UKA00559,27.78886,05/12/2019,01:00:00
UKA00559,25.98509,05/12/2019,02:00:00
UKA00559,25.17456,05/12/2019,03:00:00
UKA00559,27.87907,05/12/2019,04:00:00
UKA00559,23.89966,05/12/2019,05:00:00
UKA00559,25.75157,05/12/2019,06:00:00
UKA00559,31.23737,05/12/2019,07:00:00
UKA00559,40.61439,05/12/2019,08:00:00
UKA00559,41.43618,05/12/2019,09:00:00
UKA00559,33.56898,05/12/2019,10:00:00
UKA00559,21.863,05/12/2019,11:00:00
UKA00559,18.01207,05/12/2019,12:00:00
UKA00559,20.21939,05/12/2019,13:00:00
UKA00559,24.20147,05/12/2019,14:00:00
UKA00559,19.49528,05/12/2019,15:00:00
UKA00559,16.36466,05/12/2019,16:00:00
UKA00559,16.86223,05/12/2019,17:00:00
UKA00559,15.08178,05/12/2019,18:00:00
UKA00559,12.87636,05/12/2019,19:00:00
UKA00559,11.31181,05/12/2019,20:00:00
UKA00559,9.74688,05/12/2019,21:00:00
UKA00559,9.46217,05/12/2019,22:00:00
UKA00559,7.54032,05/12/2019,23:00:00
UKA00559,5.62112,05/12/2019,24:00:00
UKA00559,5.03857,06/12/2019,01:00:00
UKA00559,4.85494,06/12/2019,02:00:00
UKA00559,4.70734,06/12/2019,03:00:00
UKA00559,4.63689,06/12/2019,04:00:00
UKA00559,4.28112,06/12/2019,05:00:00
UKA00559,4.63571,06/12/2019,06:00:00
UKA00559,6.84711,06/12/2019,07:00:00
UKA00559,10.62485,06/12/2019,08:00:00
UKA00559,14.75955,06/12/2019,09:00:00
UKA00559,15.68519,06/12/2019,10:00:00
UKA00559,13.97361,06/12/2019,11:00:00
UKA00559,8.5571,06/12/2019,12:00:00
UKA00559,9.91647,06/12/2019,13:00:00
UKA00559,10.4812,06/12/2019,14:00:00
UKA00559,9.34067,06/12/2019,15:00:00
UKA00559,10.69766,06/12/2019,16:00:00
UKA00559,11.19709,06/12/2019,17:00:00
UKA00559,16.18343,06/12/2019,18:00:00
UKA00559,13.26128,06/12/2019,19:00:00
UKA00559,11.83542,06/12/2019,20:00:00
UKA00559,13.54344,06/12/2019,21:00:00
UKA00559,12.54459,06/12/2019,22:00:00
UKA00559,10.33754,06/12/2019,23:00:00
UKA00559,7.12967,06/12/2019,24:00:00
UKA00559,6.38149,07/12/2019,01:00:00
UKA00559,3.53319,07/12/2019,02:00:00
UKA00559,2.86158,07/12/2019,03:00:00
UKA00559,2.43245,07/12/2019,04:00:00
UKA00559,2.78938,07/12/2019,05:00:00
UKA00559,3.57503,07/12/2019,06:00:00
UKA00559,5.93034,07/12/2019,07:00:00
UKA00559,7.57262,07/12/2019,08:00:00
UKA00559,10.85881,07/12/2019,09:00:00
UKA00559,10.65123,07/12/2019,10:00:00
UKA00559,7.51027,07/12/2019,11:00:00
UKA00559,6.43579,07/12/2019,12:00:00
UKA00559,6.71969,07/12/2019,13:00:00
UKA00559,9.1509,07/12/2019,14:00:00
UKA00559,6.29261,07/12/2019,15:00:00
UKA00559,12.86213,07/12/2019,16:00:00
UKA00559,15.43735,07/12/2019,17:00:00
UKA00559,13.64983,07/12/2019,18:00:00
UKA00559,9.93614,07/12/2019,19:00:00
UKA00559,7.86268,07/12/2019,20:00:00
UKA00559,6.14573,07/12/2019,21:00:00
UKA00559,5.21895,07/12/2019,22:00:00
UKA00559,4.36397,07/12/2019,23:00:00
UKA00559,3.36128,07/12/2019,24:00:00
UKA00559,2.96087,08/12/2019,01:00:00
UKA00559,1.82308,08/12/2019,02:00:00
UKA00559,2.29475,08/12/2019,03:00:00
UKA00559,2.07843,08/12/2019,04:00:00
UKA00559,0.57827,08/12/2019,05:00:00
UKA00559,0.71879,08/12/2019,06:00:00
UKA00559,1.36262,08/12/2019,07:00:00
UKA00559,1.86467,08/12/2019,08:00:00
UKA00559,3.1532,08/12/2019,09:00:00
UKA00559,2.86875,08/12/2019,10:00:00
UKA00559,3.51259,08/12/2019,11:00:00
UKA00559,3.51216,08/12/2019,12:00:00
UKA00559,4.15813,08/12/2019,13:00:00
UKA00559,3.58583,08/12/2019,14:00:00
UKA00559,4.29865,08/12/2019,15:00:00
UKA00559,5.01616,08/12/2019,16:00:00
UKA00559,7.87681,08/12/2019,17:00:00
UKA00559,7.23127,08/12/2019,18:00:00
UKA00559,7.87638,08/12/2019,19:00:00
UKA00559,7.6622,08/12/2019,20:00:00
UKA00559,6.3758,08/12/2019,21:00:00
UKA00559,5.4441,08/12/2019,22:00:00
UKA00559,3.79959,08/12/2019,23:00:00
UKA00559,3.43892,08/12/2019,24:00:00
UKA00559,3.25523,09/12/2019,01:00:00
UKA00559,2.11114,09/12/2019,02:00:00
UKA00559,1.36475,09/12/2019,03:00:00
UKA00559,2.29893,09/12/2019,04:00:00
UKA00559,4.16507,09/12/2019,05:00:00
UKA00559,5.38335,09/12/2019,06:00:00
UKA00559,8.60895,09/12/2019,07:00:00
UKA00559,11.34066,09/12/2019,08:00:00
UKA00559,17.65863,09/12/2019,09:00:00
UKA00559,17.59269,09/12/2019,10:00:00
UKA00559,13.94888,09/12/2019,11:00:00
UKA00559,13.15367,09/12/2019,12:00:00
UKA00559,10.92819,09/12/2019,13:00:00
UKA00559,14.73614,09/12/2019,14:00:00
UKA00559,21.05941,09/12/2019,15:00:00
UKA00559,25.28203,09/12/2019,16:00:00
UKA00559,47.5531,09/12/2019,17:00:00
UKA00559,59.83235,09/12/2019,18:00:00
UKA00559,59.24236,09/12/2019,19:00:00
UKA00559,57.90513,09/12/2019,20:00:00
UKA00559,46.5331,09/12/2019,21:00:00
UKA00559,39.75761,09/12/2019,22:00:00
UKA00559,35.10794,09/12/2019,23:00:00
UKA00559,21.8817,09/12/2019,24:00:00
UKA00559,22.62511,10/12/2019,01:00:00
UKA00559,16.58735,10/12/2019,02:00:00
UKA00559,14.66624,10/12/2019,03:00:00
UKA00559,8.41463,10/12/2019,04:00:00
UKA00559,3.88677,10/12/2019,05:00:00
UKA00559,5.25542,10/12/2019,06:00:00
UKA00559,7.26928,10/12/2019,07:00:00
UKA00559,9.64326,10/12/2019,08:00:00
UKA00559,10.439,10/12/2019,09:00:00
UKA00559,8.49287,10/12/2019,10:00:00
UKA00559,7.41433,10/12/2019,11:00:00
UKA00559,6.0498,10/12/2019,12:00:00
UKA00559,6.69226,10/12/2019,13:00:00
UKA00559,6.83777,10/12/2019,14:00:00
UKA00559,6.76821,10/12/2019,15:00:00
UKA00559,7.27019,10/12/2019,16:00:00
UKA00559,8.20322,10/12/2019,17:00:00
UKA00559,8.05862,10/12/2019,18:00:00
UKA00559,6.4749,10/12/2019,19:00:00
UKA00559,6.11478,10/12/2019,20:00:00
UKA00559,4.03,10/12/2019,21:00:00
UKA00559,5.7542,10/12/2019,22:00:00
UKA00559,4.46105,10/12/2019,23:00:00
UKA00559,4.24415,10/12/2019,24:00:00
UKA00559,2.6947,11/12/2019,01:00:00
UKA00559,1.44933,11/12/2019,02:00:00
UKA00559,3.60584,11/12/2019,03:00:00
UKA00559,2.74333,11/12/2019,04:00:00
UKA00559,5.19159,11/12/2019,05:00:00
UKA00559,8.57672,11/12/2019,06:00:00
UKA00559,14.69904,11/12/2019,07:00:00
UKA00559,21.98082,11/12/2019,08:00:00
UKA00559,25.44787,11/12/2019,09:00:00
UKA00559,22.71493,11/12/2019,10:00:00
UKA00559,15.68006,11/12/2019,11:00:00
UKA00559,16.25098,11/12/2019,12:00:00
UKA00559,16.72668,11/12/2019,13:00:00
UKA00559,17.7294,11/12/2019,14:00:00
UKA00559,15.05759,11/12/2019,15:00:00
UKA00559,23.99334,11/12/2019,16:00:00
UKA00559,33.497,11/12/2019,17:00:00
UKA00559,38.11454,11/12/2019,18:00:00
UKA00559,33.42832,11/12/2019,19:00:00
UKA00559,33.21281,11/12/2019,20:00:00
UKA00559,28.16804,11/12/2019,21:00:00
UKA00559,19.16408,11/12/2019,22:00:00
UKA00559,15.85141,11/12/2019,23:00:00
UKA00559,14.70187,11/12/2019,24:00:00
UKA00559,12.79938,12/12/2019,01:00:00
UKA00559,8.09278,12/12/2019,02:00:00
UKA00559,7.21955,12/12/2019,03:00:00
UKA00559,9.60085,12/12/2019,04:00:00
UKA00559,8.95177,12/12/2019,05:00:00
UKA00559,8.95485,12/12/2019,06:00:00
UKA00559,13.36081,12/12/2019,07:00:00
UKA00559,17.76986,12/12/2019,08:00:00
UKA00559,18.28703,12/12/2019,09:00:00
UKA00559,14.59479,12/12/2019,10:00:00
UKA00559,17.99062,12/12/2019,11:00:00
UKA00559,19.36444,12/12/2019,12:00:00
UKA00559,18.78395,12/12/2019,13:00:00
UKA00559,18.20699,12/12/2019,14:00:00
UKA00559,22.17274,12/12/2019,15:00:00
UKA00559,16.4642,12/12/2019,16:00:00
UKA00559,19.55747,12/12/2019,17:00:00
UKA00559,21.65029,12/12/2019,18:00:00
UKA00559,22.94802,12/12/2019,19:00:00
UKA00559,26.98986,12/12/2019,20:00:00
UKA00559,15.80455,12/12/2019,21:00:00
UKA00559,15.30103,12/12/2019,22:00:00
UKA00559,17.75445,12/12/2019,23:00:00
UKA00559,13.28121,12/12/2019,24:00:00
UKA00559,4.43498,13/12/2019,01:00:00
UKA00559,4.05619,13/12/2019,02:00:00
UKA00559,3.54747,13/12/2019,03:00:00
UKA00559,2.82336,13/12/2019,04:00:00
UKA00559,4.33933,13/12/2019,05:00:00
UKA00559,4.33974,13/12/2019,06:00:00
UKA00559,6.00266,13/12/2019,07:00:00
UKA00559,8.89419,13/12/2019,08:00:00
UKA00559,11.86123,13/12/2019,09:00:00
UKA00559,9.83952,13/12/2019,10:00:00
UKA00559,7.23821,13/12/2019,11:00:00
UKA00559,7.09494,13/12/2019,12:00:00
UKA00559,5.64917,13/12/2019,13:00:00
UKA00559,5.57488,13/12/2019,14:00:00
UKA00559,6.43981,13/12/2019,15:00:00
UKA00559,8.46315,13/12/2019,16:00:00
UKA00559,11.71225,13/12/2019,17:00:00
UKA00559,12.43717,13/12/2019,18:00:00
UKA00559,9.76238,13/12/2019,19:00:00
UKA00559,11.35101,13/12/2019,20:00:00
UKA00559,12.65106,13/12/2019,21:00:00
UKA00559,10.91712,13/12/2019,22:00:00
UKA00559,9.10808,13/12/2019,23:00:00
UKA00559,7.66394,13/12/2019,24:00:00
UKA00559,5.21345,14/12/2019,01:00:00
UKA00559,2.90248,14/12/2019,02:00:00
UKA00559,2.10411,14/12/2019,03:00:00
UKA00559,1.16174,14/12/2019,04:00:00
UKA00559,1.52474,14/12/2019,05:00:00
UKA00559,2.02986,14/12/2019,06:00:00
UKA00559,3.18785,14/12/2019,07:00:00
UKA00559,5.50533,14/12/2019,08:00:00
UKA00559,5.86795,14/12/2019,09:00:00
UKA00559,6.37607,14/12/2019,10:00:00
UKA00559,8.91255,14/12/2019,11:00:00
UKA00559,6.37907,14/12/2019,12:00:00
UKA00559,4.85921,14/12/2019,13:00:00
UKA00559,5.36396,14/12/2019,14:00:00
UKA00559,6.52044,14/12/2019,15:00:00
UKA00559,13.18075,14/12/2019,16:00:00
UKA00559,15.20723,14/12/2019,17:00:00
UKA00559,14.84949,14/12/2019,18:00:00
UKA00559,22.53017,14/12/2019,19:00:00
UKA00559,21.29906,14/12/2019,20:00:00
UKA00559,12.38989,14/12/2019,21:00:00
UKA00559,10.43015,14/12/2019,22:00:00
UKA00559,13.17775,14/12/2019,23:00:00
UKA00559,6.08582,14/12/2019,24:00:00
UKA00559,5.12753,15/12/2019,01:00:00
UKA00559,2.03781,15/12/2019,02:00:00
UKA00559,1.30811,15/12/2019,03:00:00
UKA00559,0.80163,15/12/2019,04:00:00
UKA00559,1.16276,15/12/2019,05:00:00
UKA00559,1.45174,15/12/2019,06:00:00
UKA00559,2.25131,15/12/2019,07:00:00
UKA00559,4.28237,15/12/2019,08:00:00
UKA00559,5.87876,15/12/2019,09:00:00
UKA00559,7.91085,15/12/2019,10:00:00
UKA00559,7.25868,15/12/2019,11:00:00
UKA00559,6.97005,15/12/2019,12:00:00
UKA00559,7.62394,15/12/2019,13:00:00
UKA00559,7.90948,15/12/2019,14:00:00
UKA00559,11.39536,15/12/2019,15:00:00
UKA00559,12.84367,15/12/2019,16:00:00
UKA00559,12.40832,15/12/2019,17:00:00
UKA00559,15.45336,15/12/2019,18:00:00
UKA00559,14.8012,15/12/2019,19:00:00
UKA00559,7.61913,15/12/2019,20:00:00
UKA00559,8.4912,15/12/2019,21:00:00
UKA00559,9.65053,15/12/2019,22:00:00
UKA00559,9.06949,15/12/2019,23:00:00
UKA00559,7.61776,15/12/2019,24:00:00
UKA00559,4.45741,16/12/2019,01:00:00
UKA00559,2.62165,16/12/2019,02:00:00
UKA00559,2.40169,16/12/2019,03:00:00
UKA00559,2.90853,16/12/2019,04:00:00
UKA00559,3.41786,16/12/2019,05:00:00
UKA00559,5.08675,16/12/2019,06:00:00
UKA00559,8.57506,16/12/2019,07:00:00
UKA00559,17.73176,16/12/2019,08:00:00
UKA00559,24.12954,16/12/2019,09:00:00
UKA00559,26.02221,16/12/2019,10:00:00
UKA00559,26.60976,16/12/2019,11:00:00
UKA00559,23.92564,16/12/2019,12:00:00
UKA00559,28.14365,16/12/2019,13:00:00
UKA00559,28.57382,16/12/2019,14:00:00
UKA00559,30.97085,16/12/2019,15:00:00
UKA00559,58.20783,16/12/2019,16:00:00
UKA00559,61.16413,16/12/2019,17:00:00
UKA00559,65.57793,16/12/2019,18:00:00
UKA00559,66.50484,16/12/2019,19:00:00
UKA00559,65.15508,16/12/2019,20:00:00
UKA00559,63.4882,16/12/2019,21:00:00
UKA00559,61.56378,16/12/2019,22:00:00
UKA00559,52.49782,16/12/2019,23:00:00
UKA00559,50.99896,16/12/2019,24:00:00
UKA00559,46.69722,17/12/2019,01:00:00
UKA00559,35.82325,17/12/2019,02:00:00
UKA00559,34.40039,17/12/2019,03:00:00
UKA00559,37.37654,17/12/2019,04:00:00
UKA00559,34.8913,17/12/2019,05:00:00
UKA00559,34.35796,17/12/2019,06:00:00
UKA00559,46.4868,17/12/2019,07:00:00
UKA00559,48.46668,17/12/2019,08:00:00
UKA00559,54.60514,17/12/2019,09:00:00
UKA00559,62.14849,17/12/2019,10:00:00
UKA00559,60.0099,17/12/2019,11:00:00
UKA00559,63.5749,17/12/2019,12:00:00
UKA00559,58.99533,17/12/2019,13:00:00
UKA00559,55.23305,17/12/2019,14:00:00
UKA00559,48.77941,17/12/2019,15:00:00
UKA00559,44.19957,17/12/2019,16:00:00
UKA00559,45.57069,17/12/2019,17:00:00
UKA00559,43.462,17/12/2019,18:00:00
UKA00559,39.52128,17/12/2019,19:00:00
UKA00559,37.90481,17/12/2019,20:00:00
UKA00559,28.90865,17/12/2019,21:00:00
UKA00559,29.5601,17/12/2019,22:00:00
UKA00559,28.02863,17/12/2019,23:00:00
UKA00559,23.14851,17/12/2019,24:00:00
UKA00559,22.55417,18/12/2019,01:00:00
UKA00559,19.34969,18/12/2019,02:00:00
UKA00559,16.84373,18/12/2019,03:00:00
UKA00559,12.61464,18/12/2019,04:00:00
UKA00559,9.62773,18/12/2019,05:00:00
UKA00559,9.33645,18/12/2019,06:00:00
UKA00559,11.81811,18/12/2019,07:00:00
UKA00559,17.58264,18/12/2019,08:00:00
UKA00559,23.06671,18/12/2019,09:00:00
UKA00559,23.71846,18/12/2019,10:00:00
UKA00559,21.37985,18/12/2019,11:00:00
UKA00559,21.89199,18/12/2019,12:00:00
UKA00559,25.32185,18/12/2019,13:00:00
UKA00559,21.08488,18/12/2019,14:00:00
UKA00559,17.58214,18/12/2019,15:00:00
UKA00559,18.16692,18/12/2019,16:00:00
UKA00559,13.78837,18/12/2019,17:00:00
UKA00559,14.44578,18/12/2019,18:00:00
UKA00559,13.27722,18/12/2019,19:00:00
UKA00559,10.43164,18/12/2019,20:00:00
UKA00559,9.40884,18/12/2019,21:00:00
UKA00559,7.9522,18/12/2019,22:00:00
UKA00559,6.4926,18/12/2019,23:00:00
UKA00559,5.10662,18/12/2019,24:00:00
UKA00559,4.38391,19/12/2019,01:00:00
UKA00559,4.1915,19/12/2019,02:00:00
UKA00559,3.65426,19/12/2019,03:00:00
UKA00559,4.45607,19/12/2019,04:00:00
UKA00559,3.57997,19/12/2019,05:00:00
UKA00559,4.89668,19/12/2019,06:00:00
UKA00559,8.1099,19/12/2019,07:00:00
UKA00559,10.67032,19/12/2019,08:00:00
UKA00559,13.22667,19/12/2019,09:00:00
UKA00559,13.15473,19/12/2019,10:00:00
UKA00559,11.62092,19/12/2019,11:00:00
UKA00559,10.52387,19/12/2019,12:00:00
UKA00559,11.98596,19/12/2019,13:00:00
UKA00559,13.08151,19/12/2019,14:00:00
UKA00559,19.44156,19/12/2019,15:00:00
UKA00559,18.34793,19/12/2019,16:00:00
UKA00559,14.10341,19/12/2019,17:00:00
UKA00559,12.86142,19/12/2019,18:00:00
UKA00559,11.61643,19/12/2019,19:00:00
UKA00559,10.30121,19/12/2019,20:00:00
UKA00559,5.62591,19/12/2019,21:00:00
UKA00559,5.91965,19/12/2019,22:00:00
UKA00559,6.06524,19/12/2019,23:00:00
UKA00559,4.38413,19/12/2019,24:00:00
UKA00559,5.66037,20/12/2019,01:00:00
UKA00559,2.93,20/12/2019,02:00:00
UKA00559,4.17069,20/12/2019,03:00:00
UKA00559,5.26862,20/12/2019,04:00:00
UKA00559,4.9759,20/12/2019,05:00:00
UKA00559,11.56005,20/12/2019,06:00:00
UKA00559,23.35891,20/12/2019,07:00:00
UKA00559,51.96885,20/12/2019,08:00:00
UKA00559,67.18086,20/12/2019,09:00:00
UKA00559,67.58296,20/12/2019,10:00:00
UKA00559,60.65207,20/12/2019,11:00:00
UKA00559,54.48736,20/12/2019,12:00:00
UKA00559,54.73873,20/12/2019,13:00:00
UKA00559,37.60881,20/12/2019,14:00:00
UKA00559,19.82503,20/12/2019,15:00:00
UKA00559,26.55418,20/12/2019,16:00:00
UKA00559,28.74859,20/12/2019,17:00:00
UKA00559,26.9204,20/12/2019,18:00:00
UKA00559,28.31142,20/12/2019,19:00:00
UKA00559,26.48395,20/12/2019,20:00:00
UKA00559,25.38692,20/12/2019,21:00:00
UKA00559,18.87482,20/12/2019,22:00:00
UKA00559,16.753,20/12/2019,23:00:00
UKA00559,16.46155,20/12/2019,24:00:00
UKA00559,11.23686,21/12/2019,01:00:00
UKA00559,8.89506,21/12/2019,02:00:00
UKA00559,9.23457,21/12/2019,03:00:00
UKA00559,6.08401,21/12/2019,04:00:00
UKA00559,5.35035,21/12/2019,05:00:00
UKA00559,4.83767,21/12/2019,06:00:00
UKA00559,6.01119,21/12/2019,07:00:00
UKA00559,9.5285,21/12/2019,08:00:00
UKA00559,12.46017,21/12/2019,09:00:00
UKA00559,14.58685,21/12/2019,10:00:00
UKA00559,14.6616,21/12/2019,11:00:00
UKA00559,15.17607,21/12/2019,12:00:00
UKA00559,15.24904,21/12/2019,13:00:00
UKA00559,16.41959,21/12/2019,14:00:00
UKA00559,21.04045,21/12/2019,15:00:00
UKA00559,25.1443,21/12/2019,16:00:00
UKA00559,16.93466,21/12/2019,17:00:00
UKA00559,18.10938,21/12/2019,18:00:00
UKA00559,25.58298,21/12/2019,19:00:00
UKA00559,20.52329,21/12/2019,20:00:00
UKA00559,29.68042,21/12/2019,21:00:00
UKA00559,31.06942,21/12/2019,22:00:00
UKA00559,20.59089,21/12/2019,23:00:00
UKA00559,14.94869,21/12/2019,24:00:00
UKA00559,12.52748,22/12/2019,01:00:00
UKA00559,7.24428,22/12/2019,02:00:00
UKA00559,7.85468,22/12/2019,03:00:00
UKA00559,16.95522,22/12/2019,04:00:00
UKA00559,14.53421,22/12/2019,05:00:00
UKA00559,10.27721,22/12/2019,06:00:00
UKA00559,9.10217,22/12/2019,07:00:00
UKA00559,11.67077,22/12/2019,08:00:00
UKA00559,11.74463,22/12/2019,09:00:00
UKA00559,13.58051,22/12/2019,10:00:00
UKA00559,12.33372,22/12/2019,11:00:00
UKA00559,13.80243,22/12/2019,12:00:00
UKA00559,13.21567,22/12/2019,13:00:00
UKA00559,16.37126,22/12/2019,14:00:00
UKA00559,15.78368,22/12/2019,15:00:00
UKA00559,25.91388,22/12/2019,16:00:00
UKA00559,23.19593,22/12/2019,17:00:00
UKA00559,28.47945,22/12/2019,18:00:00
UKA00559,22.093,22/12/2019,19:00:00
UKA00559,18.27621,22/12/2019,20:00:00
UKA00559,13.50619,22/12/2019,21:00:00
UKA00559,12.62494,22/12/2019,22:00:00
UKA00559,10.05646,22/12/2019,23:00:00
UKA00559,8.00134,22/12/2019,24:00:00
UKA00559,6.76465,23/12/2019,01:00:00
UKA00559,3.3345,23/12/2019,02:00:00
UKA00559,3.52967,23/12/2019,03:00:00
UKA00559,2.8682,23/12/2019,04:00:00
UKA00559,1.47107,23/12/2019,05:00:00
UKA00559,3.08807,23/12/2019,06:00:00
UKA00559,6.10321,23/12/2019,07:00:00
UKA00559,12.42604,23/12/2019,08:00:00
UKA00559,14.19075,23/12/2019,09:00:00
UKA00559,14.41239,23/12/2019,10:00:00
UKA00559,8.82472,23/12/2019,11:00:00
UKA00559,8.53133,23/12/2019,12:00:00
UKA00559,8.82446,23/12/2019,13:00:00
UKA00559,8.60333,23/12/2019,14:00:00
UKA00559,9.3389,23/12/2019,15:00:00
UKA00559,11.32323,23/12/2019,16:00:00
UKA00559,12.35236,23/12/2019,17:00:00
UKA00559,16.4693,23/12/2019,18:00:00
UKA00559,21.17513,23/12/2019,19:00:00
UKA00559,25.36745,23/12/2019,20:00:00
UKA00559,22.86725,23/12/2019,21:00:00
UKA00559,23.08805,23/12/2019,22:00:00
UKA00559,15.58805,23/12/2019,23:00:00
UKA00559,12.49973,23/12/2019,24:00:00
UKA00559,10.5076,24/12/2019,01:00:00
UKA00559,6.77661,24/12/2019,02:00:00
UKA00559,5.59753,24/12/2019,03:00:00
UKA00559,5.30291,24/12/2019,04:00:00
UKA00559,3.38837,24/12/2019,05:00:00
UKA00559,3.5355,24/12/2019,06:00:00
UKA00559,5.0085,24/12/2019,07:00:00
UKA00559,7.21777,24/12/2019,08:00:00
UKA00559,5.37645,24/12/2019,09:00:00
UKA00559,10.45854,24/12/2019,10:00:00
UKA00559,6.99731,24/12/2019,11:00:00
UKA00559,5.59805,24/12/2019,12:00:00
UKA00559,5.59759,24/12/2019,13:00:00
UKA00559,7.14428,24/12/2019,14:00:00
UKA00559,7.58608,24/12/2019,15:00:00
UKA00559,13.25679,24/12/2019,16:00:00
UKA00559,17.15957,24/12/2019,17:00:00
UKA00559,21.87292,24/12/2019,18:00:00
UKA00559,14.43501,24/12/2019,19:00:00
UKA00559,15.76062,24/12/2019,20:00:00
UKA00559,12.81494,24/12/2019,21:00:00
UKA00559,10.90024,24/12/2019,22:00:00
UKA00559,8.46994,24/12/2019,23:00:00
UKA00559,8.54348,24/12/2019,24:00:00
UKA00559,8.55739,25/12/2019,01:00:00
UKA00559,5.01671,25/12/2019,02:00:00
UKA00559,7.81985,25/12/2019,03:00:00
UKA00559,5.90185,25/12/2019,04:00:00
UKA00559,3.76247,25/12/2019,05:00:00
UKA00559,3.54119,25/12/2019,06:00:00
UKA00559,8.11492,25/12/2019,07:00:00
UKA00559,23.45971,25/12/2019,08:00:00
UKA00559,31.79647,25/12/2019,09:00:00
UKA00559,16.96777,25/12/2019,10:00:00
UKA00559,17.92725,25/12/2019,11:00:00
UKA00559,13.13208,25/12/2019,12:00:00
UKA00559,10.69743,25/12/2019,13:00:00
UKA00559,11.5824,25/12/2019,14:00:00
UKA00559,12.32001,25/12/2019,15:00:00
UKA00559,10.99193,25/12/2019,16:00:00
UKA00559,44.93489,25/12/2019,17:00:00
UKA00559,56.15225,25/12/2019,18:00:00
UKA00559,54.971,25/12/2019,19:00:00
UKA00559,51.65177,25/12/2019,20:00:00
UKA00559,47.22035,25/12/2019,21:00:00
UKA00559,50.0274,25/12/2019,22:00:00
UKA00559,42.64485,25/12/2019,23:00:00
UKA00559,26.11571,25/12/2019,24:00:00
UKA00559,19.0153,26/12/2019,01:00:00
UKA00559,10.64048,26/12/2019,02:00:00
UKA00559,8.34994,26/12/2019,03:00:00
UKA00559,11.60134,26/12/2019,04:00:00
UKA00559,12.19254,26/12/2019,05:00:00
UKA00559,16.84796,26/12/2019,06:00:00
UKA00559,17.73458,26/12/2019,07:00:00
UKA00559,12.70978,26/12/2019,08:00:00
UKA00559,10.34509,26/12/2019,09:00:00
UKA00559,9.75391,26/12/2019,10:00:00
UKA00559,10.12321,26/12/2019,11:00:00
UKA00559,13.00508,26/12/2019,12:00:00
UKA00559,19.58167,26/12/2019,13:00:00
UKA00559,22.31591,26/12/2019,14:00:00
UKA00559,30.37034,26/12/2019,15:00:00
UKA00559,37.68599,26/12/2019,16:00:00
UKA00559,41.45446,26/12/2019,17:00:00
UKA00559,46.03461,26/12/2019,18:00:00
UKA00559,40.49333,26/12/2019,19:00:00
UKA00559,43.59474,26/12/2019,20:00:00
UKA00559,53.19128,26/12/2019,21:00:00
UKA00559,35.83712,26/12/2019,22:00:00
UKA00559,21.72491,26/12/2019,23:00:00
UKA00559,25.6414,26/12/2019,24:00:00
UKA00559,18.94852,27/12/2019,01:00:00
UKA00559,17.96083,27/12/2019,02:00:00
UKA00559,23.4634,27/12/2019,03:00:00
UKA00559,27.53374,27/12/2019,04:00:00
UKA00559,29.15723,27/12/2019,05:00:00
UKA00559,28.3378,27/12/2019,06:00:00
UKA00559,27.87532,27/12/2019,07:00:00
UKA00559,36.32124,27/12/2019,08:00:00
UKA00559,35.37197,27/12/2019,09:00:00
UKA00559,32.8561,27/12/2019,10:00:00
UKA00559,32.63246,27/12/2019,11:00:00
UKA00559,20.57282,27/12/2019,12:00:00
UKA00559,20.3512,27/12/2019,13:00:00
UKA00559,18.87066,27/12/2019,14:00:00
UKA00559,21.01682,27/12/2019,15:00:00
UKA00559,24.71826,27/12/2019,16:00:00
UKA00559,24.86608,27/12/2019,17:00:00
UKA00559,24.49701,27/12/2019,18:00:00
UKA00559,28.41876,27/12/2019,19:00:00
UKA00559,23.90447,27/12/2019,20:00:00
UKA00559,21.68483,27/12/2019,21:00:00
UKA00559,20.57485,27/12/2019,22:00:00
UKA00559,16.28253,27/12/2019,23:00:00
UKA00559,15.54253,27/12/2019,24:00:00
UKA00559,13.0475,28/12/2019,01:00:00
UKA00559,13.34296,28/12/2019,02:00:00
UKA00559,11.71258,28/12/2019,03:00:00
UKA00559,8.15457,28/12/2019,04:00:00
UKA00559,7.85797,28/12/2019,05:00:00
UKA00559,6.96834,28/12/2019,06:00:00
UKA00559,8.08035,28/12/2019,07:00:00
UKA00559,10.3789,28/12/2019,08:00:00
UKA00559,11.34206,28/12/2019,09:00:00
UKA00559,13.71399,28/12/2019,10:00:00
UKA00559,13.2691,28/12/2019,11:00:00
UKA00559,11.19338,28/12/2019,12:00:00
UKA00559,11.63789,28/12/2019,13:00:00
UKA00559,10.74856,28/12/2019,14:00:00
UKA00559,13.12088,28/12/2019,15:00:00
UKA00559,14.38126,28/12/2019,16:00:00
UKA00559,15.41896,28/12/2019,17:00:00
UKA00559,13.78814,28/12/2019,18:00:00
UKA00559,9.63702,28/12/2019,19:00:00
UKA00559,9.78539,28/12/2019,20:00:00
UKA00559,8.0062,28/12/2019,21:00:00
UKA00559,7.93189,28/12/2019,22:00:00
UKA00559,7.0421,28/12/2019,23:00:00
UKA00559,5.70795,28/12/2019,24:00:00
UKA00559,4.65361,29/12/2019,01:00:00
UKA00559,3.76084,29/12/2019,02:00:00
UKA00559,4.00883,29/12/2019,03:00:00
UKA00559,3.86049,29/12/2019,04:00:00
UKA00559,4.75181,29/12/2019,05:00:00
UKA00559,4.67841,29/12/2019,06:00:00
UKA00559,5.04913,29/12/2019,07:00:00
UKA00559,6.23744,29/12/2019,08:00:00
UKA00559,6.83055,29/12/2019,09:00:00
UKA00559,7.27566,29/12/2019,10:00:00
UKA00559,7.42432,29/12/2019,11:00:00
UKA00559,8.16653,29/12/2019,12:00:00
UKA00559,9.2798,29/12/2019,13:00:00
UKA00559,10.61622,29/12/2019,14:00:00
UKA00559,11.50841,29/12/2019,15:00:00
UKA00559,15.66634,29/12/2019,16:00:00
UKA00559,15.00016,29/12/2019,17:00:00
UKA00559,11.65828,29/12/2019,18:00:00
UKA00559,11.36194,29/12/2019,19:00:00
UKA00559,11.80694,29/12/2019,20:00:00
UKA00559,10.76708,29/12/2019,21:00:00
UKA00559,9.72754,29/12/2019,22:00:00
UKA00559,9.05906,29/12/2019,23:00:00
UKA00559,8.24202,29/12/2019,24:00:00
UKA00559,7.1406,30/12/2019,01:00:00
UKA00559,5.74966,30/12/2019,02:00:00
UKA00559,5.05613,30/12/2019,03:00:00
UKA00559,5.50354,30/12/2019,04:00:00
UKA00559,4.83434,30/12/2019,05:00:00
UKA00559,4.75923,30/12/2019,06:00:00
UKA00559,5.72604,30/12/2019,07:00:00
UKA00559,7.95728,30/12/2019,08:00:00
UKA00559,9.52031,30/12/2019,09:00:00
UKA00559,10.93197,30/12/2019,10:00:00
UKA00559,10.40817,30/12/2019,11:00:00
UKA00559,12.26469,30/12/2019,12:00:00
UKA00559,11.66975,30/12/2019,13:00:00
UKA00559,12.41364,30/12/2019,14:00:00
UKA00559,17.91192,30/12/2019,15:00:00
UKA00559,23.78663,30/12/2019,16:00:00
UKA00559,35.5543,30/12/2019,17:00:00
UKA00559,38.29883,30/12/2019,18:00:00
UKA00559,36.72599,30/12/2019,19:00:00
UKA00559,40.58237,30/12/2019,20:00:00
UKA00559,39.50057,30/12/2019,21:00:00
UKA00559,38.77132,30/12/2019,22:00:00
UKA00559,36.14519,30/12/2019,23:00:00
UKA00559,35.42518,30/12/2019,24:00:00
UKA00559,38.25817,31/12/2019,01:00:00
UKA00559,41.72366,31/12/2019,02:00:00
UKA00559,43.4144,31/12/2019,03:00:00
UKA00559,40.84372,31/12/2019,04:00:00
UKA00559,38.90769,31/12/2019,05:00:00
UKA00559,25.09907,31/12/2019,06:00:00
UKA00559,21.01041,31/12/2019,07:00:00
UKA00559,19.81723,31/12/2019,08:00:00
UKA00559,19.74218,31/12/2019,09:00:00
UKA00559,18.47395,31/12/2019,10:00:00
UKA00559,19.8881,31/12/2019,11:00:00
UKA00559,16.53461,31/12/2019,12:00:00
UKA00559,16.60966,31/12/2019,13:00:00
UKA00559,18.77155,31/12/2019,14:00:00
UKA00559,25.99849,31/12/2019,15:00:00
UKA00559,27.93521,31/12/2019,16:00:00
UKA00559,31.66083,31/12/2019,17:00:00
UKA00559,28.08515,31/12/2019,18:00:00
UKA00559,27.26462,31/12/2019,19:00:00
UKA00559,21.30224,31/12/2019,20:00:00
UKA00559,19.73869,31/12/2019,21:00:00
UKA00559,19.1442,31/12/2019,22:00:00
UKA00559,19.37058,31/12/2019,23:00:00
UKA00559,16.53862,31/12/2019,24:00:00
