{"type":"FeatureCollection","crs":{"type":"name","properties":{"name":"EPSG:4326"}},"features":[{"type":"Feature","id":1,"geometry":{"type":"Polygon","coordinates":[[[-1.8909329391190608,52.464500323162916,0,null],[-1.8902444217540559,52.464323171028049,0,null],[-1.8898575475713433,52.46421810644263,0,null],[-1.8894420556498601,52.464104835557677,0,null],[-1.8889426414666803,52.463970004394533,0,null],[-1.8887193755222613,52.463908500077466,0,null],[-1.8887008230882407,52.463902370264172,0,null],[-1.8886823867820057,52.463898668761097,0,null],[-1.888668557694281,52.463896048606948,0,null],[-1.8886547276163606,52.463894418251101,0,null],[-1.8886075326485836,52.463889430988552,0,null],[-1.8885587564902686,52.463885789817105,0,null],[-1.8885119262167189,52.46388035246104,0,null],[-1.8884904488928431,52.46387907445984,0,null],[-1.8884808611371715,52.463879065397364,0,null],[-1.8884695748445086,52.463879054728423,0,null],[-1.8884501557047955,52.463879935370656,0,null],[-1.8884323126166109,52.463881535802464,0,null],[-1.8884144661632853,52.463884484730947,0,null],[-1.8884109451296101,52.463885200601993,0,null],[-1.8883947945191972,52.463889229933507,0,null],[-1.8883803388564269,52.463894698370105,0,null],[-1.888369771041944,52.463898732979963,0,null],[-1.8883530005540916,52.463908153931349,0,null],[-1.8883424237623188,52.463915782738994,0,null],[-1.8881923997844332,52.463877623674236,0,null],[-1.8881924312342311,52.463865041276399,0,null],[-1.8881930564137364,52.46385812135388,0,null],[-1.8881929403134301,52.463855694838301,0,null],[-1.8881880044874153,52.46384005202615,0,null],[-1.8881800327755307,52.463824765937083,0,null],[-1.8881730174478384,52.463815502267316,0,null],[-1.888169146221877,52.463810286186039,0,null],[-1.88815171232109,52.463793642622953,0,null],[-1.8881479569724107,52.463790942956599,0,null],[-1.8881347529102419,52.463781493616658,0,null],[-1.8881154851966315,52.46377069002245,0,null],[-1.88809427103189,52.463761322981568,0,null],[-1.888071959803465,52.463753932699831,0,null],[-1.8879499268430786,52.463733504818542,0,null],[-1.8879282101274957,52.463730877985356,0,null],[-1.8878622128809126,52.463722726057192,0,null],[-1.8878082206670745,52.463717911815188,0,null],[-1.8877926914712932,52.463716548544291,0,null],[-1.8877418508892114,52.463713354573443,0,null],[-1.8877226798530111,52.463712168527429,0,null],[-1.8876009678086976,52.463708817128968,0,null],[-1.8875308220812583,52.463709199781839,0,null],[-1.8874536323634117,52.463712361680088,0,null],[-1.8874038705862359,52.463714470905146,0,null],[-1.8873899127908502,52.463715086884797,0,null],[-1.8872702294363426,52.463725577213516,0,null],[-1.8871324418344972,52.463744319120636,0,null],[-1.887064816496451,52.463756118532757,0,null],[-1.8869827379373998,52.4637729357745,0,null],[-1.8869211727315471,52.463787437015412,0,null],[-1.8868008237511393,52.463821204081505,0,null],[-1.8866854351586508,52.463860637701636,0,null],[-1.8865855760394992,52.463901254840138,0,null],[-1.8864814468950681,52.463951124805689,0,null],[-1.8864014788639625,52.463996165133757,0,null],[-1.8863842229909336,52.464005855038764,0,null],[-1.8862945097207469,52.464065265440325,0,null],[-1.8862717720152051,52.464082678762672,0,null],[-1.8862496418458028,52.464099644064483,0,null],[-1.8862286060789741,52.464115711415815,0,null],[-1.8860901170916806,52.464218483808715,0,null],[-1.8860412388773282,52.464254835385361,0,null],[-1.8859898113767311,52.464291724778128,0,null],[-1.8859158844502759,52.464347105534522,0,null],[-1.8858479175230363,52.464397099799164,0,null],[-1.8858122839734455,52.464426724278809,0,null],[-1.8858065271737878,52.464447569250687,0,null],[-1.8858002795953726,52.464470391550648,0,null],[-1.8857854552479383,52.464524930414015,0,null],[-1.8857586532617998,52.46461262184522,0,null],[-1.8857438516372913,52.464658803605673,0,null],[-1.8857416439256984,52.464667968586426,0,null],[-1.8857383459041825,52.464676413309981,0,null],[-1.8857334700091994,52.464684856505286,0,null],[-1.8857279885140203,52.464692401011305,0,null],[-1.8857226322642449,52.464699316337288,0,null],[-1.8857167878984826,52.46470658989184,0,null],[-1.8857103350394588,52.464714672857021,0,null],[-1.8857069224202749,52.464720151662583,0,null],[-1.8857171512169628,52.464754493540362,0,null],[-1.8857226846584194,52.464773282637964,0,null],[-1.8857301433295404,52.464798994113615,0,null],[-1.8856963930590211,52.464803994031527,0,null],[-1.8856899583299598,52.464804976699021,0,null],[-1.8855852064532053,52.464812245177264,0,null],[-1.8855730970830558,52.464801897613185,0,null],[-1.885569948550462,52.46479964795477,0,null],[-1.8855565011841282,52.464790467793257,0,null],[-1.8855481357380874,52.464786684771191,0,null],[-1.8855390480962178,52.464781553444631,0,null],[-1.8855294695786351,52.464777859144547,0,null],[-1.8855202528718178,52.464775423796901,0,null],[-1.8855075174558329,52.464772175932637,0,null],[-1.8854930819527633,52.464770094220022,0,null],[-1.8854781571785091,52.464768822031104,0,null],[-1.8854381201252617,52.464764738554535,0,null],[-1.8854128802934009,52.464763455442139,0,null],[-1.8854054774257913,52.4647637179527,0,null],[-1.8853774288172482,52.464768904016609,0,null],[-1.8853603039449112,52.46477436948981,0,null],[-1.8853441497411414,52.464779566203362,0,null],[-1.885316819885859,52.464789156260778,0,null],[-1.8852765884095914,52.464812664695103,0,null],[-1.8851647526799542,52.464885083743951,0,null],[-1.8851140614630642,52.464917838960005,0,null],[-1.8849256411031621,52.465039704680208,0,null],[-1.8849092334784654,52.465048945694519,0,null],[-1.8847684712605957,52.465137065074742,0,null],[-1.8846890955886528,52.465186598037121,0,null],[-1.884666728792427,52.465200686906442,0,null],[-1.8845765319429886,52.465257399429824,0,null],[-1.8843873875321198,52.465376297806159,0,null],[-1.8842145304506261,52.465484965939439,0,null],[-1.8841932576904219,52.465498786091281,0,null],[-1.8841734401122443,52.465512247167979,0,null],[-1.8841497335280488,52.465528041827156,0,null],[-1.8841254221219037,52.465543207485688,0,null],[-1.8839142340022161,52.46569066360351,0,null],[-1.8838384822974168,52.465746221064997,0,null],[-1.8838120953395536,52.465765877824111,0,null],[-1.8838116084360024,52.465766325946397,0,null],[-1.8838090558478229,52.4657681214359,0,null],[-1.8836794134263408,52.465871708808919,0,null],[-1.8836709018115949,52.465878261330609,0,null],[-1.8836527867965178,52.465890646094678,0,null],[-1.8836369740181698,52.465904111927642,0,null],[-1.8836324691033783,52.465909499695485,0,null],[-1.8836238338996534,52.465916591492665,0,null],[-1.8836105728407699,52.465929160837042,0,null],[-1.8833566061052545,52.466144428567965,0,null],[-1.8833162268204178,52.466178001408657,0,null],[-1.8832372760634835,52.466248924642045,0,null],[-1.8832314388874709,52.466253771675312,0,null],[-1.8832203671524861,52.46626436623756,0,null],[-1.8829072796478088,52.466530803155827,0,null],[-1.8828856206853182,52.466552351399713,0,null],[-1.8828400114425932,52.466589603890675,0,null],[-1.882804864716956,52.46661680063788,0,null],[-1.8827608278615409,52.466656122362068,0,null],[-1.8826749531723996,52.466729105138064,0,null],[-1.8825566152873336,52.466824523385519,0,null],[-1.8824286979217411,52.466916337762704,0,null],[-1.8823134340913228,52.466995492299048,0,null],[-1.8822032839091065,52.467068899120669,0,null],[-1.8820757674954931,52.467146512903732,0,null],[-1.8820634879777423,52.467154410045943,0,null],[-1.8820509653921023,52.467162935345819,0,null],[-1.8820379560486789,52.467171281256554,0,null],[-1.8820232490350126,52.467179804369948,0,null],[-1.8820109692636449,52.467187790507516,0,null],[-1.8819751064598786,52.467210403185284,0,null],[-1.8819456871041718,52.467228887791173,0,null],[-1.8818894968745548,52.467274038744989,0,null],[-1.8818590760349851,52.467304385547358,0,null],[-1.8818445891938336,52.467320908171885,0,null],[-1.8818186469114497,52.467355393954215,0,null],[-1.8818070676321104,52.467373986289523,0,null],[-1.8816853422938957,52.467371977312148,0,null],[-1.8816941166986714,52.467358684486292,0,null],[-1.8816938733448954,52.467358864042581,0,null],[-1.8816115949660814,52.467401651304385,0,null],[-1.8814322302643323,52.467487481378228,0,null],[-1.8813023276372571,52.467548105296757,0,null],[-1.8809213837002672,52.467719921616705,0,null],[-1.8807761732084185,52.467786281317814,0,null],[-1.8806172324708561,52.467857751258052,0,null],[-1.8805183215170886,52.467902138232525,0,null],[-1.880255481982946,52.468021584627778,0,null],[-1.8802434539351327,52.468026066529717,0,null],[-1.8802189092074364,52.468036646237991,0,null],[-1.880199831401671,52.468045075686135,0,null],[-1.8801542631529042,52.46806561025349,0,null],[-1.8800803791878073,52.468100406556374,0,null],[-1.8800638484158481,52.468109197271978,0,null],[-1.8800258039925855,52.468130099935046,0,null],[-1.8799878783316133,52.46815226040912,0,null],[-1.8799471483905787,52.468178821325829,0,null],[-1.8799218536004008,52.468197309621047,0,null],[-1.8798949711239203,52.468219391400496,0,null],[-1.8798688146087987,52.468242462813933,0,null],[-1.8798571329116767,52.468253864640516,0,null],[-1.8798308469474316,52.468280171418613,0,null],[-1.8798068644402937,52.468307108938461,0,null],[-1.8797967558750428,52.468320310363289,0,null],[-1.8797747093531778,52.468349317550782,0,null],[-1.8797549684917432,52.468378685784657,0,null],[-1.879749239738248,52.468387847061742,0,null],[-1.8797331381800899,52.468417579499345,0,null],[-1.8797183715042387,52.468447941696837,0,null],[-1.8796302213713278,52.468641621613216,0,null],[-1.8795469530930915,52.468824430325903,0,null],[-1.8793760010194365,52.468847803257042,0,null],[-1.8793715088686938,52.468848158266063,0,null],[-1.8793695660402419,52.468848605780735,0,null],[-1.8793439276692303,52.468859453888484,0,null],[-1.8793118538163747,52.468871284310922,0,null],[-1.8793076013909267,52.468872808263953,0,null],[-1.8792737114665821,52.468882839715754,0,null],[-1.8792400671002243,52.468892421908592,0,null],[-1.8792100676725207,52.468899760319871,0,null],[-1.8791664705920643,52.468909422205037,0,null],[-1.8791657412040186,52.468909691158558,0,null],[-1.8791596637275898,52.468912740640377,0,null],[-1.8789249853901624,52.468938114455874,0,null],[-1.8789126133445493,52.468935225858665,0,null],[-1.8788987866735776,52.46893188626705,0,null],[-1.8788757376682776,52.468927458408047,0,null],[-1.8788522043647451,52.468923030946421,0,null],[-1.8788224782148419,52.468919135623324,0,null],[-1.8787931125004693,52.468916948764843,0,null],[-1.8787749078120903,52.468916930067145,0,null],[-1.8787716310565072,52.468916926701361,0,null],[-1.8787444415570131,52.468917796871573,0,null],[-1.8787348509957831,52.468918416318395,0,null],[-1.8787160351819572,52.468919565685034,0,null],[-1.8787128806053082,52.468919562443176,0,null],[-1.8786895696994153,52.468922144688584,0,null],[-1.8786788861519335,52.468923032707707,0,null],[-1.8786448897482386,52.468927760662893,0,null],[-1.8786389395397205,52.468928923245706,0,null],[-1.8786093082271946,52.468935094080827,0,null],[-1.8785808881611266,52.468942434855961,0,null],[-1.8785537980885758,52.468951124595378,0,null],[-1.8785259773952918,52.468961072177983,0,null],[-1.8785009447440419,52.468972100526479,0,null],[-1.8784992430760792,52.468973177575847,0,null],[-1.878476391983247,52.468985286966181,0,null],[-1.8784558465864096,52.468997758327028,0,null],[-1.8784407668526872,52.469008617112159,0,null],[-1.8784082940678462,52.469033299895599,0,null],[-1.8783681583269283,52.469063725682162,0,null],[-1.8783032128091923,52.469112999501618,0,null],[-1.8782111258965084,52.469189118217272,0,null],[-1.8781330282721886,52.469254196291438,0,null],[-1.8781028581596835,52.469279689569532,0,null],[-1.8780277919056283,52.469345579804965,0,null],[-1.8780123402489937,52.469359404853599,0,null],[-1.877937873826121,52.469427632154492,0,null],[-1.8779092793147492,52.469454474614402,0,null],[-1.8778340693990743,52.469528004286168,0,null],[-1.8777699316479983,52.469592017765031,0,null],[-1.8776755952663182,52.469691141857865,0,null],[-1.8776248303576395,52.469746721204558,0,null],[-1.8775332833654745,52.469847285575938,0,null],[-1.8774823895052644,52.46990520212848,0,null],[-1.8773590579501169,52.470043929211784,0,null],[-1.8771995631763037,52.47022360219102,0,null],[-1.8771116640940517,52.470320754719559,0,null],[-1.8770850045068093,52.470349127292216,0,null],[-1.8769941946326367,52.470445197899053,0,null],[-1.87692481127016,52.470517564351859,0,null],[-1.8769187257261428,52.470523939113171,0,null],[-1.876897302280881,52.470546385495922,0,null],[-1.8768422896775889,52.470600972066457,0,null],[-1.8768174611420758,52.470625571584037,0,null],[-1.8768018837514684,52.470640384342175,0,null],[-1.876720102313344,52.470718939037447,0,null],[-1.8766854166663458,52.470753054941135,0,null],[-1.8765865879570296,52.470851274451789,0,null],[-1.8765770937960535,52.470861060934581,0,null],[-1.8765033279633268,52.470937736856555,0,null],[-1.8764304038230442,52.471017108816838,0,null],[-1.8763176457419861,52.471148476749768,0,null],[-1.8763065636448168,52.47116176674993,0,null],[-1.8762600433536092,52.471217529745765,0,null],[-1.8762260630111443,52.471259285958929,0,null],[-1.8761573731648578,52.471343425991471,0,null],[-1.8761427611640753,52.471360307375477,0,null],[-1.876041750721307,52.4715000453741,0,null],[-1.8759775336351263,52.471590661002644,0,null],[-1.8757801973979009,52.471887039162475,0,null],[-1.8757330291407892,52.471957181675094,0,null],[-1.8756802533843082,52.472035766169824,0,null],[-1.8756715994385929,52.472048698166887,0,null],[-1.8756650154633079,52.472058937140304,0,null],[-1.8756377088308225,52.47210114970904,0,null],[-1.8756060045308574,52.472153512746225,0,null],[-1.8755766057571279,52.472206327705202,0,null],[-1.8755574466240106,52.472242976837983,0,null],[-1.8755315639151056,52.472296604592536,0,null],[-1.8755087152183472,52.472350774042461,0,null],[-1.8754977109116533,52.472379792059705,0,null],[-1.875480698721278,52.472429923955836,0,null],[-1.8754658746816908,52.472478799557244,0,null],[-1.8754513020037658,52.472525160018357,0,null],[-1.8754473828859937,52.47253737869292,0,null],[-1.8754418414549869,52.472565952968573,0,null],[-1.8754355620208918,52.472597851867626,0,null],[-1.875434040867461,52.472621217081894,0,null],[-1.8754332396868481,52.472647190157197,0,null],[-1.8754408166452801,52.472672093273943,0,null],[-1.8754474608118237,52.472683603895206,0,null],[-1.8754503639425391,52.472687291961577,0,null],[-1.875457016636918,52.472695746888803,0,null],[-1.8754686374728455,52.472706993958994,0,null],[-1.8754823242962748,52.47271752310828,0,null],[-1.8754931087385311,52.47272409539039,0,null],[-1.8755795837023443,52.472836170568598,0,null],[-1.8755806710431417,52.472837968816648,0,null],[-1.8755902139153489,52.472854785688661,0,null],[-1.8755919027807528,52.472858382571495,0,null],[-1.8755978085251241,52.472873397608197,0,null],[-1.87559877790235,52.4728742077303,0,null],[-1.8756094469719979,52.472878352578917,0,null],[-1.8756761600974343,52.473026356082194,0,null],[-1.8756457288243198,52.473056970946622,0,null],[-1.8755904421035072,52.47312108333017,0,null],[-1.8755599841243107,52.473161764250996,0,null],[-1.8755033085043475,52.473245018441879,0,null],[-1.875462580828039,52.47331193122281,0,null],[-1.8754394105438879,52.473350283298828,0,null],[-1.8753986508200773,52.473428610629909,0,null],[-1.8753985281267658,52.473428790300446,0,null],[-1.8753897465833025,52.473444059539993,0,null],[-1.8753670491961263,52.473486995203871,0,null],[-1.8753552026194558,52.473512776810772,0,null],[-1.8753360214082493,52.473557064681899,0,null],[-1.8753198805878541,52.473599648559798,0,null],[-1.8753191460809167,52.473601714585577,0,null],[-1.875313270919724,52.473619503191003,0,null],[-1.8753038315930162,52.473652567439558,0,null],[-1.8753015013212546,52.473660922983314,0,null],[-1.87529252420613,52.473702435624745,0,null],[-1.8752851250189637,52.473744039832567,0,null],[-1.8752781770007529,52.473798046225099,0,null],[-1.8752734619127891,52.473834800464402,0,null],[-1.875246779355866,52.474044089189086,0,null],[-1.8751744924642386,52.474631161470285,0,null],[-1.8751744474861893,52.474647249030234,0,null],[-1.8751477924133484,52.474890061446835,0,null],[-1.8751458184007403,52.474901023563923,0,null],[-1.875145716357921,52.474937512970968,0,null],[-1.8751440388430869,52.474973010912066,0,null],[-1.8751439292587506,52.475012196411946,0,null],[-1.8751468549351962,52.475051564023346,0,null],[-1.8751503867115236,52.475090573574533,0,null],[-1.8751510981302779,52.475096775629545,0,null],[-1.8751567800093523,52.475148728560477,0,null],[-1.8751653767670862,52.475199696572609,0,null],[-1.8751770080627661,52.47525111729297,0,null],[-1.8751798932499713,52.475261275448737,0,null],[-1.8751937214908987,52.475307845688043,0,null],[-1.8752097358051933,52.475354507237682,0,null],[-1.8752600859873176,52.475494314580892,0,null],[-1.8753754601367192,52.475821669076282,0,null],[-1.8755024066538555,52.476179053282635,0,null],[-1.8755055484056897,52.47618435980079,0,null],[-1.8755060269781201,52.476186966508124,0,null],[-1.8755167073536585,52.476187337374043,0,null],[-1.8755403894380471,52.476183497547417,0,null],[-1.8755778588481091,52.476284825644733,0,null],[-1.8755557492292116,52.476290733938846,0,null],[-1.8755525911197379,52.476291808510354,0,null],[-1.8755461509725821,52.476294049220506,0,null],[-1.875543234316887,52.476295124046409,0,null],[-1.8755726266221882,52.47637649120901,0,null],[-1.8756135944306944,52.476485732387147,0,null],[-1.8756559984461654,52.476602702870998,0,null],[-1.8756587683478081,52.476610435395337,0,null],[-1.8756858694882175,52.476686767508561,0,null],[-1.8757026114004707,52.47673360958116,0,null],[-1.8758057089454014,52.477025899554896,0,null],[-1.8759667649363285,52.477473462773766,0,null],[-1.8759680923271489,52.47747634007105,0,null],[-1.8759699048333487,52.477479487578314,0,null],[-1.875971717339787,52.477482635085551,0,null],[-1.8759736513273415,52.477485513020333,0,null],[-1.8759784905321248,52.477491450609591,0,null],[-1.8759810330893996,52.477494149383752,0,null],[-1.8759869660117037,52.477499637722914,0,null],[-1.8759899932137947,52.477502247106202,0,null],[-1.8759935065324249,52.477504767100164,0,null],[-1.8759968993687242,52.477507197966389,0,null],[-1.8760006561214471,52.477509538415887,0,null],[-1.8760045336049145,52.477511878992118,0,null],[-1.8760084115890137,52.477514039768685,0,null],[-1.8760125344765983,52.477516021901387,0,null],[-1.8760167763750286,52.477518093159993,0,null],[-1.8760256282791785,52.477521697562295,0,null],[-1.8760360585139451,52.477525303621967,0,null],[-1.8760859034086421,52.477673828576158,0,null],[-1.8760719153164345,52.477683699294374,0,null],[-1.8760637639356075,52.477690251637917,0,null],[-1.876060598267717,52.477693483815251,0,null],[-1.8760579139671627,52.477698334698687,0,null],[-1.8760513326686346,52.477707854492472,0,null],[-1.8760746596332225,52.477788046446513,0,null],[-1.8760958057344377,52.477866798603777,0,null],[-1.8760986882469635,52.477878036437176,0,null],[-1.8761015725129448,52.47788864407309,0,null],[-1.8761051838337406,52.477899882671522,0,null],[-1.8761081865847755,52.477911299531932,0,null],[-1.8761110708525948,52.477921908066598,0,null],[-1.8761125145013025,52.477926402785727,0,null],[-1.8761153970217557,52.477937640618606,0,null],[-1.8761190081295263,52.477948428817186,0,null],[-1.8761220128568892,52.477959666778197,0,null],[-1.8761256242178739,52.477970365076771,0,null],[-1.8761277876804878,52.477978096952342,0,null],[-1.8761287511792331,52.477981063765725,0,null],[-1.8761287449347439,52.477983310360884,0,null],[-1.8761304292738923,52.477988614432689,0,null],[-1.8761315162508023,52.477990593374329,0,null],[-1.8761326042297939,52.477992211817913,0,null],[-1.8761332103061175,52.477992931654356,0,null],[-1.8761344205135977,52.477994011725038,0,null],[-1.8761361160952217,52.477995271206275,0,null],[-1.8761384204993705,52.477996262525444,0,null],[-1.8761403590143773,52.477997523160617,0,null],[-1.8761416934274877,52.477997883262375,0,null],[-1.8761431495424374,52.477998424190936,0,null],[-1.8761635388913882,52.477999883990712,0,null],[-1.8761908931408464,52.478073159641447,0,null],[-1.8762216177095732,52.478155966425561,0,null],[-1.8762325899619439,52.478226889277316,0,null],[-1.8762350105474095,52.478272997044222,0,null],[-1.876217880042744,52.4782781914788,0,null],[-1.8762094961242948,52.478280968685432,0,null],[-1.8762091304828845,52.478281148101885,0,null],[-1.8762090095007362,52.478281237874988,0,null],[-1.8762069382808668,52.478283752003762,0,null],[-1.8762060854903311,52.478284919809418,0,null],[-1.8762059632595223,52.478285459081341,0,null],[-1.8762059515247675,52.478289683471168,0,null],[-1.8762523347677187,52.478461032123377,0,null],[-1.8762631642972929,52.47849537539966,0,null],[-1.8762673813203605,52.478506973328557,0,null],[-1.8762713673829603,52.478514257612076,0,null],[-1.8762737858129719,52.478517675449815,0,null],[-1.876279229783349,52.478524331961594,0,null],[-1.8762827407016687,52.478527750944622,0,null],[-1.8762862506222344,52.478531529526578,0,null],[-1.8762875805600427,52.478533507822412,0,null],[-1.8762906073495011,52.478536296997468,0,null],[-1.8762953332120984,52.478539627353854,0,null],[-1.876300541483918,52.478543677415963,0,null],[-1.8763050246589266,52.478546917617514,0,null],[-1.8763169013365324,52.478554119371957,0,null],[-1.8763221145773099,52.478556910838016,0,null],[-1.8763279329544438,52.478559703837107,0,null],[-1.8763337540545169,52.478562046439649,0,null],[-1.8763366648555053,52.478563127391539,0,null],[-1.8763608013501654,52.478570522688692,0,null],[-1.8763847593980798,52.478686305753946,0,null],[-1.8763733348946749,52.478691237386741,0,null],[-1.8763702951256467,52.47869312120325,0,null],[-1.8763666450269141,52.478695813480357,0,null],[-1.8763621468482394,52.47869850486871,0,null],[-1.876359227061025,52.478700659409711,0,null],[-1.8763525341971476,52.478706314299579,0,null],[-1.8763509510897274,52.478708019841967,0,null],[-1.8763452264894338,52.478714934346371,0,null],[-1.8763423029609227,52.478718436484307,0,null],[-1.8763397448269676,52.478721849105078,0,null],[-1.8763375501163391,52.478725352006691,0,null],[-1.8763354756400421,52.478729034834316,0,null],[-1.8763335236188907,52.478732627890217,0,null],[-1.8763308343009999,52.478739274975972,0,null],[-1.8763297315822334,52.478742958821968,0,null],[-1.8763288718030002,52.478746642922587,0,null],[-1.8763282532414964,52.478750417176038,0,null],[-1.8763278785930069,52.478754371485174,0,null],[-1.8763277473856896,52.478758145350426,0,null],[-1.8763278563958241,52.47876236986653,0,null],[-1.8763598797365695,52.478902696898885,0,null],[-1.8764112013994709,52.479088790656768,0,null],[-1.876424220188778,52.479121698707594,0,null],[-1.876431704847769,52.47913689515363,0,null],[-1.8764488454796631,52.479172233919599,0,null],[-1.8764598376516504,52.479192107039239,0,null],[-1.8764676927147581,52.47920541686949,0,null],[-1.8764714381717107,52.479211891793746,0,null],[-1.8764837665548302,52.479231497509019,0,null],[-1.876492955855495,52.479244718834252,0,null],[-1.8764970664917104,52.479250654739886,0,null],[-1.8765115821489229,52.479269453641571,0,null],[-1.8765293708537092,52.479289873267867,0,null],[-1.8765362706178266,52.479297250491015,0,null],[-1.8765432906237118,52.479304806740565,0,null],[-1.8765500694081554,52.479312273736326,0,null],[-1.8765570896652271,52.47931974098433,0,null],[-1.8765642311603803,52.479327027659714,0,null],[-1.876571494613952,52.479334405261277,0,null],[-1.876578758567901,52.479341603062906,0,null],[-1.8765862662165229,52.479348530519928,0,null],[-1.87659401705691,52.479355369229843,0,null],[-1.8766020115894906,52.479361938494087,0,null],[-1.8766102483418758,52.479368238311061,0,null],[-1.876619093688273,52.479374358963859,0,null],[-1.8766279397837631,52.479380209916755,0,null],[-1.8766373932473546,52.479385792702992,0,null],[-1.876647091152106,52.479390835444981,0,null],[-1.8766586101479452,52.47939596998993,0,null],[-1.8766667336411718,52.479399573583265,0,null],[-1.8766778916971185,52.479403719747921,0,null],[-1.8766832285302271,52.4794055224272,0,null],[-1.8766895346667858,52.479407686618323,0,null],[-1.8767015437846317,52.479411294270143,0,null],[-1.876713794626526,52.479414811374355,0,null],[-1.8767261691679153,52.479417790105465,0,null],[-1.8767389093569895,52.479420590316238,0,null],[-1.8767517695591898,52.479423120052004,0,null],[-1.8767645114942544,52.479425290062792,0,null],[-1.8767776166289256,52.479427101750481,0,null],[-1.8767908449693158,52.479428553066334,0,null],[-1.8768041960130497,52.479429825607788,0,null],[-1.876817426094771,52.479430647622422,0,null],[-1.8768307791278498,52.479431200962885,0,null],[-1.8768441316827569,52.47943139470128,0,null],[-1.8768644059339352,52.479431056262129,0,null],[-1.8769281581545034,52.479424921476834,0,null],[-1.876940424634568,52.47942331697022,0,null],[-1.8769523274545845,52.479421171783976,0,null],[-1.8769641083113717,52.479418937468338,0,null],[-1.8769927735678809,52.479413844854278,0,null],[-1.8770091154626873,52.479474706219449,0,null],[-1.8770115377193426,52.479476776444727,0,null],[-1.8770117799185613,52.47947704639725,0,null],[-1.8771269091463008,52.479505836365668,0,null],[-1.8770979726420018,52.479521174633867,0,null],[-1.8770780233552062,52.479535533358408,0,null],[-1.8770546690867655,52.479552315831711,0,null],[-1.8770328892507417,52.479569998042329,0,null],[-1.8770220590658258,52.479579333658414,0,null],[-1.8770154883628039,52.479584988712126,0,null],[-1.8770053857792619,52.479594235185075,0,null],[-1.8769863962975821,52.479612909195787,0,null],[-1.8769770212940369,52.47962260592486,0,null],[-1.8769684978247387,52.479632123741098,0,null],[-1.8769604572790606,52.479642181460399,0,null],[-1.8769539996018907,52.479650622629727,0,null],[-1.8769510748185729,52.479654574280822,0,null],[-1.8769474201906469,52.479659424170734,0,null],[-1.8769418115821208,52.479668046024912,0,null],[-1.8769303454372539,52.479687986473017,0,null],[-1.8769265643795285,52.479694362732523,0,null],[-1.876925830082314,52.479696339766733,0,null],[-1.8769244859335852,52.479699483965888,0,null],[-1.8769208228612535,52.479707388648414,0,null],[-1.8769180066421289,52.479715744613287,0,null],[-1.8769150726505406,52.479723560156181,0,null],[-1.8769128630556446,52.479731916753764,0,null],[-1.8769107786335779,52.479739733182832,0,null],[-1.8769092986198668,52.47974781994246,0,null],[-1.8769077959933949,52.479764625181197,0,null],[-1.8769071682620606,52.479772264228906,0,null],[-1.876907752048466,52.479780532941639,0,null],[-1.876907738394362,52.479785475629797,0,null],[-1.8769084453807985,52.479793385770016,0,null],[-1.8769106063347516,52.479802105628202,0,null],[-1.876912039692457,52.479810376126238,0,null],[-1.8769204698481534,52.479835190130764,0,null],[-1.8769231258828496,52.479840585103915,0,null],[-1.8769274726250853,52.479849037541896,0,null],[-1.8769318211045714,52.479856861580473,0,null],[-1.8769417323027433,52.479872689824646,0,null],[-1.8769472962632523,52.479880244531387,0,null],[-1.8769537100456291,52.47988771112319,0,null],[-1.8769597586751072,52.479895177333823,0,null],[-1.8770359567502626,52.479998252514235,0,null],[-1.8770629293909784,52.480034679337201,0,null],[-1.8771463348230975,52.480121405549269,0,null],[-1.8772497056096027,52.480232507287077,0,null],[-1.8772517632554033,52.480234397328026,0,null],[-1.8772541872863739,52.480236376751108,0,null],[-1.8772568513204519,52.480238356423882,0,null],[-1.8772593963346964,52.480240246971725,0,null],[-1.8772630314172969,52.480242497354602,0,null],[-1.8772670316581157,52.480244748117236,0,null],[-1.8772711546021905,52.480246820106387,0,null],[-1.8772755195197317,52.480248711648088,0,null],[-1.8772801273854436,52.480250603442364,0,null],[-1.8772847354966529,52.480252406235692,0,null],[-1.8772905581021848,52.48025429929308,0,null],[-1.8772981996154923,52.480256554740954,0,null],[-1.8773057216321101,52.480258359665051,0,null],[-1.8773137302851843,52.48025989629371,0,null],[-1.8773219809117612,52.480261252474456,0,null],[-1.8773304766991687,52.480262340108524,0,null],[-1.8773530506715492,52.480264879879357,0,null],[-1.8773629725155507,52.480320791813384,0,null],[-1.8773698611934349,52.480332303477326,0,null],[-1.8774176505721338,52.480392029662895,0,null],[-1.8774152030263267,52.480399126522897,0,null],[-1.8774140998605016,52.480402990177694,0,null],[-1.877413240137813,52.48040667428544,0,null],[-1.8774128643451766,52.480410538696013,0,null],[-1.8774126105181446,52.480414492234331,0,null],[-1.8774127220951913,52.480418357151329,0,null],[-1.8774130749012095,52.480422312218984,0,null],[-1.8774136709033722,52.480426177639345,0,null],[-1.8774154715133258,52.480433728413431,0,null],[-1.8774167966095749,52.480437504691338,0,null],[-1.8774184851457276,52.480441371246876,0,null],[-1.8774201754019304,52.48044514790417,0,null],[-1.8774223505808494,52.480448744366264,0,null],[-1.8774245257576272,52.480452341727336,0,null],[-1.8774297266865039,52.480459177733053,0,null],[-1.8774777468689172,52.480523398234702,0,null],[-1.8775253827482989,52.480595167220677,0,null],[-1.8775911265192995,52.480703982988956,0,null],[-1.8776534589199827,52.480817109482906,0,null],[-1.877771058799512,52.481052881751943,0,null],[-1.8777715419906853,52.481053871152518,0,null],[-1.8777726288687808,52.481055939079532,0,null],[-1.8777951896458629,52.481107460765472,0,null],[-1.8778452073841214,52.481196488390978,0,null],[-1.8778637051170157,52.481224638150799,0,null],[-1.8778886426258077,52.48125090667412,0,null],[-1.877890941082635,52.481253605154087,0,null],[-1.8779715251116267,52.481352550663601,0,null],[-1.8781506979751208,52.481537517215052,0,null],[-1.8781814610906951,52.481564780593892,0,null],[-1.8782652570428995,52.481644046516024,0,null],[-1.8783385222673565,52.481711438315607,0,null],[-1.8783881770335267,52.481756067326643,0,null],[-1.8783952011635661,52.481762365769264,0,null],[-1.8784076746326674,52.481774151930047,0,null],[-1.8784256124100669,52.4817848649216,0,null],[-1.8784468362307893,52.48179306589499,0,null],[-1.8784618793961716,52.481797214997059,0,null],[-1.8784672190331837,52.481798119498514,0,null],[-1.8784772918979864,52.481799298575986,0,null],[-1.8786087035797048,52.481914382707821,0,null],[-1.8786054050531007,52.481922019014178,0,null],[-1.8786043034215432,52.481925343280992,0,null],[-1.878603322042002,52.481928847471501,0,null],[-1.8786022155126538,52.481933968833992,0,null],[-1.878601842506181,52.481937383750633,0,null],[-1.8786014690096555,52.481940978466731,0,null],[-1.8786017011866407,52.481944394006192,0,null],[-1.8786019343485809,52.481947988447658,0,null],[-1.8786024109550454,52.481951404238693,0,null],[-1.8786032507708073,52.481955000203477,0,null],[-1.8786042128014393,52.481958596294049,0,null],[-1.8786052960644601,52.481962012709388,0,null],[-1.8786067432719302,52.481965339599313,0,null],[-1.8786085554064336,52.481968756764715,0,null],[-1.8786103677861896,52.481972084030382,0,null],[-1.8786124233682493,52.481975321646317,0,null],[-1.8786148426500218,52.481978559636467,0,null],[-1.8786195609595049,52.481984316293001,0,null],[-1.87888343269182,52.482231651573393,0,null],[-1.8789459199120768,52.48229031432826,0,null],[-1.8791133994108029,52.482447316616671,0,null],[-1.8794387939192192,52.482752503205845,0,null],[-1.879494145401613,52.482801361077421,0,null],[-1.8795256458782741,52.482826108560268,0,null],[-1.8795685426622619,52.482856080971743,0,null],[-1.8795885368366529,52.482870031387769,0,null],[-1.8796245350868754,52.482892357035645,0,null],[-1.879669874248451,52.482917658003252,0,null],[-1.8797066097010151,52.482936389278187,0,null],[-1.8797444411927273,52.482954402459434,0,null],[-1.8798229009567999,52.482988096034134,0,null],[-1.8798715360514786,52.483006749482577,0,null],[-1.8799491672238662,52.483033251030527,0,null],[-1.8799992693771943,52.483047952118802,0,null],[-1.8800164975696785,52.483052372947597,0,null],[-1.8800530154857569,52.483061756993123,0,null],[-1.8800917212940313,52.48307069375192,0,null],[-1.8801309173966525,52.483078013695753,0,null],[-1.8801708457663757,52.483083536370984,0,null],[-1.8802146627182581,52.483087535581532,0,null],[-1.8802394265999609,52.483088909229856,0,null],[-1.8802709914736695,52.483089929278378,0,null],[-1.8803739931519419,52.483162922006294,0,null],[-1.8803709445312418,52.483167502914142,0,null],[-1.8803709435652867,52.483167862513085,0,null],[-1.8803708216147574,52.483168310990301,0,null],[-1.8803708216147574,52.483168310990301,0,null],[-1.8803708216147574,52.483168310990301,0,null],[-1.8803708216147574,52.483168310990301,0,null],[-1.8803709413943008,52.48316867071172,0,null],[-1.8803709413943008,52.48316867071172,0,null],[-1.8803709411528122,52.483168760611463,0,null],[-1.8803711833918517,52.483169030557121,0,null],[-1.8803777286316659,52.483173441396048,0,null],[-1.8803903280723231,52.483183070775709,0,null],[-1.8803971129019534,52.48318873955732,0,null],[-1.8804034096092073,52.483194677543516,0,null],[-1.8804110365710753,52.483202594677834,0,null],[-1.8804115208110048,52.483203223569717,0,null],[-1.8804115208110048,52.483203223569717,0,null],[-1.8804120062555707,52.483203403861914,0,null],[-1.8804122492192623,52.483203404108274,0,null],[-1.8804201374888194,52.483204490906353,0,null],[-1.8804985600358093,52.483297949505292,0,null],[-1.880484078504608,52.483310876832185,0,null],[-1.8804801831415401,52.48331437808487,0,null],[-1.880472753521665,52.483323447756419,0,null],[-1.8804664140645784,52.483332878132316,0,null],[-1.8804631215391863,52.483338356896006,0,null],[-1.8804596962037416,52.483348329624988,0,null],[-1.8804567524274822,52.483359381641733,0,null],[-1.8804546672185827,52.48336710822938,0,null],[-1.8804524361695749,52.483384182469059,0,null],[-1.8804514310169149,52.483396584051349,0,null],[-1.8804510540376635,52.483401526370088,0,null],[-1.8804516435836631,52.483407908068223,0,null],[-1.8804545193276674,52.483422201483918,0,null],[-1.8804629407621354,52.483451238723127,0,null],[-1.8804713913668807,52.483468863188925,0,null],[-1.8804791285466897,52.483481273631355,0,null],[-1.8804890492567201,52.48349431558583,0,null],[-1.88049982009734,52.48350717860091,0,null],[-1.8805126493858411,52.483522290301011,0,null],[-1.8805234192750648,52.483535512912873,0,null],[-1.8805712200601554,52.483593799433308,0,null],[-1.8806000283290305,52.483626273504875,0,null],[-1.8806285941575061,52.483658566625046,0,null],[-1.8806321058298727,52.483662524879442,0,null],[-1.8807418841418437,52.483744331700976,0,null],[-1.8808172532081215,52.483844887505093,0,null],[-1.8808911510505721,52.483995501778786,0,null],[-1.8809291349197796,52.484047667843811,0,null],[-1.8809726829473297,52.484107208628345,0,null],[-1.8810128527332921,52.484159196172918,0,null],[-1.8811111202749005,52.484278199025844,0,null],[-1.8812092853706572,52.484390012377617,0,null],[-1.8813492416486477,52.484538266476498,0,null],[-1.8814365437979377,52.484626789962256,0,null],[-1.8814878858134292,52.484678070273652,0,null],[-1.8816479755153566,52.484835061866441,0,null],[-1.88174800327975,52.484932406308864,0,null],[-1.8817516343769163,52.484936364657628,0,null],[-1.8817563583900145,52.484940773602929,0,null],[-1.8817599942853451,52.484942933953263,0,null],[-1.8817635130258983,52.4849437465828,0,null],[-1.8817669114984248,52.484944378392356,0,null],[-1.8817715243201893,52.484944652717729,0,null],[-1.8817721310163369,52.484944653326025,0,null],[-1.8817782033546027,52.484944299813385,0,null],[-1.8817846403727021,52.48494358796448,0,null],[-1.8817860974572667,52.484943319724728,0,null],[-1.881794601409069,52.484941710046826,0,null],[-1.8818067525210889,52.484938037219521,0,null],[-1.8819167232171412,52.485040514894045,0,null],[-1.8821252911769122,52.485231346940388,0,null],[-1.8822654200551576,52.485362164887505,0,null],[-1.8822752334306447,52.485370442801639,0,null],[-1.8822868559324513,52.485382857028597,0,null],[-1.8822804462980456,52.485419249400167,0,null],[-1.8822756369436788,52.485446926650944,0,null],[-1.8824748444948454,52.485643140941612,0,null],[-1.882563383190321,52.485725104809838,0,null],[-1.8825820399208644,52.485740491818738,0,null],[-1.8825917338274674,52.485747781584941,0,null],[-1.8826030063530792,52.485755072922046,0,null],[-1.882614400351543,52.485762093779613,0,null],[-1.8826256750276187,52.485768576015445,0,null],[-1.8826384075711475,52.485775059701261,0,null],[-1.8826512603504821,52.48578118390482,0,null],[-1.8826638730568466,52.485786768467264,0,null],[-1.8826894664907994,52.485796320650707,0,null],[-1.8827040239311137,52.485801009041246,0,null],[-1.882718219786095,52.485804887969103,0,null],[-1.8827332650930741,52.485808856741187,0,null],[-1.8827634786035121,52.48581598709859,0,null],[-1.8827788902621432,52.48581896822661,0,null],[-1.8828151788489851,52.485824756108038,0,null],[-1.8828332629818871,52.485827291283265,0,null],[-1.8828395762694015,52.485827746158222,0,null],[-1.882872834087697,52.485831374306137,0,null],[-1.882946153733726,52.485837288826559,0,null],[-1.88299106742075,52.485841378012545,0,null],[-1.8830211732910564,52.485843565487677,0,null],[-1.8830364708688208,52.485844029265046,0,null],[-1.8830421771642953,52.485844034925364,0,null],[-1.883058327983036,52.485843152842143,0,null],[-1.8830622126816694,52.485843156694848,0,null],[-1.883082009779814,52.485841108623688,0,null],[-1.8831058151711941,52.485837986620318,0,null],[-1.8832126337660093,52.485894623477158,0,null],[-1.8832103188664271,52.485897407189654,0,null],[-1.8832217229924888,52.485901193391811,0,null],[-1.8832349432187967,52.485906509693784,0,null],[-1.8832564096295521,52.485915877867583,0,null],[-1.8832794458577755,52.485928033596856,0,null],[-1.8832903562271366,52.485934785109308,0,null],[-1.8833041725282431,52.485944145701936,0,null],[-1.8833133813488654,52.485951164329641,0,null],[-1.8833227107379191,52.485958813275936,0,null],[-1.8833307040140495,52.485966639800687,0,null],[-1.8833406294675783,52.485978333942683,0,null],[-1.8833420808964261,52.485980222382693,0,null],[-1.8833435394774543,52.485979954125355,0,null],[-1.8834603709025481,52.486061226111346,0,null],[-1.8834606152981686,52.486060687851086,0,null],[-1.8834639407612077,52.48608855209028,0,null],[-1.8833832955344516,52.486420647967321,0,null],[-1.8834955740551609,52.486572197538493,0,null],[-1.8836911290688758,52.486822330956478,0,null],[-1.883725586977046,52.486877907041887,0,null],[-1.8842635546693633,52.487543956214687,0,null],[-1.8844608160559606,52.487748344340879,0,null],[-1.8844621449503904,52.487750952746694,0,null],[-1.8844629871678666,52.487753829476922,0,null],[-1.8844638319656348,52.487755717308346,0,null],[-1.8844662543409862,52.48775859558711,0,null],[-1.8845520551649448,52.48786841622065,0,null],[-1.8848169806149382,52.488201300447585,0,null],[-1.885133354931527,52.488595349499278,0,null],[-1.8853328094514112,52.488846652877456,0,null],[-1.8853771308480696,52.488939535869029,0,null],[-1.8854026082384683,52.488994744048306,0,null],[-1.8854051470620767,52.488999329626452,0,null],[-1.885406598891602,52.489001129041448,0,null],[-1.8854089007709578,52.489003377885204,0,null],[-1.8854105946650701,52.489005536237109,0,null],[-1.8854154420367215,52.489009225959521,0,null],[-1.8854185934202565,52.489011566428836,0,null],[-1.8854244115266627,52.489015166296362,0,null],[-1.8854318114497557,52.489018139300946,0,null],[-1.8854346008662068,52.489019220816182,0,null],[-1.8854452785194658,52.489022376809132,0,null],[-1.8854496466535342,52.489023459859879,0,null],[-1.8854552304497914,52.489024274392719,0,null],[-1.8854655454384619,52.489026441129901,0,null],[-1.8855550280137927,52.489123052977277,0,null],[-1.8855601139902192,52.48912845012859,0,null],[-1.8855588879489116,52.489133302643587,0,null],[-1.8855589822232348,52.489143548649984,0,null],[-1.8855616264985042,52.489154065935985,0,null],[-1.8855662127839665,52.489164765808447,0,null],[-1.8855706855146384,52.489172678667202,0,null],[-1.8855724993323666,52.489175736134356,0,null],[-1.8855797561513037,52.489186798201835,0,null],[-1.8855877400200902,52.48919803987652,0,null],[-1.8855966933914365,52.489210810794333,0,null],[-1.8856044369066867,52.489221603632821,0,null],[-1.8856127878733979,52.489232126461602,0,null],[-1.8856172665745503,52.489237164319071,0,null],[-1.8856218668155664,52.489242471095721,0,null],[-1.8856349469982263,52.489255695519688,0,null],[-1.8857100643064926,52.489319759346806,0,null],[-1.8857242379749608,52.489332714222861,0,null],[-1.8857350118941218,52.489345396996825,0,null],[-1.8858118733277691,52.489439659894963,0,null],[-1.8858576285169819,52.489495696737265,0,null],[-1.8858611395466855,52.489499653947135,0,null],[-1.8858631990899268,52.489501094345144,0,null],[-1.8858635640876027,52.489501184599042,0,null],[-1.8858703563583414,52.489503977186963,0,null],[-1.8858826140500751,52.489506685171456,0,null],[-1.8859615094585258,52.48961254345884,0,null],[-1.8859573685042563,52.489617572954643,0,null],[-1.8860164323485724,52.489692135750936,0,null],[-1.8860918335990795,52.489788284053425,0,null],[-1.886162171137034,52.489869868989977,0,null],[-1.88618130424214,52.489890648115761,0,null],[-1.8862240342427619,52.489942546485175,0,null],[-1.8862673701745123,52.489994805923594,0,null],[-1.8863173584374893,52.490057406683675,0,null],[-1.886366498464938,52.490119467203051,0,null],[-1.8864530418092038,52.490227310338945,0,null],[-1.886489601067991,52.490270844648236,0,null],[-1.8865271319358177,52.490314559682638,0,null],[-1.8865520678697079,52.490345140752716,0,null],[-1.8865778535993207,52.490375723535088,0,null],[-1.8866152580305222,52.490421145621958,0,null],[-1.8866533926879088,52.49046611979837,0,null],[-1.8866776018607176,52.490495891041085,0,null],[-1.8867018138247051,52.490524584379429,0,null],[-1.8867605312728759,52.490593304756644,0,null],[-1.8867646469323465,52.490598162420667,0,null],[-1.8867901936290368,52.49062730652475,0,null],[-1.886814166182353,52.490654651108258,0,null],[-1.8868422458050098,52.490690807145576,0,null],[-1.8868832793914661,52.490742075240817,0,null],[-1.8869332704895347,52.490804226238367,0,null],[-1.8869568686669045,52.490835794837835,0,null],[-1.8869802268566527,52.490866195400073,0,null],[-1.8870051643221795,52.490896416774135,0,null],[-1.8870287622729307,52.490927535858361,0,null],[-1.8870300934666799,52.490929334238331,0,null],[-1.8870734263370681,52.490984109676802,0,null],[-1.88708322924717,52.490996701494495,0,null],[-1.8870990848179474,52.491016938824657,0,null],[-1.8871255945882053,52.491049767883986,0,null],[-1.8871769106924705,52.49111641415201,0,null],[-1.8872048702576716,52.491151941584988,0,null],[-1.8872063224600277,52.491153650178795,0,null],[-1.8872363409206034,52.491191516079773,0,null],[-1.8872657528851526,52.491229291492175,0,null],[-1.8872958924412337,52.491267067593633,0,null],[-1.8873803703780918,52.491376884964367,0,null],[-1.8874067540810866,52.491411961340837,0,null],[-1.8874336244223109,52.491446229075926,0,null],[-1.8874515468521134,52.491465209733093,0,null],[-1.8874689879578519,52.491482931326388,0,null],[-1.8874941876050593,52.491505873637102,0,null],[-1.8875231534956511,52.491528100340155,0,null],[-1.8875516343156014,52.491549966972457,0,null],[-1.8875813312356637,52.491570845858327,0,null],[-1.8876046067930368,52.491585967698619,0,null],[-1.887628006662643,52.491600279653298,0,null],[-1.8876674245265341,52.491619190893324,0,null],[-1.8877076965436317,52.491636395732584,0,null],[-1.8877192212425871,52.49164036053007,0,null],[-1.8877519763526613,52.491652884279929,0,null],[-1.8877858292895773,52.491663432164572,0,null],[-1.8878211397242337,52.491673621828085,0,null],[-1.8878573045202174,52.49168201429346,0,null],[-1.887885704680355,52.491688152750605,0,null],[-1.8879229702634157,52.491693400640671,0,null],[-1.8879619389525795,52.491697841938212,0,null],[-1.8879948399628221,52.491700479448674,0,null],[-1.8880386721250544,52.491701869644572,0,null],[-1.8880840891214137,52.491701463329399,0,null],[-1.8880998763339121,52.491700669236074,0,null],[-1.8881287816383441,52.491699259205866,0,null],[-1.8881737211379703,52.491694897698238,0,null],[-1.8882169636568518,52.491690085960798,0,null],[-1.8882596047225506,52.49168257663441,0,null],[-1.8882628842459221,52.491682130246851,0,null],[-1.8882955663046026,52.491675240754908,0,null],[-1.888313671653683,52.491670944527691,0,null],[-1.8883185313471995,52.491669960237282,0,null],[-1.8883748497396617,52.491680079763782,0,null],[-1.88852195694694,52.491706731592217,0,null],[-1.8885254701931717,52.491709970422818,0,null],[-1.8885263190766424,52.491710330826947,0,null],[-1.8885288664065873,52.49171114233976,0,null],[-1.8885299595437777,52.49171159287522,0,null],[-1.8885372421786446,52.491712857472997,0,null],[-1.8885405192104656,52.491713399976206,0,null],[-1.8885546002738527,52.491715211308993,0,null],[-1.8885677094253839,52.491717560221581,0,null],[-1.8885997523239964,52.491723522155453,0,null],[-1.8886311847132962,52.491730382503853,0,null],[-1.8886615248826668,52.491737601411195,0,null],[-1.888664072897476,52.491738142322518,0,null],[-1.8886971991254542,52.491747880158783,0,null],[-1.8887305676971895,52.491757887915085,0,null],[-1.8887644198130615,52.491768885019745,0,null],[-1.8887723047268028,52.491771948173678,0,null],[-1.8887909879412028,52.491779155134175,0,null],[-1.8887936566162895,52.491780326356235,0,null],[-1.8888157335793863,52.491789694120584,0,null],[-1.8888374434966158,52.491799780734816,0,null],[-1.8888576983216609,52.491809865971277,0,null],[-1.888883529120166,52.491823460772615,0,null],[-1.8888911685602821,52.491827512587761,0,null],[-1.888908510021768,52.491836516264804,0,null],[-1.8889328865294115,52.491849211581155,0,null],[-1.8889578678043137,52.491862716563659,0,null],[-1.8889771496300947,52.491872621061702,0,null],[-1.8889780008953636,52.491872621864552,0,null],[-1.8891658714160149,52.491914499948862,0,null],[-1.8891765241291747,52.491927991393538,0,null],[-1.8891859609049235,52.491941841292899,0,null],[-1.8891966158820532,52.491954433737121,0,null],[-1.8892082416525333,52.491966937193993,0,null],[-1.8892197459861628,52.491979710235626,0,null],[-1.8892318607134044,52.491991045449325,0,null],[-1.889244945334644,52.492002651274539,0,null],[-1.8892564564363854,52.492012728215727,0,null],[-1.8892689411545625,52.49202217677113,0,null],[-1.8892837230337816,52.492035312489826,0,null],[-1.8892995997511348,52.49204764013561,0,null],[-1.8893125672288418,52.492057808365729,0,null],[-1.8893271133096377,52.4920680679881,0,null],[-1.8893409303713316,52.49207832602432,0,null],[-1.8893490529880437,52.492083546982435,0,null],[-1.8893559640586162,52.492087956798841,0,null],[-1.8893719684411996,52.492098127885889,0,null],[-1.8893893069496255,52.492108390124727,0,null],[-1.8894047060092971,52.492117391933647,0,null],[-1.8894208332051123,52.492126754025996,0,null],[-1.889436718746474,52.492135576486923,0,null],[-1.8894533330987033,52.492144489530475,0,null],[-1.8894721321743084,52.492153764224483,0,null],[-1.8894919013751714,52.492163219626981,0,null],[-1.8895159173561231,52.492174746720607,0,null],[-1.8895415113810676,52.492186004689962,0,null],[-1.8895592191297206,52.492194109641098,0,null],[-1.8895770512701984,52.492201945904121,0,null],[-1.889597554031327,52.492209604868442,0,null],[-1.8896173257521347,52.492218071347992,0,null],[-1.8896300657204257,52.492222666414548,0,null],[-1.889641952173934,52.492228160582229,0,null],[-1.8896609977964269,52.49223545766889,0,null],[-1.889680289699931,52.492242036679301,0,null],[-1.8896978830032056,52.492247625190899,0,null],[-1.8897174224088298,52.492252407318787,0,null],[-1.889738419752776,52.492256651406862,0,null],[-1.8897606335928046,52.492259727925664,0,null],[-1.8897810268431647,52.492262892636006,0,null],[-1.8897996007186839,52.492265066735555,0,null],[-1.8898257021569409,52.492267787280035,0,null],[-1.8898320146659233,52.492268332590257,0,null],[-1.8898521684971061,52.49227005865837,0,null],[-1.8898808208126594,52.492272782476533,0,null],[-1.8899097160142644,52.492274966213735,0,null],[-1.8899752801300564,52.492278622629208,0,null],[-1.8900302866331855,52.492279572134713,0,null],[-1.890061856615554,52.492280500627388,0,null],[-1.8900936707267206,52.49228097983778,0,null],[-1.8901468613292878,52.492280130485298,0,null],[-1.8901683574691173,52.492279252439623,0,null],[-1.8901905822849494,52.492277924668969,0,null],[-1.8902119593053224,52.492275787899146,0,null],[-1.8902347957249743,52.492273113084167,0,null],[-1.8902649191518406,52.492269995556413,0,null],[-1.8902940714247063,52.492266517514452,0,null],[-1.8903396231145946,52.492260718233801,0,null],[-1.8907138779296877,52.492211724486559,0,null],[-1.8907537211206162,52.492206459148804,0,null],[-1.8909110313465927,52.492233387261393,0,null],[-1.8909089478752028,52.492240935162641,0,null],[-1.8909099194728654,52.49224111586382,0,null],[-1.8909122277775889,52.492240938202386,0,null],[-1.8909181800645825,52.492240044715011,0,null],[-1.8909258310636556,52.492239512402925,0,null],[-1.8909614162515007,52.492237298762689,0,null],[-1.8910970734459005,52.492230234120491,0,null],[-1.8913645028547394,52.492216551185138,0,null],[-1.8915720559146281,52.492206406719518,0,null],[-1.8916263432403273,52.492203311102728,0,null],[-1.8916654509017767,52.492200650992373,0,null],[-1.8916997041645962,52.492196817698016,0,null],[-1.8918774318857876,52.492167862369953,0,null],[-1.8919125399555643,52.492161962091217,0,null],[-1.8919402352216994,52.492158572206634,0,null],[-1.8919447272216667,52.492158576330581,0,null],[-1.8921762067290386,52.4921466556616,0,null],[-1.8922313430193292,52.492144459548818,0,null],[-1.8922818581207594,52.492144505790911,0,null],[-1.8923198606321008,52.492146877074738,0,null],[-1.8925194770260994,52.492154609361968,0,null],[-1.8925579712539828,52.492154644508197,0,null],[-1.8925928270443171,52.492152519612254,0,null],[-1.892899234938525,52.49213859817506,0,null],[-1.8930599074422132,52.492131285243062,0,null],[-1.8932152359771921,52.492124236046543,0,null],[-1.8932840973861704,52.492120703390427,0,null],[-1.8935571113417282,52.492106571065214,0,null],[-1.8937134095890373,52.492100421095671,0,null],[-1.8938137196911438,52.492097366030414,0,null],[-1.8939150007416348,52.492094760358064,0,null],[-1.8941458446394253,52.492094519612365,0,null],[-1.8942411666205103,52.492095053913673,0,null],[-1.894335880066204,52.492096936995871,0,null],[-1.8944939674524846,52.492103819554622,0,null],[-1.8946400288512337,52.492113477147448,0,null],[-1.8947398293788136,52.492120306281556,0,null],[-1.8948719182605853,52.492132558199167,0,null],[-1.8949431827774708,52.492139721267954,0,null],[-1.894972319446651,52.492142623186368,0,null],[-1.895071744585751,52.492154396223242,0,null],[-1.8950844915190146,52.492155665293531,0,null],[-1.8950886203607646,52.492156028575685,0,null],[-1.8950969977665602,52.492156575445591,0,null],[-1.895110716312169,52.492158026078819,0,null],[-1.895123220024616,52.492159384828497,0,null],[-1.8951364527653169,52.492160745125467,0,null],[-1.8951495647404197,52.492162104414355,0,null],[-1.8951703216862392,52.492165448319284,0,null],[-1.8951910775702441,52.49216924172125,0,null],[-1.8951941112811537,52.492169963625685,0,null],[-1.8951999388699312,52.492170688018113,0,null],[-1.8952056446455876,52.492171231602114,0,null],[-1.8952095275163772,52.492172223963308,0,null],[-1.895211712494161,52.492172495609886,0,null],[-1.8952160841355372,52.4921729490041,0,null],[-1.8952234886546657,52.492173854600097,0,null],[-1.8952264026645815,52.492174125996485,0,null],[-1.8952304101195112,52.492174129564276,0,null],[-1.895232231318992,52.492174400886618,0,null],[-1.8952336885446068,52.492174132482923,0,null],[-1.8952378167681321,52.492174136157992,0,null],[-1.8952527580347365,52.492172352350345,0,null],[-1.8952557955783838,52.492171456050684,0,null],[-1.8952605335507164,52.492170831864357,0,null],[-1.8952635704555638,52.49217020526492,0,null],[-1.8952673370286006,52.4921693096138,0,null],[-1.8952706169431619,52.49216868323046,0,null],[-1.8952793670681831,52.492165455504335,0,null],[-1.8952825283396766,52.492163930910777,0,null],[-1.895285446177595,52.492162585002198,0,null],[-1.8952949285195124,52.49215801032053,0,null],[-1.8955203360815107,52.492197305612628,0,null],[-1.8955248274356185,52.492198208603313,0,null],[-1.8955270109304803,52.492199109545048,0,null],[-1.8955312580164418,52.492199921519315,0,null],[-1.8955318660657599,52.492200011959426,0,null],[-1.895534658472632,52.492200014438268,0,null],[-1.8955368430292281,52.492200465879115,0,null],[-1.8955397576775685,52.492200468466351,0,null],[-1.8955419422342259,52.492200919907106,0,null],[-1.8955464357118368,52.492200923895595,0,null],[-1.895548498027144,52.492201375227708,0,null],[-1.8955504431692451,52.492200927452551,0,null],[-1.895554935174059,52.49220093143942,0,null],[-1.8955673272652753,52.492198426126969,0,null],[-1.8958671821101911,52.492233922883088,0,null],[-1.8958747002231695,52.492238512654012,0,null],[-1.8958848861701514,52.492244722990627,0,null],[-1.8958945907514611,52.492248955992395,0,null],[-1.8958984727924764,52.492250936334699,0,null],[-1.8959030832362598,52.492252558618915,0,null],[-1.8959082989913767,52.492254809841633,0,null],[-1.8959220095614737,52.492259674787768,0,null],[-1.8959279564625036,52.492261028552022,0,null],[-1.895933416076258,52.492262920387979,0,null],[-1.8959366926047689,52.492263732388345,0,null],[-1.8959425195838138,52.492264726444546,0,null],[-1.8959477374568978,52.49226607866413,0,null],[-1.8959585424618259,52.492267706423277,0,null],[-1.8959629120133172,52.492268429488938,0,null],[-1.8959681319994348,52.49226888360527,0,null],[-1.8959723812072715,52.492269425864571,0,null],[-1.896038300724616,52.492277483449286,0,null],[-1.8960478909002314,52.492278390924412,0,null],[-1.8962702921422294,52.492305818880517,0,null],[-1.8962912939377223,52.492308443601431,0,null],[-1.896349200742252,52.492315594947449,0,null],[-1.8963655885004578,52.492317496388424,0,null],[-1.8963706864640479,52.492318489781418,0,null],[-1.8963745714786371,52.492319212405135,0,null],[-1.8963780922936777,52.492319485206444,0,null],[-1.8964023765383138,52.492320404691888,0,null],[-1.8964232626291024,52.492320872578809,0,null],[-1.8964431762567033,52.492320890104686,0,null],[-1.8966317498970438,52.492325999519615,0,null],[-1.8966680534079323,52.49232827801255,0,null],[-1.8967035079607444,52.49233019614784,0,null],[-1.8973853937827032,52.492417612175458,0,null],[-1.8976565905628753,52.492453887594088,0,null],[-1.8976800188671248,52.492457503081681,0,null],[-1.8976947088084728,52.492459312961465,0,null],[-1.8977021130110951,52.492460398202283,0,null],[-1.8977072101899717,52.492461751138052,0,null],[-1.8977131582145514,52.492462654412677,0,null],[-1.8977239589527513,52.492465539711702,0,null],[-1.8977538173707282,52.492471766983215,0,null],[-1.8979366005419926,52.492513358019515,0,null],[-1.8979586893397575,52.492518590495301,0,null],[-1.8979671859632874,52.492519855568403,0,null],[-1.8979767752165868,52.492521841689666,0,null],[-1.8979843002300172,52.492523555420625,0,null],[-1.8979921902670998,52.492524730964732,0,null],[-1.8980023877688887,52.492526087410077,0,null],[-1.8980118562334769,52.492527444121663,0,null],[-1.8981729518376624,52.492547715013878,0,null],[-1.8983289489316566,52.492567262977502,0,null],[-1.898401909786599,52.49257640323026,0,null],[-1.8985645453612043,52.492189813121726,0,null],[-1.8985953794587143,52.492194423716022,0,null],[-1.8988478781146254,52.492229692286294,0,null],[-1.8989338224375019,52.492242798088469,0,null],[-1.8989452334821755,52.492244155495115,0,null],[-1.8989534877203262,52.492245780789567,0,null],[-1.8989593170236303,52.492245785795625,0,null],[-1.8989644187329004,52.492245160874482,0,null],[-1.8989720720997776,52.492243549240818,0,null],[-1.8989780287381637,52.492240678444645,0,null],[-1.8991985364725239,52.492246620285364,0,null],[-1.8991961366660959,52.492340626971782,0,null],[-1.899193352181656,52.492443800460364,0,null],[-1.899192154726578,52.492489725000723,0,null],[-1.8991874602692496,52.492630913886558,0,null],[-1.8991885355175748,52.492639272838112,0,null],[-1.8991896099059677,52.492647362987043,0,null],[-1.8991902078949434,52.492651228312994,0,null],[-1.8991909289460935,52.492654734143187,0,null],[-1.8991915302127012,52.492657161067264,0,null],[-1.8991927376600843,52.492659858211525,0,null],[-1.8991941881592596,52.492663184866061,0,null],[-1.8991950361237491,52.492663994695178,0,null],[-1.8991964886325026,52.492665793046442,0,null],[-1.8991979436362643,52.492667142797345,0,null],[-1.8991987911932879,52.492668131527651,0,null],[-1.8992000031454188,52.492668851768265,0,null],[-1.8992021846906395,52.492670651642982,0,null],[-1.899205095276256,52.492672451243209,0,null],[-1.8992128592800914,52.492675963106294,0,null],[-1.8992139510770858,52.492676413542966,0,null],[-1.8992155286968422,52.49267695339703,0,null],[-1.8992191703674612,52.492677855519183,0,null],[-1.89922414496581,52.492679388084881,0,null],[-1.8992264520315918,52.492679749661981,0,null],[-1.8992316702594818,52.492681011836147,0,null],[-1.8992337336983818,52.492681642905332,0,null],[-1.8992348263147147,52.492681733741335,0,null],[-1.8992384675370468,52.492682186361023,0,null],[-1.8992413811939031,52.492682638357579,0,null],[-1.8992450238891656,52.492683090978325,0,null],[-1.8992480583181877,52.49268354217913,0,null],[-1.8992514565280039,52.492683994590344,0,null],[-1.8992609267425926,52.492685261302874,0,null],[-1.8993517312292267,52.492697561855273,0,null],[-1.8994504266933432,52.492710678183983,0,null],[-1.8996543711104266,52.492739162791139,0,null],[-1.8998273630343743,52.492761868877309,0,null],[-1.9000468458615112,52.49279306214342,0,null],[-1.9004435698227191,52.492847323386592,0,null],[-1.9006401117766272,52.492874451521352,0,null],[-1.9008160156091629,52.492898865823094,0,null],[-1.9010442424390404,52.492930064604224,0,null],[-1.9011749890291738,52.492947071255934,0,null],[-1.9012842491580322,52.492961273727204,0,null],[-1.9014561473765401,52.492985144315298,0,null],[-1.9015017921291082,52.49299147376675,0,null],[-1.9015055554457012,52.492992016319597,0,null],[-1.9015810658172263,52.493002415357459,0,null],[-1.9018954814692584,52.493047704560439,0,null],[-1.902221791389505,52.49309605942193,0,null],[-1.9024847281370891,52.493137620136075,0,null],[-1.9027357697185623,52.493177012821562,0,null],[-1.9029229538269248,52.493208623560456,0,null],[-1.9030870747807982,52.493235721786604,0,null],[-1.9032793556563985,52.493269223164972,0,null],[-1.9034900846749432,52.493307143581575,0,null],[-1.9036829692521107,52.493342352901188,0,null],[-1.9038757304362466,52.493378909408726,0,null],[-1.9040448249216213,52.493408706473552,0,null],[-1.9042845778965292,52.493447098645277,0,null],[-1.9043765948450153,52.493462002538443,0,null],[-1.9044683685300157,52.493476366760724,0,null],[-1.9045624536133723,52.493489834683785,0,null],[-1.9045727721213181,52.493491281460159,0,null],[-1.9047457659241334,52.493515687567502,0,null],[-1.9047682240876835,52.493518941263858,0,null],[-1.9048583027381762,52.493531956205508,0,null],[-1.9051385019949323,52.49356723374337,0,null],[-1.9053910244201384,52.493597544740751,0,null],[-1.9056242426435477,52.493626492103751,0,null],[-1.9056905314979582,52.49363373550014,0,null],[-1.9058538192837036,52.493654537088275,0,null],[-1.9071119740533182,52.493793494857599,0,null],[-1.9072406702384812,52.493806628376838,0,null],[-1.9076822498723445,52.493848318275354,0,null],[-1.9079105080644001,52.493869168004601,0,null],[-1.9079175499006609,52.493869802820463,0,null],[-1.9079724294304687,52.493874878395388,0,null],[-1.9080378716389916,52.493880951108018,0,null],[-1.9081572211710747,52.493892189312824,0,null],[-1.9082135568415082,52.493897535613542,0,null],[-1.9082396609538939,52.493899982392946,0,null],[-1.9082692860837991,52.493902702512933,0,null],[-1.9083533021902035,52.49391175534619,0,null],[-1.9083798903267444,52.493914472172406,0,null],[-1.9083879036973432,52.493915377417771,0,null],[-1.9084049012336524,52.493917097863871,0,null],[-1.9084125502698124,52.493917553322774,0,null],[-1.908428944528775,52.49391756609073,0,null],[-1.908437810524692,52.493917123493659,0,null],[-1.9084459465309598,52.493917129828574,0,null],[-1.9084629494628964,52.493916244063719,0,null],[-1.9084704794001177,52.493915890324352,0,null],[-1.9084780102652901,52.493915087983225,0,null],[-1.9084855420619327,52.493913835242331,0,null],[-1.9084944099142278,52.493912494539487,0,null],[-1.9085098374843179,52.493909899438165,0,null],[-1.9085179786784194,52.493908108667164,0,null],[-1.9085262382448396,52.493906766589689,0,null],[-1.9085340136141369,52.493905245233613,0,null],[-1.9085536977571742,52.493899778429082,0,null],[-1.9085568573979996,52.493898881884228,0,null],[-1.9085630553602146,52.493896640097972,0,null],[-1.9085705912370923,52.493893410449452,0,null],[-1.9085787328125761,52.493890719773589,0,null],[-1.9085921019379479,52.493884978352163,0,null],[-1.9085987887217075,52.493881388441025,0,null],[-1.9086060813881243,52.49387824850141,0,null],[-1.9086121606145294,52.493875017718103,0,null],[-1.9086350149636111,52.493862812646924,0,null],[-1.9086544740443805,52.493849347230046,0,null],[-1.9086588537984357,52.493845306022301,0,null],[-1.9086660281044745,52.493840278981899,0,null],[-1.9088226833418136,52.493780813807426,0,null],[-1.908826932299259,52.493781625304877,0,null],[-1.908827782314606,52.493781536063764,0,null],[-1.9088416340709338,52.493778131494707,0,null],[-1.9088598563016812,52.493774461510121,0,null],[-1.9088812370452972,52.493770433470587,0,null],[-1.9088868257570739,52.493769358998911,0,null],[-1.9088886522896715,52.493767113808261,0,null],[-1.9090892976509561,52.493751451171313,0,null],[-1.9091039873889786,52.493753799034216,0,null],[-1.9091231698475581,52.49375588156613,0,null],[-1.9091742912499072,52.493757808071138,0,null],[-1.909196268804852,52.493758634147461,0,null],[-1.9092245598784234,52.493760453097238,0,null],[-1.9092535798247454,52.49376236340197,0,null],[-1.9092595293698083,52.49376272669533,0,null],[-1.9092943786447321,52.493764012187206,0,null],[-1.9093417384259912,52.493764498213721,0,null],[-1.9093892199020619,52.49376453481409,0,null],[-1.9094367046914991,52.493763672396021,0,null],[-1.90955244224238,52.49375935817276,0,null],[-1.9096176625963184,52.49375509401559,0,null],[-1.9096549481173861,52.493752696264991,0,null],[-1.9097103313493184,52.493749143699219,0,null],[-1.9098225566170841,52.493740242503961,0,null],[-1.9099385526420143,52.493728288383338,0,null],[-1.9100363314308675,52.493717577915042,0,null],[-1.9101684887234216,52.493700602422805,0,null],[-1.9102802427016321,52.493685049618087,0,null],[-1.9103904206303344,52.493668058002854,0,null],[-1.9104275929075325,52.493661885014006,0,null],[-1.9104874808518286,52.493652044301797,0,null],[-1.9105925609081333,52.493633700114614,0,null],[-1.9107992002735126,52.493595750187303,0,null],[-1.9108866717494561,52.493576942877347,0,null],[-1.9108990637281666,52.493574256163143,0,null],[-1.9109703780673806,52.493559121553702,0,null],[-1.9111497014425753,52.493517555218716,0,null],[-1.9112450785416861,52.493493001805561,0,null],[-1.9113398490574092,52.493467548856515,0,null],[-1.911433046560159,52.493439848041227,0,null],[-1.9115270957473882,52.49341115889181,0,null],[-1.9116205399453297,52.493380762008684,0,null],[-1.9118556729736536,52.493303196468979,0,null],[-1.912031137231329,52.493247516076387,0,null],[-1.9125233864994406,52.493088356458763,0,null],[-1.9125729630558459,52.493072755207159,0,null],[-1.9128112448340513,52.492998066925239,0,null],[-1.9128355466327549,52.492990445232088,0,null],[-1.9130466093453629,52.492924274110308,0,null],[-1.913051833650306,52.492922660670899,0,null],[-1.9131010444012919,52.49290714882865,0,null],[-1.9140912423577037,52.492583879250596,0,null],[-1.9143752176803217,52.492489088981706,0,null],[-1.9143995180615738,52.492481916468691,0,null],[-1.914423454570398,52.492474025383345,0,null],[-1.9144469068676213,52.492465954140322,0,null],[-1.9144691452242799,52.492458060910501,0,null],[-1.9144915067737478,52.492448910062741,0,null],[-1.9145132603958745,52.492439578968174,0,null],[-1.9145556794791097,52.492420016974194,0,null],[-1.9145763412997814,52.492410145673212,0,null],[-1.9145976113763223,52.492400274810691,0,null],[-1.9146177889737728,52.49239022424927,0,null],[-1.9146377249403503,52.492379453408518,0,null],[-1.91465851000659,52.492369042781746,0,null],[-1.9146912077278038,52.492352170684399,0,null],[-1.9146976509489395,52.492348490353528,0,null],[-1.9147172239619812,52.492337270634131,0,null],[-1.914741904960866,52.492321290807347,0,null],[-1.9147594136152977,52.492309798983712,0,null],[-1.91477607332317,52.492297857939953,0,null],[-1.9147928548301421,52.492285377581126,0,null],[-1.914809028671431,52.492273346280285,0,null],[-1.9148250809546232,52.492260955288423,0,null],[-1.9148477036812295,52.492242277841548,0,null],[-1.9148694772804973,52.492223240174525,0,null],[-1.9148897936636005,52.492203751947201,0,null],[-1.9149014737940568,52.492191807279148,0,null],[-1.9149131549557736,52.492179323209605,0,null],[-1.9149239865741092,52.492167467825105,0,null],[-1.9149342103538882,52.492154623097647,0,null],[-1.9149444349090652,52.492142137970589,0,null],[-1.9149597742371223,52.49212210672755,0,null],[-1.9149743853841072,52.492101626353779,0,null],[-1.9149875388971231,52.492081683425695,0,null],[-1.9150014244440952,52.49205940452007,0,null],[-1.915009588792046,52.492044491496806,0,null],[-1.9150138539492154,52.492036854872055,0,null],[-1.9150344568145703,52.491994719215249,0,null],[-1.9150453150944338,52.491968213731532,0,null],[-1.915059694871494,52.491942429993067,0,null],[-1.9150775931947523,52.491917367996436,0,null],[-1.9150988902454842,52.491893297353734,0,null],[-1.9151233410216939,52.491870486687503,0,null],[-1.9151507056286596,52.491848846821419,0,null],[-1.915181101023339,52.491828827338423,0,null],[-1.9152140443100671,52.491810336189637,0,null],[-1.9152378677645268,52.491798939661614,0,null],[-1.9152640003339629,52.49178610639251,0,null],[-1.9152805321579411,52.491776951200677,0,null],[-1.9152849083557506,52.491774348152163,0,null],[-1.915296457536263,52.491767615769184,0,null],[-1.9153125043648955,52.4917579208227,0,null],[-1.9153285536932556,52.491747686475271,0,null],[-1.9153441163075742,52.491737812274366,0,null],[-1.915366000278097,52.491723987020634,0,null],[-1.9153782805985857,52.491715368153301,0,null],[-1.9153860627581596,52.491709980650981,0,null],[-1.915404790967963,52.491695165115459,0,null],[-1.9154216988179928,52.491680348266655,0,null],[-1.9154393331752428,52.491666070439805,0,null],[-1.9154559985113675,52.491650983711253,0,null],[-1.9154721771333809,52.491636256230557,0,null],[-1.9154882356654206,52.491621169060878,0,null],[-1.9155084317211273,52.491600422057303,0,null],[-1.9155247413121472,52.491581111556656,0,null],[-1.9155343525371711,52.491571142252631,0,null],[-1.9155489555614944,52.491554705526859,0,null],[-1.9155628301682222,52.491538717776258,0,null],[-1.915576463204826,52.491521202447807,0,null],[-1.9155932701598264,52.491495150686688,0,null],[-1.915686946857867,52.49134018432715,0,null],[-1.9157815970408052,52.491183331584821,0,null],[-1.9158819678352561,52.491018933947508,0,null],[-1.9159648031809429,52.490880946220351,0,null],[-1.916001946853805,52.490823902396563,0,null],[-1.9160084017154941,52.490813930796442,0,null],[-1.9160873365737316,52.490682860701469,0,null],[-1.9161612755493889,52.490561043101771,0,null],[-1.9162707609203802,52.490391349315772,0,null],[-1.9163034259886802,52.49032612308946,0,null],[-1.9163424313070523,52.490248319847531,0,null],[-1.916407603580397,52.490073381057563,0,null],[-1.9164688811414261,52.489903292266412,0,null],[-1.9164703491540545,52.489897991001172,0,null],[-1.9165104194399818,52.489769857874094,0,null],[-1.9165420702367866,52.489662660983463,0,null],[-1.9165473262391515,52.489644779087911,0,null],[-1.9165597096427016,52.489581157476074,0,null],[-1.9165583988571406,52.489567944823008,0,null],[-1.9165571967247508,52.489561922458918,0,null],[-1.9165523636920023,52.489549246704662,0,null],[-1.9165489751088263,52.489542953087025,0,null],[-1.9165454650857592,52.489537018983505,0,null],[-1.9165413479728226,52.489531263349868,0,null],[-1.9165320195301812,52.489519753102691,0,null],[-1.9166133372510568,52.489410793463414,0,null],[-1.9166231806888714,52.489406935643437,0,null],[-1.916624274957047,52.489406127318915,0,null],[-1.9166274379012205,52.489402444557498,0,null],[-1.9166301151400222,52.48939939075219,0,null],[-1.916631946363424,52.48939435944267,0,null],[-1.9166977485083021,52.489206658695153,0,null],[-1.9167110662670404,52.489162809461106,0,null],[-1.9167139995266933,52.489152835323353,0,null],[-1.9167534453009274,52.489032611070144,0,null],[-1.9167515109588336,52.489028296291139,0,null],[-1.9167498167315395,52.489025509085465,0,null],[-1.9167473938664077,52.489022540664145,0,null],[-1.9167441226150355,52.489018854238459,0,null],[-1.9167403628403714,52.48901651417043,0,null],[-1.9167373309090745,52.489013995716896,0,null],[-1.9167347838946611,52.489012826108933,0,null],[-1.9167175532371203,52.489006701584984,0,null],[-1.9167320914685029,52.488959887407027,0,null],[-1.9167537045486502,52.488959902724538,0,null],[-1.9167579553846537,52.488959547035186,0,null],[-1.9167666994265871,52.488958384529056,0,null],[-1.9167704647871335,52.488957757895896,0,null],[-1.916773381087634,52.48895677106055,0,null],[-1.9167769049780299,52.488955336053898,0,null],[-1.9167793356319671,52.488954169074105,0,null],[-1.9168429775997191,52.48875235687683,0,null],[-1.9168740003298461,52.488655673257085,0,null],[-1.916875709939311,52.488650282256629,0,null],[-1.9168903674119531,52.48860490564433,0,null],[-1.9168976927793127,52.488583610787117,0,null],[-1.9169510460288683,52.488427806628025,0,null],[-1.9169962334908808,52.488288982404399,0,null],[-1.9170488597246722,52.488132548379539,0,null],[-1.9172147205975347,52.48767987790184,0,null],[-1.9172221630430397,52.487660380208098,0,null],[-1.9172322860639777,52.487636750793676,0,null],[-1.9172517979445913,52.487591467450152,0,null],[-1.9172695989184505,52.487552295209468,0,null],[-1.9173132436437437,52.487457777949672,0,null],[-1.917369310979111,52.487342957370927,0,null],[-1.9173750458185652,52.487327772773796,0,null],[-1.9173793245622734,52.487312407351872,0,null],[-1.9173806891434682,52.487296949979914,0,null],[-1.9173807032623404,52.487289400174745,0,null],[-1.9173793956587897,52.487274390423956,0,null],[-1.9173751737309683,52.487259378623165,0,null],[-1.9173710666373303,52.487248321610849,0,null],[-1.91736332283107,52.487233755933829,0,null],[-1.917354241676702,52.487220089215889,0,null],[-1.9173424896542592,52.487206959119717,0,null],[-1.9173319435532592,52.487197065377714,0,null],[-1.9173318227981671,52.487197065292726,0,null],[-1.9173025566047612,52.487199021596524,0,null],[-1.9173648425774499,52.487135344199487,0,null],[-1.9173881804616415,52.487056721350534,0,null],[-1.9174563201236408,52.487108716263101,0,null],[-1.9174599600283087,52.487110515925082,0,null],[-1.9174657858038744,52.487112048321428,0,null],[-1.9174720974153923,52.487112861857561,0,null],[-1.9174790192343587,52.48711259702015,0,null],[-1.9174846054252519,52.487111522142648,0,null],[-1.9174901947657856,52.487109549164522,0,null],[-1.917494450286173,52.487106586347487,0,null],[-1.9174979775306431,52.487103263418149,0,null],[-1.9175026076953348,52.487094459151663,0,null],[-1.9175387911608288,52.487029145123728,0,null],[-1.9175640058242849,52.486985483931051,0,null],[-1.9176032224879511,52.486921071911766,0,null],[-1.9176384189574531,52.486864475677088,0,null],[-1.9176652107276977,52.486821533870007,0,null],[-1.9176660632704228,52.486820007063855,0,null],[-1.9176664330348356,52.486816771816194,0,null],[-1.9176654699546023,52.486812816432945,0,null],[-1.9176638963409802,52.486810119224018,0,null],[-1.9176538322024019,52.486802383451774,0,null],[-1.9177681188117186,52.486654350303183,0,null],[-1.9177734681134671,52.486650758940584,0,null],[-1.91777699396192,52.486648155203078,0,null],[-1.9177829526520687,52.486643125863985,0,null],[-1.9177858721208856,52.486640341901435,0,null],[-1.9177886711703453,52.486637378054184,0,null],[-1.9177913481605544,52.486634324221264,0,null],[-1.9177937823379794,52.486631180318192,0,null],[-1.9177960942889209,52.486628036329513,0,null],[-1.9177980425063388,52.486624892086226,0,null],[-1.9178002350412249,52.486621028812571,0,null],[-1.9178592735472135,52.486540093440112,0,null],[-1.9180048588387659,52.486340494528626,0,null],[-1.9180081475082464,52.486334745011632,0,null],[-1.9180083923214943,52.486333756280686,0,null],[-1.9180091396023946,52.486323870480753,0,null],[-1.9180091456067532,52.486320634977858,0,null],[-1.9180078198042048,52.48631533174035,0,null],[-1.9180066157556599,52.486309489186787,0,null],[-1.9180706794869811,52.486202313555694,0,null],[-1.9181015309317269,52.486196403459395,0,null],[-1.9181054169564771,52.486195686967946,0,null],[-1.9181059035776149,52.486195327706604,0,null],[-1.9181129509982839,52.486192366814159,0,null],[-1.918117083996818,52.486189493789468,0,null],[-1.9181197611037417,52.486186350049039,0,null],[-1.9182539125800133,52.485996987882345,0,null],[-1.918459269827727,52.485710072196355,0,null],[-1.9184626776299518,52.485705940053336,0,null],[-1.9184637740935233,52.485703874009523,0,null],[-1.9184637812257321,52.485700009205807,0,null],[-1.9184628204398098,52.485693987024781,0,null],[-1.9185223893607706,52.485586808022063,0,null],[-1.9185352644225087,52.485584210748094,0,null],[-1.9185407317791212,52.485582776137832,0,null],[-1.9185474125497695,52.485580534166353,0,null],[-1.9185520300863685,52.485578379764696,0,null],[-1.9185615107612581,52.485573443627899,0,null],[-1.9185660072314061,52.485570660739462,0,null],[-1.918572086086819,52.485566620345594,0,null],[-1.9185759763543588,52.485563567335895,0,null],[-1.9185792617438246,52.48555952590371,0,null],[-1.9185833984445144,52.485555394262477,0,null],[-1.9185888770750215,52.485547039141913,0,null],[-1.9186501168466912,52.485455859867052,0,null],[-1.9186832380165382,52.485402945983424,0,null],[-1.9187231777456817,52.485340061485161,0,null],[-1.9187837053838555,52.485239443923795,0,null],[-1.918822058810876,52.485180602902737,0,null],[-1.9188522650378332,52.48512867675538,0,null],[-1.9188712698832546,52.485093369002335,0,null],[-1.9188921072982983,52.485052040997218,0,null],[-1.9189045317058226,52.485030120225211,0,null],[-1.9189094086308369,52.485018979565709,0,null],[-1.9189174644725786,52.484995976973131,0,null],[-1.9189211281870469,52.484983936473512,0,null],[-1.9189268702660571,52.484964347590811,0,null],[-1.9189283556280898,52.484949339779675,0,null],[-1.9189283940505408,52.484928399355049,0,null],[-1.9189255181396516,52.484907545919455,0,null],[-1.9189225061443003,52.484895051309472,0,null],[-1.9189205796877298,52.484886422258093,0,null],[-1.9189134533574725,52.484865925488016,0,null],[-1.9189048685405206,52.484846597311737,0,null],[-1.9188940999625301,52.484826457625772,0,null],[-1.9188806582201325,52.484807394894467,0,null],[-1.9188714512298553,52.484796514206799,0,null],[-1.918854971309474,52.484778437376548,0,null],[-1.9188363064654343,52.484760989234175,0,null],[-1.9188164244787389,52.484744797951052,0,null],[-1.9187942355164591,52.484729144470386,0,null],[-1.9187613686082146,52.48470898948829,0,null],[-1.9188708024640686,52.484620539524521,0,null],[-1.9190293534231446,52.484693806139475,0,null],[-1.9190293534231446,52.484693806139475,0,null],[-1.9190294741713931,52.484693806222737,0,null],[-1.9190321669325576,52.484682034750143,0,null],[-1.9190391222846417,52.484663255799298,0,null],[-1.9190488689039398,52.484644838373029,0,null],[-1.9190504528981691,52.484641873657587,0,null],[-1.9190618981572987,52.484623817001918,0,null],[-1.9190757717770057,52.484606480321155,0,null],[-1.9190926779871187,52.48458959522921,0,null],[-1.9191014335970511,52.484582411942952,0,null],[-1.9191190617831435,52.484569302253739,0,null],[-1.9191386315662158,52.484557362601464,0,null],[-1.9191391166883343,52.484557003334729,0,null],[-1.919138267529171,52.484556733049409,0,null],[-1.919082325275661,52.484540966474121,0,null],[-1.9192668145718288,52.484438815804971,0,null],[-1.9193014100292685,52.484442974095458,0,null],[-1.9193516643877706,52.484447952233417,0,null],[-1.9194062925092776,52.484451943550866,0,null],[-1.9194598311323994,52.484454227790081,0,null],[-1.9194632312079298,52.48445423012214,0,null],[-1.9195167708221645,52.48445516493431,0,null],[-1.919563030403139,52.484454388429711,0,null],[-1.9195691018147298,52.484454302688448,0,null],[-1.9196222834381615,52.484452091599771,0,null],[-1.919674617855434,52.484448532303681,0,null],[-1.9197265908339385,52.484443715033592,0,null],[-1.9197410417603635,52.484442376409064,0,null],[-1.9197948380348908,52.48443576325031,0,null],[-1.9198486382136208,52.48442780066781,0,null],[-1.9199011045729846,52.484418040046002,0,null],[-1.9199462869608555,52.484408723935992,0,null],[-1.9199957229557014,52.484397254001358,0,null],[-1.9200443110564132,52.484383985464724,0,null],[-1.9201106390790099,52.484363180060043,0,null],[-1.9201566840079112,52.484346674238694,0,null],[-1.9201820753334098,52.484337434478959,0,null],[-1.9202250861283181,52.48431966886448,0,null],[-1.9202785491286078,52.484296876819542,0,null],[-1.9203327425793977,52.484272378041204,0,null],[-1.9203846303055216,52.484246888772297,0,null],[-1.9204221917867264,52.484221389771562,0,null],[-1.9205877566318053,52.484108349881836,0,null],[-1.920727154609758,52.484030253383551,0,null],[-1.9209784527529243,52.483906215771007,0,null],[-1.9211518023931946,52.483782845398309,0,null],[-1.9211601929688955,52.483775301213853,0,null],[-1.921166886510405,52.483766498185375,0,null],[-1.921172244804805,52.483757514459597,0,null],[-1.9211756611503259,52.483747540527474,0,null],[-1.9211760288982083,52.483746102371079,0,null],[-1.9211747101674155,52.483736664660995,0,null],[-1.9211703945959582,52.483705924878265,0,null],[-1.9213412414714133,52.483623714222539,0,null],[-1.9213582432227763,52.483621119404525,0,null],[-1.9213703888145144,52.483618431431466,0,null],[-1.9213822953131361,52.483614394793442,0,null],[-1.9213952946920594,52.483609370882299,0,null],[-1.9214051365412042,52.483604614556619,0,null],[-1.9214180202848625,52.483596713757805,0,null],[-1.9214884064830966,52.483545891696878,0,null],[-1.9215856573804946,52.483475675380987,0,null],[-1.9216290560145004,52.483444338165377,0,null],[-1.9216836392840546,52.483404919171548,0,null],[-1.9216882589868802,52.483401327142516,0,null],[-1.9217506255142354,52.483353735982867,0,null],[-1.9217588927726474,52.483347540174101,0,null],[-1.9218802196888716,52.483255589191657,0,null],[-1.9219171810494231,52.48322541538964,0,null],[-1.921951828343329,52.483199824950077,0,null],[-1.9219767519100801,52.483179709256142,0,null],[-1.9220099429581483,52.483153217930017,0,null],[-1.9220408241997533,52.483128073564323,0,null],[-1.9220732869678951,52.483102032136827,0,null],[-1.9221011292259271,52.483079222245316,0,null],[-1.9222897139613961,52.482919100937899,0,null],[-1.9222989558511776,52.482910389428099,0,null],[-1.9223058883583486,52.482903653295672,0,null],[-1.9224259722391364,52.482758495256824,0,null],[-1.9224360714159019,52.482745380089121,0,null],[-1.9224436129005298,52.482737296746009,0,null],[-1.9225383281862269,52.482657640233732,0,null],[-1.9225485419608193,52.482648839445133,0,null],[-1.9226657063677481,52.482574950357041,0,null],[-1.9227240438178932,52.482538948661748,0,null],[-1.9227409381525431,52.482528445048217,0,null],[-1.9227436125086959,52.482526558902947,0,null],[-1.9227487181045031,52.482522877251519,0,null],[-1.922758081878192,52.482514255685771,0,null],[-1.9228338333681396,52.482447438594868,0,null],[-1.9229098295261706,52.482380352813642,0,null],[-1.9229401058806554,52.482353589608124,0,null],[-1.9229497117534486,52.482345417687199,0,null],[-1.9230858872733212,52.482229119420303,0,null],[-1.9231717279817209,52.482155837699658,0,null],[-1.9233192110169886,52.482029211626738,0,null],[-1.9234219509002979,52.481941111712011,0,null],[-1.9234242616528539,52.481939135413704,0,null],[-1.9234449301485366,52.481921443937495,0,null],[-1.923467545059288,52.481902135521949,0,null],[-1.9235831706812323,52.481803259430436,0,null],[-1.9236468813715946,52.481749016413119,0,null],[-1.9237696789033982,52.481644751684868,0,null],[-1.9237781892080772,52.481637297287357,0,null],[-1.9239400187456492,52.481497198300886,0,null],[-1.9239457327742604,52.481492349186915,0,null],[-1.9239746694564244,52.481467292949901,0,null],[-1.9239871933706758,52.481456515725739,0,null],[-1.9240530905369961,52.481400027294825,0,null],[-1.9241631225328302,52.481305550324294,0,null],[-1.9242068916769812,52.481267921170179,0,null],[-1.9242194154763292,52.481257144820027,0,null],[-1.9242575916129316,52.48122418505185,0,null],[-1.9243977755265824,52.481103574425234,0,null],[-1.9244110281468518,52.481091898622203,0,null],[-1.9245660428633016,52.480958355300181,0,null],[-1.9245826982673129,52.480944884558149,0,null],[-1.924585620149003,52.480940213419096,0,null],[-1.9245915851101496,52.480930600618819,0,null],[-1.9245985227820093,52.480920449041498,0,null],[-1.924601083642403,52.480913350362492,0,null],[-1.9246053589360075,52.480898164456462,0,null],[-1.9246053742660547,52.480889177135076,0,null],[-1.9246063593025593,52.480880550037796,0,null],[-1.9247159493049892,52.480758839667146,0,null],[-1.9247455771863016,52.480755353457226,0,null],[-1.9247601481005638,52.480753655593347,0,null],[-1.9247674347041186,52.480752132858818,0,null],[-1.9247835883215552,52.480747918798635,0,null],[-1.9248029009182646,52.480742449055448,0,null],[-1.9248112835624258,52.480738859313959,0,null],[-1.924817843613629,52.480735987606586,0,null],[-1.9248244081943793,52.48073131789603,0,null],[-1.9248815513961437,52.480681654012869,0,null],[-1.9249200885438968,52.480649683162049,0,null],[-1.9249367438758658,52.480636122469136,0,null],[-1.9249655869198341,52.480594439767394,0,null],[-1.9249927231862574,52.480556350180905,0,null],[-1.9250192608052241,52.480514395392106,0,null],[-1.9250336046882737,52.480503260516187,0,null],[-1.9250909927422675,52.4804521582818,0,null],[-1.925105701944801,52.480440034727017,0,null],[-1.925114454127502,52.480432939987459,0,null],[-1.925131235788889,52.480416863038187,0,null],[-1.9251581042045249,52.480393333492749,0,null],[-1.9251852157933793,52.480370522399447,0,null],[-1.9252069799264426,52.480350135199679,0,null],[-1.9252447675559228,52.480331824112859,0,null],[-1.9253108671693242,52.480297354378365,0,null],[-1.9253514489903651,52.480276619525817,0,null],[-1.9253631163298612,52.480268718418401,0,null],[-1.9253708955521309,52.480263150446781,0,null],[-1.9253800132639991,52.480255787117947,0,null],[-1.925401897336297,52.480236657663298,0,null],[-1.9254432350270247,52.480199835602214,0,null],[-1.9255621346968601,52.480098622221796,0,null],[-1.925612950109584,52.480056412993591,0,null],[-1.9256629194471542,52.480012945502175,0,null],[-1.9257137390445842,52.479968130023174,0,null],[-1.9257651696499327,52.479921517801614,0,null],[-1.9258048079179924,52.479884514736625,0,null],[-1.925840682907815,52.479846520376583,0,null],[-1.9258620884962352,52.47982361561963,0,null],[-1.9258951658859895,52.479789124687784,0,null],[-1.9259269109078565,52.479753644901145,0,null],[-1.9259584103800778,52.47971969145793,0,null],[-1.9259907670674206,52.479680257325505,0,null],[-1.9260232452712818,52.479642080965782,0,null],[-1.9260467221769422,52.479613965061013,0,null],[-1.9260637568306218,52.479590608909362,0,null],[-1.9260844335375875,52.479566714748614,0,null],[-1.926103414383872,52.479541741611577,0,null],[-1.9261188660959589,52.479521080564908,0,null],[-1.9261313970727396,52.479504551293431,0,null],[-1.9261416191604575,52.479489908473674,0,null],[-1.9261541547445287,52.479471492195238,0,null],[-1.9261724074695865,52.479445170083935,0,null],[-1.9261857987354294,52.479423069326941,0,null],[-1.9261994253032497,52.479404653729802,0,null],[-1.92620052019823,52.479403216013559,0,null],[-1.9262136707468172,52.479379767496262,0,null],[-1.9262307113725869,52.479352725410926,0,null],[-1.9262534758149736,52.47931463367793,0,null],[-1.9262667443463144,52.479292801636056,0,null],[-1.9262784368647488,52.479270430998604,0,null],[-1.9262962144667153,52.479238446647479,0,null],[-1.9263167936680585,52.479200442530257,0,null],[-1.9263389627306036,52.479155518881569,0,null],[-1.926340302349522,52.479153003412911,0,null],[-1.9263630945920505,52.479098103913259,0,null],[-1.9263867436570237,52.479038801629073,0,null],[-1.9264073503657999,52.478984171348628,0,null],[-1.9264283366757906,52.478920822769894,0,null],[-1.9264198200270877,52.478859253695681,0,null],[-1.9264094818158894,52.478797862379409,0,null],[-1.9264132915027945,52.478770003762413,0,null],[-1.9264185736124366,52.478733248634427,0,null],[-1.9264244945018474,52.47867627172959,0,null],[-1.9264252333315497,52.478670250669737,0,null],[-1.9264265908809417,52.47865694987027,0,null],[-1.9264295502580011,52.47862954022051,0,null],[-1.9264302891100191,52.478622620157431,0,null],[-1.9264312752108788,52.478613993042366,0,null],[-1.9264452119553883,52.478554953453646,0,null],[-1.9264509822742724,52.478516761122854,0,null],[-1.9264518476607246,52.478507234928593,0,null],[-1.9264543233857099,52.47847847646959,0,null],[-1.9264551145633539,52.478440100317407,0,null],[-1.9264513231110267,52.478384465825187,0,null],[-1.9264456815389339,52.478346175540395,0,null],[-1.9264382185588647,52.478307974013518,0,null],[-1.9264203632009389,52.47824100595745,0,null],[-1.9264038099268781,52.47819408109266,0,null],[-1.9263902754043778,52.478157493959174,0,null],[-1.9263804764907924,52.478136637229454,0,null],[-1.926369464096551,52.478115958639016,0,null],[-1.9263569952875099,52.47809545983305,0,null],[-1.926343190199542,52.478075498689819,0,null],[-1.9263179929578949,52.478043667144824,0,null],[-1.9263009072547932,52.478024782740256,0,null],[-1.9262573964999894,52.47798377254172,0,null],[-1.9262327915680335,52.47796056998363,0,null],[-1.9261799431248354,52.477913622261802,0,null],[-1.9261797004933432,52.47791344230852,0,null],[-1.9261636983498136,52.477899950787027,0,null],[-1.9261394521915927,52.477880612351036,0,null],[-1.9261188441984276,52.477863882411299,0,null],[-1.9260933870285357,52.477842386494366,0,null],[-1.926068179428458,52.477816936013653,0,null],[-1.9260399402838533,52.477789776409438,0,null],[-1.9260221301839551,52.477769274200263,0,null],[-1.9260071049788805,52.477752727560954,0,null],[-1.9259922110137249,52.477730788780676,0,null],[-1.9259759806604975,52.477708579454386,0,null],[-1.9259670225009562,52.477694013545303,0,null],[-1.9259557613067968,52.477677020671358,0,null],[-1.9259497148945872,52.477663625302512,0,null],[-1.9259218867184398,52.477608335215969,0,null],[-1.9259026575807696,52.477564913800542,0,null],[-1.9258776319737076,52.477503962650303,0,null],[-1.9258665171783553,52.477472589402367,0,null],[-1.9258577101279342,52.477439959006688,0,null],[-1.9258487885773035,52.477402745418736,0,null],[-1.9258447043948299,52.477377308234928,0,null],[-1.9258444652345748,52.477375061474412,0,null],[-1.9258420636519287,52.477359421793295,0,null],[-1.9258407426026252,52.47735088312352,0,null],[-1.9258356895811455,52.477323737220495,0,null],[-1.9258307492654887,52.477302254210564,0,null],[-1.9258301436202014,52.47730081632136,0,null],[-1.925821444655929,52.477276633925008,0,null],[-1.9258046321049425,52.477240044646479,0,null],[-1.925793747984569,52.477216041565832,0,null],[-1.9257896333758531,52.477208758834358,0,null],[-1.9257691716447125,52.477176210959684,0,null],[-1.9257591204669877,52.477162094742773,0,null],[-1.9257490685422298,52.477148427127183,0,null],[-1.9257369513048059,52.477134579301982,0,null],[-1.9256946579863676,52.477091861554065,0,null],[-1.9256933260968399,52.477089793901861,0,null],[-1.9256567214921112,52.477056876182317,0,null],[-1.9256224212882369,52.477025578118045,0,null],[-1.9256102984895975,52.477015953794059,0,null],[-1.9255815664195235,52.476993466783888,0,null],[-1.9255626553410785,52.476978356026933,0,null],[-1.9255330709360601,52.476957576570648,0,null],[-1.9254908717487598,52.476930856574228,0,null],[-1.9254855356163254,52.476927707572948,0,null],[-1.9254588567410378,52.476911782763374,0,null],[-1.9254178635204855,52.476889378723193,0,null],[-1.9253858485309077,52.476871202996882,0,null],[-1.9253605007259282,52.476856987117834,0,null],[-1.9253119899344138,52.47683035294277,0,null],[-1.925264086385799,52.476803360432051,0,null],[-1.9252323122134847,52.476785635218,0,null],[-1.9252073249195021,52.476774204648272,0,null],[-1.9251864576839073,52.47676763041958,0,null],[-1.9251661925159664,52.476762854578048,0,null],[-1.9251580624078035,52.476761231187027,0,null],[-1.9251393739536886,52.476758253454349,0,null],[-1.9251211679009803,52.476756444730995,0,null],[-1.9251157069793883,52.476755722043642,0,null],[-1.9250920357440628,52.476755706936146,0,null],[-1.9249529753205832,52.476653071461428,0,null],[-1.9249520200454644,52.476644263313531,0,null],[-1.9249488760080984,52.476636891272406,0,null],[-1.9249447615927964,52.47662960851094,0,null],[-1.9249395555700184,52.476620977444902,0,null],[-1.9249301011341453,52.476612883063105,0,null],[-1.9249217354647596,52.476606945187434,0,null],[-1.9249120330731873,52.476601816458029,0,null],[-1.924903301923655,52.476596958050344,0,null],[-1.9248892320344502,52.476589668915786,0,null],[-1.9248535789062573,52.476569244106123,0,null],[-1.9248272629031358,52.476554038588226,0,null],[-1.9247899098208323,52.476533343868269,0,null],[-1.9247552251717399,52.476513998453626,0,null],[-1.9247312135231005,52.476500411698957,0,null],[-1.9246884045502721,52.476476118332386,0,null],[-1.9246364997205316,52.476446785588834,0,null],[-1.9246033950053714,52.476426543039452,0,null],[-1.9245115948163845,52.476373098501142,0,null],[-1.924425493251442,52.476323522377029,0,null],[-1.9243490958251535,52.476278086063722,0,null],[-1.9242321925009183,52.476211053765518,0,null],[-1.9240807285238462,52.476123328211017,0,null],[-1.9240512607929816,52.476106503173035,0,null],[-1.9239953549951683,52.476074741146412,0,null],[-1.9239782559024081,52.476064663929037,0,null],[-1.9239629782277099,52.476055307092068,0,null],[-1.9239322962911225,52.476038300537866,0,null],[-1.9237799832414308,52.475951023547026,0,null],[-1.9236608961399055,52.475883539760233,0,null],[-1.9235777069491511,52.475835762916049,0,null],[-1.9235128279227725,52.475799230996692,0,null],[-1.923495850309676,52.475789693190386,0,null],[-1.92344794293248,52.47576620515165,0,null],[-1.9234042854299775,52.475742179565785,0,null],[-1.9233666815914452,52.475726786553032,0,null],[-1.9232794633459311,52.475692667227079,0,null],[-1.9231983095857581,52.475660978215735,0,null],[-1.9231627774628395,52.475641273074132,0,null],[-1.9231027624738737,52.475600160992087,0,null],[-1.9230635925782797,52.475578744431203,0,null],[-1.9230106028067473,52.475546355443925,0,null],[-1.9229948371126633,52.475537626564467,0,null],[-1.9229768943642389,52.475525302037752,0,null],[-1.9229627069170365,52.475516575088641,0,null],[-1.9228093536828745,52.475401525034833,0,null],[-1.9227716529759176,52.475372740213508,0,null],[-1.9227598898483189,52.475365991746031,0,null],[-1.9227488587690094,52.475357356751076,0,null],[-1.9227333365542318,52.475348359197454,0,null],[-1.9227153909388028,52.475337741840107,0,null],[-1.922697561914545,52.475328652862594,0,null],[-1.9226788889744277,52.475317226816657,0,null],[-1.9225628414145832,52.475249384339477,0,null],[-1.9224062900441861,52.475159047088262,0,null],[-1.9223987736537285,52.475153559996748,0,null],[-1.9223963486387723,52.475152030087784,0,null],[-1.9223808197929326,52.475146897299147,0,null],[-1.9223788790362171,52.475146266713452,0,null],[-1.9223626202395752,52.475142660846529,0,null],[-1.9223605572889468,52.475142030179718,0,null],[-1.9223570381542159,52.475141488450028,0,null],[-1.9223483014133476,52.475140135064819,0,null],[-1.9223357992598189,52.47513931769079,0,null],[-1.9223236600099811,52.475139759160328,0,null],[-1.9223160120329115,52.475140473301998,0,null],[-1.9222987692777767,52.475143877203728,0,null],[-1.922293790438014,52.475144592211684,0,null],[-1.9222863819054496,52.475147284317437,0,null],[-1.9222801845922406,52.475151054230743,0,null],[-1.9222524792720352,52.475167573051763,0,null],[-1.9221269557403475,52.475104937191567,0,null],[-1.92214226906701,52.475093623502218,0,null],[-1.9221462825603004,52.475089311846723,0,null],[-1.922149447054909,52.475084730826069,0,null],[-1.92215650821842,52.475072781460383,0,null],[-1.9221582158965773,52.475068648975082,0,null],[-1.9221588363527018,52.4750607399545,0,null],[-1.9221588423556533,52.475057324644524,0,null],[-1.9221575236407586,52.4750478869312,0,null],[-1.9221564374162305,52.475044380996593,0,null],[-1.9221518394918014,52.475036109813075,0,null],[-1.9221484475676613,52.475031883146542,0,null],[-1.9221408128777784,52.475025048354041,0,null],[-1.9221340253984482,52.475018662725724,0,null],[-1.9221279671936689,52.475012816083854,0,null],[-1.9221134197315066,52.4750022017883,0,null],[-1.9220976567507957,52.474992125187377,0,null],[-1.922082500378816,52.47498285809003,0,null],[-1.9220142296015688,52.47494335729337,0,null],[-1.9218967264229492,52.474876413097782,0,null],[-1.9217812825150433,52.474811536067399,0,null],[-1.9216643844755485,52.474744951645462,0,null],[-1.9215460299794525,52.474678814737381,0,null],[-1.9214474423250287,52.474623924885663,0,null],[-1.9213298156155267,52.474558687251573,0,null],[-1.9212849477228835,52.474533582172903,0,null],[-1.9212763404814837,52.474527375075809,0,null],[-1.9212711264824447,52.474524585567757,0,null],[-1.921255240904745,52.474515766478099,0,null],[-1.921239962837314,52.474506409290768,0,null],[-1.9212197109785596,52.474495791058203,0,null],[-1.9212067357051148,52.474488771921791,0,null],[-1.9211876940764392,52.474479771803189,0,null],[-1.9211737482814468,52.47447212270923,0,null],[-1.9211662284799789,52.474468702345959,0,null],[-1.9211532485817,52.474464290310621,0,null],[-1.9211354189782508,52.474456728504123,0,null],[-1.9210431154279906,52.474417661401425,0,null],[-1.9209232755674448,52.474368149041389,0,null],[-1.9208149619066124,52.47432268984992,0,null],[-1.9207224169704837,52.474283082033317,0,null],[-1.9205655848691907,52.474218626263983,0,null],[-1.9205521223442801,52.474212505729632,0,null],[-1.9205415673009023,52.474208903472139,0,null],[-1.9205319837638994,52.474206200874718,0,null],[-1.9205160924770937,52.474200707994839,0,null],[-1.9204961977866335,52.474193863896865,0,null],[-1.9204864927094281,52.474190801612089,0,null],[-1.9204749655668207,52.474188277494513,0,null],[-1.9204634371356955,52.474186471678742,0,null],[-1.920445231700155,52.474185830042501,0,null],[-1.9204262939596835,52.474186356611703,0,null],[-1.9204143952775909,52.474188236454459,0,null],[-1.9202248876970478,52.474136609336242,0,null],[-1.9202207817121979,52.474125192798333,0,null],[-1.920214850265286,52.474116200531277,0,null],[-1.920208068719627,52.474107568186611,0,null],[-1.9202015237580552,52.474101632113786,0,null],[-1.9201986174401786,52.474098484525392,0,null],[-1.9201880690921902,52.474091197225675,0,null],[-1.9201764301802688,52.474083730281933,0,null],[-1.9201710937865628,52.474081120442904,0,null],[-1.9201556900306782,52.474074728842645,0,null],[-1.9201396786058571,52.474068965230508,0,null],[-1.9201154178126907,52.474059512786852,0,null],[-1.9200905511541886,52.474050507629656,0,null],[-1.920057556199281,52.474038442119713,0,null],[-1.9200245620851597,52.474026736202525,0,null],[-1.920010005223312,52.474021782666725,0,null],[-1.9200001786736183,52.474018361556944,0,null],[-1.9199634195786208,52.474007820863079,0,null],[-1.9199517726063211,52.474004847111168,0,null],[-1.9199270189315252,52.474000156314389,0,null],[-1.919901292481573,52.473996095050317,0,null],[-1.9198775104576833,52.473991404905981,0,null],[-1.9198567613061897,52.473987436029709,0,null],[-1.9198135637810827,52.473978868702474,0,null],[-1.9197897806361246,52.473974807842211,0,null],[-1.9197678182508926,52.473970119817821,0,null],[-1.9197519238869283,52.47396642394127,0,null],[-1.9197361525311831,52.473962278644926,0,null],[-1.9197158919941755,52.473956782671046,0,null],[-1.9196940536041431,52.473950296710797,0,null],[-1.9196604526231194,52.473938859978205,0,null],[-1.919626971232232,52.473927243517252,0,null],[-1.9195859671785236,52.473914721992983,0,null],[-1.9195453269379663,52.473902111702465,0,null],[-1.9195029906008552,52.473887972828393,0,null],[-1.919461140435486,52.473872845368795,0,null],[-1.9194444025683186,52.473865913358907,0,null],[-1.9194274229415262,52.473858351878327,0,null],[-1.9194115379648264,52.473849533440671,0,null],[-1.9193956521765025,52.473841164502083,0,null],[-1.9193829224174128,52.473832976629772,0,null],[-1.9193694632790299,52.473825148755665,0,null],[-1.9193648553646849,52.473821910078065,0,null],[-1.919360370295633,52.473819120986377,0,null],[-1.9193529726078544,52.473815071289373,0,null],[-1.9193356349509505,52.473804454735863,0,null],[-1.9193242391675787,52.473796986976346,0,null],[-1.9193195129970113,52.473792399710483,0,null],[-1.919314783061286,52.47378988014988,0,null],[-1.919306415054711,52.473785919683586,0,null],[-1.9192967108017143,52.473782498599498,0,null],[-1.9192797297574549,52.473775746199891,0,null],[-1.9192622619173032,52.473769532865262,0,null],[-1.9192449167642351,52.473763049911391,0,null],[-1.9192289057347127,52.473756388071905,0,null],[-1.9192079195786744,52.473749273305749,0,null],[-1.9191858433702049,52.473740900079825,0,null],[-1.9191587977816209,52.473728928313918,0,null],[-1.9191323590730303,52.473716776260069,0,null],[-1.9190998548733615,52.473702284410798,0,null],[-1.9190686867768001,52.473687343971683,0,null],[-1.9190443114443969,52.473675553820563,0,null],[-1.9190192074066441,52.47366295405876,0,null],[-1.9190006525557108,52.473653863124746,0,null],[-1.9189824641228896,52.473644055035813,0,null],[-1.9189605177706028,52.473630738237183,0,null],[-1.9189408776646177,52.473617782627798,0,null],[-1.9189127471051837,52.473601855340355,0,null],[-1.918883280329835,52.473585657422191,0,null],[-1.9188466610127786,52.473565051235006,0,null],[-1.9188090679583765,52.473545612168842,0,null],[-1.9187829922536963,52.473533910688651,0,null],[-1.9187550935031781,52.473524094949887,0,null],[-1.9187328900274874,52.473518596564695,0,null],[-1.9187105645182292,52.473513818192671,0,null],[-1.9186861733743352,52.473510745593892,0,null],[-1.9186750086513851,52.473509029756258,0,null],[-1.9186445461178661,52.473506851947889,0,null],[-1.9186131127688022,52.473505033060285,0,null],[-1.9185604375440353,52.473502390332705,0,null],[-1.9185078822018296,52.473501005370757,0,null],[-1.9184106592104329,52.473499140759408,0,null],[-1.9183604092895599,52.473497757333583,0,null],[-1.9183110111112378,52.473495925876094,0,null],[-1.9182538451459936,52.473493638590753,0,null],[-1.9182442557859705,52.473493452114958,0,null],[-1.9180500678790962,52.473416204778779,0,null],[-1.9180484985261286,52.473411439865075,0,null],[-1.9180478931550438,52.473410811039571,0,null],[-1.9180294670756608,52.473397496535483,0,null],[-1.9180032723520914,52.473384985712677,0,null],[-1.9179815709157169,52.473370769912826,0,null],[-1.9179619344680199,52.473356017047188,0,null],[-1.9179423006970748,52.473339825774602,0,null],[-1.9179243671501018,52.473322917382198,0,null],[-1.91791019294937,52.473308706825009,0,null],[-1.9178968672225798,52.473294228056766,0,null],[-1.9178813607836958,52.473278399258326,0,null],[-1.9178667053217104,52.473260952846182,0,null],[-1.917857629786166,52.473245667940034,0,null],[-1.9178490370717338,52.473232000677903,0,null],[-1.917844921430951,52.473226156076777,0,null],[-1.9178395917572617,52.473220040925902,0,null],[-1.9178364412740574,52.473216893110568,0,null],[-1.9178347448976723,52.47321554431857,0,null],[-1.9178261328597619,52.473212302784916,0,null],[-1.9177399286536438,52.473094236594548,0,null],[-1.9177399666954493,52.473073745634096,0,null],[-1.9177371008502093,52.473048129220423,0,null],[-1.9177327805479434,52.473021702685571,0,null],[-1.9177270311558388,52.472980805688522,0,null],[-1.9177204290329337,52.472940896998018,0,null],[-1.9177146578269293,52.472910965130815,0,null],[-1.9177080371986561,52.47288103176961,0,null],[-1.9177051731893489,52.47285523555508,0,null],[-1.9177008491138354,52.472830067620706,0,null],[-1.9176977161645243,52.472818292076916,0,null],[-1.917695785614703,52.472811460096345,0,null],[-1.9176908428050794,52.472793661759439,0,null],[-1.9176881820099061,52.472788447473846,0,null],[-1.9176781423261657,52.472770016265052,0,null],[-1.9176660370310312,52.472752481713293,0,null],[-1.9176590132858262,52.472743039953627,0,null],[-1.9176441133063946,52.472727391349622,0,null],[-1.9176286045052018,52.472712191818978,0,null],[-1.9176109091808955,52.472698787862072,0,null],[-1.9175917549709844,52.472685382879924,0,null],[-1.9175713858524637,52.472673775049977,0,null],[-1.9175479806804125,52.472662434788376,0,null],[-1.917524572844481,52.472652532026963,0,null],[-1.9175101375334935,52.472647489277193,0,null],[-1.9174773825704809,52.472637849648692,0,null],[-1.9174435335825084,52.472629916450664,0,null],[-1.9174085901319913,52.472622342974567,0,null],[-1.9173726758819987,52.47261512750832,0,null],[-1.9173035147329811,52.472601597423065,0,null],[-1.9172788830684377,52.47259672727337,0,null],[-1.9172546149914316,52.472592665578659,0,null],[-1.9172355648232895,52.472589057054165,0,null],[-1.9172172420250664,52.472586168241598,0,null],[-1.9171669967980494,52.472583526640392,0,null],[-1.9171001217985852,52.472580333890939,0,null],[-1.9170582458811167,52.472580753857642,0,null],[-1.9170252328473896,52.472579292157519,0,null],[-1.9170004757967714,52.472576938172402,0,null],[-1.9169758436308875,52.472573145864708,0,null],[-1.9168541426083416,52.472550591065946,0,null],[-1.9168467417397286,52.472549238225604,0,null],[-1.9168252645679218,52.47254535821768,0,null],[-1.9168159211518256,52.472543643500764,0,null],[-1.9167831593227846,52.472537778591914,0,null],[-1.916736324319823,52.472529297497253,0,null],[-1.916604554127588,52.472503589698448,0,null],[-1.9165083367839924,52.472484647733395,0,null],[-1.9164682943999076,52.472477698763356,0,null],[-1.9164411412169775,52.472458715890234,0,null],[-1.9164232004389805,52.4724461206863,0,null],[-1.9163939578788307,52.472441426876259,0,null],[-1.9163645872045874,52.472439877681992,0,null],[-1.9163352097459347,52.472441924489459,0,null],[-1.9163157826926536,52.472445415878582,0,null],[-1.9163115320689639,52.47244649075833,0,null],[-1.9162921004305069,52.472452408550581,0,null],[-1.9162799528098531,52.472457613222602,0,null],[-1.9162645214184677,52.472466409770554,0,null],[-1.916251513388157,52.472476646448094,0,null],[-1.9162386232401449,52.472489938021816,0,null],[-1.9162319329946702,52.472497393186032,0,null],[-1.9162291287988829,52.472503502613485,0,null],[-1.916228994836997,52.472510512946812,0,null],[-1.9162405929958093,52.47253901152741,0,null],[-1.9161974012443623,52.472529184310126,0,null],[-1.9160387045495086,52.472493300646377,0,null],[-1.916062778165468,52.472472467248267,0,null],[-1.916070808997572,52.472461417935953,0,null],[-1.916074590494635,52.472451535193535,0,null],[-1.916075464586162,52.472438503863799,0,null],[-1.9160731782737761,52.472428436090503,0,null],[-1.9160665256119072,52.472416028690461,0,null],[-1.9160562303183819,52.472404697493658,0,null],[-1.9160430177611494,52.472395430122859,0,null],[-1.9160322290135503,52.472388143188063,0,null],[-1.91601379150576,52.472381389292231,0,null],[-1.9159872256742769,52.472372652677571,0,null],[-1.9159698787401729,52.472367606761665,0,null],[-1.9159204982447393,52.472357056717556,0,null],[-1.915868563262709,52.472349020236813,0,null],[-1.9158430821248045,52.472344328982459,0,null],[-1.9157949116508801,52.472335397059368,0,null],[-1.9157773175828769,52.472332597547918,0,null],[-1.9157199234286681,52.472323299386034,0,null],[-1.9156212737070921,52.47230651256784,0,null],[-1.9156023452900897,52.472303263470259,0,null],[-1.915420338459457,52.472271316965504,0,null],[-1.9153164726580778,52.47225326753756,0,null],[-1.9152289904037787,52.472237476440228,0,null],[-1.9150509864919523,52.472207239462712,0,null],[-1.9149611952571419,52.472191896001853,0,null],[-1.9148785644366411,52.47217736675946,0,null],[-1.9147961781258078,52.472162027634752,0,null],[-1.9147396348388677,52.472152191112798,0,null],[-1.9146840633552078,52.472142264469653,0,null],[-1.914636860602114,52.4721355793885,0,null],[-1.914587835110461,52.472129791968058,0,null],[-1.9145400228371803,52.472123915508682,0,null],[-1.9144908744924016,52.472118486661216,0,null],[-1.9144636933175516,52.472115321281521,0,null],[-1.914421220216598,52.472110347660909,0,null],[-1.9143502258053517,52.472104004751259,0,null],[-1.914282022126679,52.472098652736875,0,null],[-1.9142147870323976,52.472094109593719,0,null],[-1.9141382042861208,52.472090908092973,0,null],[-1.9140613742983057,52.47208995297116,0,null],[-1.9140550618220677,52.472089948358153,0,null],[-1.9139834461670715,52.472091244504391,0,null],[-1.9139119492077676,52.472094337801607,0,null],[-1.913849917040652,52.472098695694775,0,null],[-1.9137873969622463,52.47210413290054,0,null],[-1.91374964345564,52.472106801329282,0,null],[-1.9137254853096226,52.472108580716977,0,null],[-1.9136641785852424,52.472113838946903,0,null],[-1.9135983774871559,52.472121339553183,0,null],[-1.9135325744406109,52.472129829024787,0,null],[-1.9135014929651286,52.472134569986693,0,null],[-1.9134808944400488,52.472054027523313,0,null],[-1.9134008887033636,52.472000493233082,0,null],[-1.9134401205811995,52.471987040661908,0,null],[-1.9134621069438085,52.471977889705926,0,null],[-1.913470489208428,52.471974120958855,0,null],[-1.9134740123813681,52.471972416343817,0,null],[-1.9134783873187808,52.471970261954674,0,null],[-1.9134868906451985,52.471966313494853,0,null],[-1.9134979484131289,52.471959941402552,0,null],[-1.9135077924524311,52.471953926219882,0,null],[-1.9135156955630563,52.471946742702961,0,null],[-1.9135171542942835,52.471945305370475,0,null],[-1.913522146597596,52.471937580310723,0,null],[-1.9135255608919941,52.47192904408859,0,null],[-1.9135283708425463,52.471920148719732,0,null],[-1.9135289848870622,52.471916284356368,0,null],[-1.9135333916141459,52.471897055220289,0,null],[-1.9135333947671784,52.471895437016812,0,null],[-1.9135313540418621,52.471884291472485,0,null],[-1.913527248286699,52.471872963710197,0,null],[-1.9135219281045683,52.471862355156397,0,null],[-1.91351974873636,52.471859656544254,0,null],[-1.9135109059212212,52.471850482905879,0,null],[-1.91350012033465,52.471841847239958,0,null],[-1.9134881199745901,52.471834109682781,0,null],[-1.9134808470463811,52.471829160714087,0,null],[-1.913465204148771,52.471821690175958,0,null],[-1.9134462839053075,52.471813676923055,0,null],[-1.9134358557105144,52.471808996229555,0,null],[-1.9134092907068574,52.471800258141364,0,null],[-1.9132427551714752,52.471741087986352,0,null],[-1.9130875054135548,52.471683363444818,0,null],[-1.9129002373577482,52.471613752648537,0,null],[-1.9128551177781135,52.471596912363879,0,null],[-1.9128309806926724,52.471588086944308,0,null],[-1.9127218214234425,52.471548012042568,0,null],[-1.9126696667742034,52.4715289198585,0,null],[-1.9125174528809339,52.471471736230711,0,null],[-1.9124064743598022,52.471430311182516,0,null],[-1.9123215727200498,52.471399421110895,0,null],[-1.91229319037089,52.471389064112707,0,null],[-1.9121833030027533,52.471349167975774,0,null],[-1.9121475226736646,52.471336199209702,0,null],[-1.9120281764964306,52.471292251250055,0,null],[-1.9119335717743842,52.471257398930604,0,null],[-1.9118988831717487,52.471244790508464,0,null],[-1.9117791724355349,52.471201561229108,0,null],[-1.9117709242790806,52.471198589231918,0,null],[-1.911763888640504,52.471196606148084,0,null],[-1.9117581855147312,52.471195972568047,0,null],[-1.911747503978132,52.471195964555243,0,null],[-1.9117373044809587,52.471197844809708,0,null],[-1.911726983915327,52.47119990387408,0,null],[-1.9115061071164101,52.471125322046227,0,null],[-1.9115003033521789,52.471114622240229,0,null],[-1.911491581439875,52.471105628344432,0,null],[-1.911481890137922,52.471096274117357,0,null],[-1.9114712262211933,52.471088177761935,0,null],[-1.9114589807821756,52.471081068219725,0,null],[-1.9114068193042864,52.471065930192928,0,null],[-1.9111975636794978,52.471007892807712,0,null],[-1.9111768185534372,52.471002934427901,0,null],[-1.9111560757697865,52.470996807342225,0,null],[-1.9111356982169692,52.470989871426021,0,null],[-1.9111155642848843,52.47098257608917,0,null],[-1.9110822105821879,52.470970328039186,0,null],[-1.9110491014125814,52.470957271061984,0,null],[-1.9108967672851807,52.47090107417791,0,null],[-1.9107744324456897,52.470835732719628,0,null],[-1.9106751328393248,52.470782991074017,0,null],[-1.9104536849815594,52.470692677905724,0,null],[-1.9102487451336783,52.470602018217605,0,null],[-1.9099823396152731,52.470477158943481,0,null],[-1.9098644811757557,52.470419638607154,0,null],[-1.9098580547981185,52.470417117374716,0,null],[-1.9098556275209464,52.470416306412474,0,null],[-1.9098519898212705,52.470414956020029,0,null],[-1.9098462895558024,52.470412973846088,0,null],[-1.9098403458498989,52.470411262085236,0,null],[-1.9098340370724869,52.470409549145344,0,null],[-1.9098277292184498,52.470408106805756,0,null],[-1.9098215417115882,52.470406843459649,0,null],[-1.909816082333081,52.470405850372217,0,null],[-1.9098092866769976,52.470404677358665,0,null],[-1.9098027348394637,52.470403773333551,0,null],[-1.909796303347032,52.470403049200932,0,null],[-1.9097896287786671,52.470402415680915,0,null],[-1.9097829551367742,52.470402050963159,0,null],[-1.9097719110974221,52.470401592993547,0,null],[-1.9096015393418921,52.470323361341926,0,null],[-1.9096002204582676,52.47031608020221,0,null],[-1.9095991329279058,52.470313023655429,0,null],[-1.9095980465039444,52.47031014691008,0,null],[-1.9095965962963377,52.470307359785544,0,null],[-1.9095947813817675,52.470304392580182,0,null],[-1.9095927250482589,52.470301425189326,0,null],[-1.9095905448783725,52.470298547603583,0,null],[-1.9095882452901591,52.470295758927357,0,null],[-1.9095837631533061,52.470291262266301,0,null],[-1.9095808554171176,52.470288563921955,0,null],[-1.9095779489703995,52.470285955478786,0,null],[-1.9095746756151208,52.470283525655233,0,null],[-1.9095714037304248,52.470281096731718,0,null],[-1.9095677682454115,52.470278667528682,0,null],[-1.9095642529214032,52.470276508118786,0,null],[-1.909558433063957,52.47027326813393,0,null],[-1.9095244818569426,52.470257064474993,0,null],[-1.9089479169052639,52.469981692962762,0,null],[-1.9085443873043615,52.469789049158294,0,null],[-1.9084011470219879,52.469740045481963,0,null],[-1.9083066624887284,52.469709055193796,0,null],[-1.9081461294660054,52.469630649329829,0,null],[-1.9080644048148117,52.469591939180049,0,null],[-1.9080428235709259,52.469581047980299,0,null],[-1.9079812543990748,52.469538758406934,0,null],[-1.9078661063816056,52.46946425245536,0,null],[-1.9078374997345164,52.469446703995928,0,null],[-1.9076853301933709,52.469373697180153,0,null],[-1.9075411605601695,52.46930617767589,0,null],[-1.9074176063249308,52.469247572545783,0,null],[-1.907314665493,52.469198059854904,0,null],[-1.907291871471797,52.469187257464782,0,null],[-1.9070282771920177,52.469060505907891,0,null],[-1.906976383053067,52.46903547981951,0,null],[-1.9069379472285453,52.469017025272713,0,null],[-1.9068912673478406,52.468994699379316,0,null],[-1.906829915991046,52.468965261531075,0,null],[-1.9067867524346489,52.468944556585214,0,null],[-1.9066020908697454,52.468856333102131,0,null],[-1.9064050661855976,52.468761268880549,0,null],[-1.9062014927425524,52.468663682807097,0,null],[-1.9059811844826373,52.468560690803606,0,null],[-1.9058382212628311,52.468498653225254,0,null],[-1.905733329058191,52.4684560581345,0,null],[-1.9056973120381655,52.468442099240448,0,null],[-1.9056538984670794,52.46842453839686,0,null],[-1.9056098789789131,52.468407427452135,0,null],[-1.9055650106140425,52.468389415908362,0,null],[-1.9055209911929989,52.468372304930888,0,null],[-1.9054791528809225,52.468356093792131,0,null],[-1.9054365872370467,52.468339971954791,0,null],[-1.9053912303779186,52.468323308457606,0,null],[-1.9053456309938588,52.4683071850489,0,null],[-1.9052979700000519,52.468290070162361,0,null],[-1.9052501859085331,52.468273404659108,0,null],[-1.9052016746808986,52.468256739450254,0,null],[-1.9051541348200083,52.468240164005458,0,null],[-1.9050662022263578,52.468212322039768,0,null],[-1.9049856662246811,52.468188080191773,0,null],[-1.9049572825408165,52.46818005885472,0,null],[-1.9049291416842067,52.468172756010276,0,null],[-1.9049268358293343,52.468172394547203,0,null],[-1.9048945653830394,52.468166077263021,0,null],[-1.9048624142386172,52.468161108570726,0,null],[-1.904812307988283,52.468152530242918,0,null],[-1.904762078620865,52.468144400396788,0,null],[-1.9047105185264315,52.468134921847259,0,null],[-1.9046599265740622,52.468126343062096,0,null],[-1.9046083631222603,52.4681177634683,0,null],[-1.9045557100965649,52.468108643567255,0,null],[-1.9045102178501836,52.468099079949063,0,null],[-1.9044910505097579,52.468094480387521,0,null],[-1.9044660614958395,52.468089157796264,0,null],[-1.9044209348014411,52.46807869543774,0,null],[-1.9043141862262463,52.468052994348866,0,null],[-1.9042532912629258,52.468038565297327,0,null],[-1.9041903314423949,52.468024673037156,0,null],[-1.9041278556754946,52.468011590240266,0,null],[-1.904073508332,52.467999862537063,0,null],[-1.9040184319130598,52.467989033217464,0,null],[-1.9039706340608398,52.467979107912328,0,null],[-1.9039215016336162,52.467969631000436,0,null],[-1.903878798228829,52.467961147320572,0,null],[-1.9038359731635333,52.46795311392637,0,null],[-1.9037544416888046,52.467940464870637,0,null],[-1.90368164850035,52.467928272408393,0,null],[-1.9036279006337724,52.467919869503923,0,null],[-1.9030897192717044,52.467827127207208,0,null],[-1.9030206919755899,52.467813499034897,0,null],[-1.9029549350942394,52.467802750326264,0,null],[-1.9028852919070867,52.467792806579673,0,null],[-1.9028154063633371,52.46778331209353,0,null],[-1.9027077884446972,52.467767495177341,0,null],[-1.9026004154447542,52.467750779363541,0,null],[-1.902475446906966,52.467733150778479,0,null],[-1.9022598470518439,52.467701964532523,0,null],[-1.902169943529842,52.467688768937634,0,null],[-1.9020466786324748,52.467669702912396,0,null],[-1.9020351525436496,52.467667895319558,0,null],[-1.90201792429965,52.46766527477812,0,null],[-1.9019172311910701,52.467646766798062,0,null],[-1.9018159221119901,52.467631943230693,0,null],[-1.9018019751691095,52.467627886989462,0,null],[-1.9017874185160946,52.467624639340428,0,null],[-1.9017724952275514,52.467622110585864,0,null],[-1.9017572067767983,52.467620299827878,0,null],[-1.9017417956394886,52.467619388867114,0,null],[-1.9017262607433918,52.467619196104089,0,null],[-1.9017108460399739,52.467619901542925,0,null],[-1.9016955504491895,52.467621327180218,0,null],[-1.9016804974223087,52.467623561221352,0,null],[-1.9016656840126258,52.46762660456293,0,null],[-1.9016514754694216,52.467630367609814,0,null],[-1.9016378717921474,52.467634850362217,0,null],[-1.9016248744543305,52.467640051922579,0,null],[-1.9016127250572576,52.46764588349167,0,null],[-1.9015317092917834,52.467675474772783,0,null],[-1.9014884800553795,52.467630860680153,0,null],[-1.9009088429873755,52.46751668353302,0,null],[-1.9008125341672111,52.467545452457728,0,null],[-1.9007089692917307,52.467454232524126,0,null],[-1.9006843799153963,52.46743300165258,0,null],[-1.9006651154311194,52.467418065581825,0,null],[-1.9006509364207569,52.46740852690823,0,null],[-1.9006304536273153,52.46739601711225,0,null],[-1.9006091168964905,52.467385574298802,0,null],[-1.9005875368986527,52.467375310177957,0,null],[-1.9005796522716638,52.467372967023678,0,null],[-1.9005523667396038,52.467363417288325,0,null],[-1.9005393899183425,52.467359361732463,0,null],[-1.9005259277459188,52.467355125965277,0,null],[-1.900483231027746,52.46734403580863,0,null],[-1.9004396835913744,52.467333573321199,0,null],[-1.900383526238115,52.467318247351535,0,null],[-1.9003277300248635,52.467303371161783,0,null],[-1.9002490104979721,52.467282632941775,0,null],[-1.9001702905759144,52.467261446067035,0,null],[-1.900091571191173,52.467240708641825,0,null],[-1.9000143076686022,52.467219971499723,0,null],[-1.8998960463080354,52.467188864583044,0,null],[-1.8997782685810614,52.467158117560608,0,null],[-1.8996856023793465,52.467132873900276,0,null],[-1.8996665585583472,52.467128004885275,0,null],[-1.8995724342121316,52.467103208498408,0,null],[-1.8995527841640636,52.467098249048668,0,null],[-1.8995364097810181,52.467094370290013,0,null],[-1.8995203958851801,52.467091211038202,0,null],[-1.8995043844772583,52.467087602285083,0,null],[-1.8994899473275351,52.467084983774157,0,null],[-1.8994671403663195,52.467080471121044,0,null],[-1.8994445752733411,52.46707640727201,0,null],[-1.8994170369364833,52.467071440174941,0,null],[-1.8993901060722591,52.467066024987489,0,null],[-1.8993521328128247,52.467059791268795,0,null],[-1.8993156155500481,52.4670534688807,0,null],[-1.8992955968739165,52.467050755683715,0,null],[-1.8992754584500062,52.467046963579996,0,null],[-1.8992594474460571,52.467043174998416,0,null],[-1.8992444060692044,52.467039567942294,0,null],[-1.8991895811181627,52.467025050767539,0,null],[-1.8991351232762301,52.467009635778993,0,null],[-1.8990235334394363,52.466979972138866,0,null],[-1.898632243923231,52.466876729599605,0,null],[-1.8985527970906075,52.466855990552951,0,null],[-1.8985259909821848,52.466848867180282,0,null],[-1.8984984550799306,52.466842911875219,0,null],[-1.8984960294359818,52.466842190586604,0,null],[-1.8984676398895264,52.46683749314159,0,null],[-1.8984377929432956,52.466833512736862,0,null],[-1.8984256584072505,52.466832693185829,0,null],[-1.8984210471411347,52.466832509414175,0,null],[-1.8983975046517187,52.466831770833714,0,null],[-1.8983846404724793,52.466831400150582,0,null],[-1.8983699561251919,52.466831387498196,0,null],[-1.898348593098014,52.466832177290271,0,null],[-1.898309989576384,52.466836548220513,0,null],[-1.8982885007369024,52.466839585396606,0,null],[-1.8982681032772351,52.466842983110702,0,null],[-1.8982605761689748,52.466844683821535,0,null],[-1.8982452763344047,52.466847996028726,0,null],[-1.898223171223522,52.466855346968686,0,null],[-1.8981235827154901,52.466885458444153,0,null],[-1.8980389320065818,52.466911539041988,0,null],[-1.897761635666912,52.466901952081614,0,null],[-1.8977564209890911,52.466899790857063,0,null],[-1.8977448980319944,52.466896725162051,0,null],[-1.8977167582191281,52.46688969034993,0,null],[-1.8976700714792587,52.466872393523019,0,null],[-1.8976334560474126,52.466856364020963,0,null],[-1.897618544029632,52.466849701164833,0,null],[-1.8976041160901211,52.46684312772819,0,null],[-1.8976011942253415,52.466846989099245,0,null],[-1.8974254896088301,52.466833445799786,0,null],[-1.8973614452638878,52.466659033268378,0,null],[-1.8973489015247995,52.466624870189186,0,null],[-1.8973301537832246,52.466596992919833,0,null],[-1.897322166060353,52.466587099648379,0,null],[-1.8973030364241601,52.466567220457343,0,null],[-1.8972927386744718,52.4665594827758,0,null],[-1.8972812261523255,52.466551922936695,0,null],[-1.8972528637428072,52.466535541801782,0,null],[-1.8972280127853658,52.466523296429095,0,null],[-1.8972026750613515,52.466511501026609,0,null],[-1.8971653323035775,52.466495111144461,0,null],[-1.897076084998274,52.466461600336594,0,null],[-1.8969982320502425,52.46643457042429,0,null],[-1.8969258308306847,52.466411588933262,0,null],[-1.8968637345667008,52.466393200417258,0,null],[-1.8968010304607794,52.466375439738769,0,null],[-1.896737718714278,52.466358218794895,0,null],[-1.8966267394121459,52.466328822228121,0,null],[-1.8965146655757152,52.46630050339855,0,null],[-1.8960918688163368,52.466181497672089,0,null],[-1.895738557371611,52.46608717732051,0,null],[-1.895722196424358,52.466077186638678,0,null],[-1.8956330019888852,52.466022463747478,0,null],[-1.895585216822099,52.466008581329653,0,null],[-1.895512935838628,52.465986408180711,0,null],[-1.8954584845380951,52.465969283401193,0,null],[-1.8954165224755291,52.465956663779011,0,null],[-1.8953601322832616,52.465938459332321,0,null],[-1.8952945299137482,52.465914944371129,0,null],[-1.8952197103557766,52.465888903982062,0,null],[-1.895169747638211,52.465872232557366,0,null],[-1.89511360347364,52.465852769609612,0,null],[-1.8950030164373024,52.465812137944695,0,null],[-1.8946420389390395,52.465677004510631,0,null],[-1.8945253905696855,52.465634210279802,0,null],[-1.8943021416394108,52.465558695697069,0,null],[-1.8942992310356295,52.465557704187304,0,null],[-1.8939862362989688,52.465456853803701,0,null],[-1.8938752736479358,52.465422152357178,0,null],[-1.8937487861373021,52.465383392215877,0,null],[-1.8937024607286053,52.465368970950578,0,null],[-1.8936883935479143,52.465364643965145,0,null],[-1.8936834180590494,52.465364189980143,0,null],[-1.8935296546386822,52.465313093191831,0,null],[-1.8934268105091885,52.465283880762875,0,null],[-1.893314755523781,52.465248998002807,0,null],[-1.8933095440145908,52.465246297183796,0,null],[-1.8926603856750821,52.465044389463756,0,null],[-1.8926236397424094,52.465033211998403,0,null],[-1.8925636108042525,52.465014822205418,0,null],[-1.8924669580123008,52.464985345778288,0,null],[-1.8924276664699871,52.46497326692991,0,null],[-1.8923992899624302,52.464964522532775,0,null],[-1.8921486251279114,52.464887091866153,0,null],[-1.8921383135012226,52.464885644035697,0,null],[-1.892124845897033,52.464884284117531,0,null],[-1.8921123480628625,52.464883014085906,0,null],[-1.8920994859733056,52.464882642721378,0,null],[-1.8920901382618911,52.464883712972792,0,null],[-1.8920784831672877,52.46488576911532,0,null],[-1.8920577212702501,52.464889704827385,0,null],[-1.8920386564270306,52.464894271390037,0,null],[-1.8920273601165245,52.464898304760325,0,null],[-1.8920109611784188,52.464904580962525,0,null],[-1.8919979589077751,52.464911669373656,0,null],[-1.8919915154061218,52.464916337383407,0,null],[-1.891975221049043,52.464929892892059,0,null],[-1.8918083090373092,52.464897295861356,0,null],[-1.8918071223204558,52.464885880150028,0,null],[-1.8918043624557299,52.464873115392486,0,null],[-1.8918009870899146,52.464863495676802,0,null],[-1.8917962779652635,52.464853964637832,0,null],[-1.8917908335612315,52.464846590527969,0,null],[-1.8917853893284364,52.464839754919964,0,null],[-1.8917797000591108,52.464833818088486,0,null],[-1.8917691682041213,52.46482302310438,0,null],[-1.8917568138736511,52.464812945648362,0,null],[-1.8917420321661038,52.464802956762639,0,null],[-1.8917392443226577,52.464801156201055,0,null],[-1.8917273696402277,52.464793596386542,0,null],[-1.8917042184474229,52.464781890812091,0,null],[-1.8916829962975479,52.464775310414382,0,null],[-1.8916095075136683,52.464752685166836,0,null],[-1.891446882495325,52.464704362632624,0,null],[-1.8911932167271555,52.464614793353419,0,null],[-1.8909329391190608,52.464500323162916,0,null]]]},"properties":{"OBJECTID":1,"Shape_Length":11009.889935369116,"Shape_Area":7657464.1480743559,"BCC_P_L_ID":0}}]}